{"docstore/data": {"307c8282-258d-40df-b114-b7286f384366": {"__data__": {"id_": "307c8282-258d-40df-b114-b7286f384366", "embedding": null, "metadata": {"document_title": "HOJA DE DATOS DE SEGURIDAD", "metadata_product": "Identificaci\u00f3n del producto: CLOROX\u00ae TRADICIONAL", "metadata_description": "", "metadata_recommended_use": "Limpieza y desinfecci\u00f3n en general", "metadata_section": "IDENTIFICACI\u00d3N DEL PRODUCTO QU\u00cdMICO Y DE LA EMPRESA"}, "excluded_embed_metadata_keys": [], "excluded_llm_metadata_keys": [], "relationships": {"1": {"node_id": "bc65ec08-5d56-43e9-b9b2-af38c8c5368f", "node_type": "4", "metadata": {"document_title": "HOJA DE DATOS DE SEGURIDAD", "metadata_product": "Identificaci\u00f3n del producto: CLOROX\u00ae TRADICIONAL", "metadata_description": "", "metadata_recommended_use": "Limpieza y desinfecci\u00f3n en general", "metadata_section": "IDENTIFICACI\u00d3N DEL PRODUCTO QU\u00cdMICO Y DE LA EMPRESA"}, "hash": "bbebd054531ed05e6ca76f54d002e5a199c24b088e8ef7b64976844e4048c82e", "class_name": "RelatedNodeInfo"}, "3": {"node_id": "9ef80fc7-17a0-4a54-9f95-86c198087740", "node_type": "1", "metadata": {"document_title": "HOJA DE DATOS DE SEGURIDAD", "metadata_product": "CLOROX TRADICIONAL", "metadata_description": "", "metadata_recommended_use": "Limpieza y desinfecci\u00f3n en general", "metadata_section": "IDENTIFICACI\u00d3N DE LOS PELIGROS"}, "hash": "3782e6e0cca5600c3a8a34facf11aff3a46d5cea1cd47608403377dd77f00fb5", "class_name": "RelatedNodeInfo"}}, "hash": "bbebd054531ed05e6ca76f54d002e5a199c24b088e8ef7b64976844e4048c82e", "text": "- Identificaci\u00f3n del producto: CLOROX\u00ae TRADICIONAL.\n- C\u00f3digo de identificaci\u00f3n: -.\n- Usos recomendados: Limpieza y desinfecci\u00f3n en general.\n- Fabricante: CLOROX CHILE S.A. Ubicado, Av. Am\u00e9rico Vespucio 0701. Quilicura, Santiago, Chile. T: 800 801801.\n- Tel\u00e9fonos de emergencia: Santiago: 02-27301900.\n- Celular: 0 - 93307697.\n- Informaci\u00f3n toxicol\u00f3gica: CITUC 2635 3800.", "start_char_idx": null, "end_char_idx": null, "text_template": "{metadata_str}\n\n{content}", "metadata_template": "{key}: {value}", "metadata_seperator": "\n", "class_name": "TextNode"}, "__type__": "1"}, "9ef80fc7-17a0-4a54-9f95-86c198087740": {"__data__": {"id_": "9ef80fc7-17a0-4a54-9f95-86c198087740", "embedding": null, "metadata": {"document_title": "HOJA DE DATOS DE SEGURIDAD", "metadata_product": "CLOROX TRADICIONAL", "metadata_description": "", "metadata_recommended_use": "Limpieza y desinfecci\u00f3n en general", "metadata_section": "IDENTIFICACI\u00d3N DE LOS PELIGROS"}, "excluded_embed_metadata_keys": [], "excluded_llm_metadata_keys": [], "relationships": {"1": {"node_id": "bec390ee-10ba-43ff-975f-9803bd20a61d", "node_type": "4", "metadata": {"document_title": "HOJA DE DATOS DE SEGURIDAD", "metadata_product": "CLOROX TRADICIONAL", "metadata_description": "", "metadata_recommended_use": "Limpieza y desinfecci\u00f3n en general", "metadata_section": "IDENTIFICACI\u00d3N DE LOS PELIGROS"}, "hash": "3782e6e0cca5600c3a8a34facf11aff3a46d5cea1cd47608403377dd77f00fb5", "class_name": "RelatedNodeInfo"}, "2": {"node_id": "307c8282-258d-40df-b114-b7286f384366", "node_type": "1", "metadata": {"document_title": "HOJA DE DATOS DE SEGURIDAD", "metadata_product": "Identificaci\u00f3n del producto: CLOROX\u00ae TRADICIONAL", "metadata_description": "", "metadata_recommended_use": "Limpieza y desinfecci\u00f3n en general", "metadata_section": "IDENTIFICACI\u00d3N DEL PRODUCTO QU\u00cdMICO Y DE LA EMPRESA"}, "hash": "bbebd054531ed05e6ca76f54d002e5a199c24b088e8ef7b64976844e4048c82e", "class_name": "RelatedNodeInfo"}, "3": {"node_id": "1e192758-11b1-4ee9-90b9-ed26d17c2d79", "node_type": "1", "metadata": {"document_title": "HOJA DE DATOS DE SEGURIDAD", "metadata_product": "CLOROX TRADICIONAL", "metadata_description": "", "metadata_recommended_use": "Limpieza y desinfecci\u00f3n en general", "metadata_section": "IDENTIFICACI\u00d3N DE LOS PELIGROS"}, "hash": "5cca4fbfe277d8480bd6f741be21cb38b0b72441084681db640232276d7041b4", "class_name": "RelatedNodeInfo"}}, "hash": "3782e6e0cca5600c3a8a34facf11aff3a46d5cea1cd47608403377dd77f00fb5", "text": "Clasificaci\u00f3n seg\u00fan NCh 2190: No Clasificado. Clasificaci\u00f3n seg\u00fan NCh 1411/4: El siguiente enlace correponde a la imagen del rombo de seguridad del producto https://i.imgur.com/30rRMli.png\n El rombo de seguridad tiene cuatro colores: rojo, amarillo, azul y blanco. Cada color representa un tipo diferente de peligro como:- Rojo: Inflamabilidad. - Amarillo: Reactividad.- Azul: Toxicidad. - Blanco: Riesgos especiales. En este caso, en la imagen, el rombo de seguridad tiene los siguientes n\u00fameros en cada color: Rojo: 0 (No inflamable). Amarillo: 0 (No reactivo). Azul: 2 (Toxico). Blanco: 0 (Sin riesgos especiales).\nClasificaci\u00f3n seg\u00fan NCh 382: MERCANC\u00cdA NO PELIGROSA PARA SU TRANSPORTE.\\clasificaci\u00f3n seg\u00fan el Sistema Globalmente Armonizado.\\Irritaci\u00f3n cut\u00e1nea (Categor\u00eda 2) \u2013 Lesiones oculares graves (Categor\u00eda 1).\\nPeligro para el medio ambiente acu\u00e1tico \u2013 peligro agudo (Categor\u00eda 1).\\nPeligro para el medio ambiente acu\u00e1tico \u2013 peligro a largo plazo (Categor\u00eda 2).\\n- Indicaciones de peligro:\\nH315 - Provoca irritaci\u00f3n cut\u00e1nea.\\nH318 - Provoca lesiones oculares graves.\\nH400 - Muy t\u00f3xico para los organismos acu\u00e1ticos.\\nH411 - T\u00f3xico para los organismos acu\u00e1ticos, con efectos nocivos duraderos.", "start_char_idx": null, "end_char_idx": null, "text_template": "{metadata_str}\n\n{content}", "metadata_template": "{key}: {value}", "metadata_seperator": "\n", "class_name": "TextNode"}, "__type__": "1"}, "1e192758-11b1-4ee9-90b9-ed26d17c2d79": {"__data__": {"id_": "1e192758-11b1-4ee9-90b9-ed26d17c2d79", "embedding": null, "metadata": {"document_title": "HOJA DE DATOS DE SEGURIDAD", "metadata_product": "CLOROX TRADICIONAL", "metadata_description": "", "metadata_recommended_use": "Limpieza y desinfecci\u00f3n en general", "metadata_section": "IDENTIFICACI\u00d3N DE LOS PELIGROS"}, "excluded_embed_metadata_keys": [], "excluded_llm_metadata_keys": [], "relationships": {"1": {"node_id": "f7d505cd-fd77-42f8-a203-51b7079d3a75", "node_type": "4", "metadata": {"document_title": "HOJA DE DATOS DE SEGURIDAD", "metadata_product": "CLOROX TRADICIONAL", "metadata_description": "", "metadata_recommended_use": "Limpieza y desinfecci\u00f3n en general", "metadata_section": "IDENTIFICACI\u00d3N DE LOS PELIGROS"}, "hash": "5cca4fbfe277d8480bd6f741be21cb38b0b72441084681db640232276d7041b4", "class_name": "RelatedNodeInfo"}, "2": {"node_id": "9ef80fc7-17a0-4a54-9f95-86c198087740", "node_type": "1", "metadata": {"document_title": "HOJA DE DATOS DE SEGURIDAD", "metadata_product": "CLOROX TRADICIONAL", "metadata_description": "", "metadata_recommended_use": "Limpieza y desinfecci\u00f3n en general", "metadata_section": "IDENTIFICACI\u00d3N DE LOS PELIGROS"}, "hash": "3782e6e0cca5600c3a8a34facf11aff3a46d5cea1cd47608403377dd77f00fb5", "class_name": "RelatedNodeInfo"}, "3": {"node_id": "4cf368d7-2766-428a-ac83-6b6a4e2fd582", "node_type": "1", "metadata": {"document_title": "HOJA DE DATOS DE SEGURIDAD", "metadata_product": "Identificaci\u00f3n del producto: CLOROX\u00ae TRADICIONAL", "metadata_description": "", "metadata_recommended_use": "Limpieza y desinfecci\u00f3n en general", "metadata_section": "COMPOSICI\u00d3N/INFORMACI\u00d3N DE LOS COMPONENTES"}, "hash": "fefbbaac99f5eb6dd1ed15098e51f100b3e0f3eb3d7cbd8a74aa70610950f87a", "class_name": "RelatedNodeInfo"}}, "hash": "5cca4fbfe277d8480bd6f741be21cb38b0b72441084681db640232276d7041b4", "text": "Consejos de prudencia:\\nP264 - Lavarse cuidadosamente despu\u00e9s de la manipulaci\u00f3n.\\nP280 - Usar guantes.\\nP302 + P352 - EN CASO DE CONTACTO CON LA PIEL: Lavar con abundante agua.\\nP332 + P313 - En caso de irritaci\u00f3n cut\u00e1nea: consultar a un m\u00e9dico.\\nP305 + P351 + P338 - EN CASO DE CONTACTO CON LOS OJOS: Enjuagar con agua cuidadosamente durante varios minutos. Quitar las lentes de contacto cuando est\u00e9n presentes y pueda hacerse con facilidad. Proseguir con el lavado.\\nP362 - Quitar la ropa contaminada.\\nP391 - Recoger los vertidos.\\nP273 - No dispersar en el medio ambiente.\\nP501 - Eliminar el contenido/ recipiente conforme a la reglamentaci\u00f3n nacional/ internacional.\\nClasificaci\u00f3n espec\u00edfica: En contacto con \u00e1cidos puede liberar gas cloro.\\nDescripci\u00f3n de peligros:\\nInhalaci\u00f3n: puede causar irritaci\u00f3n en el aparato respiratorio y nariz.\\nContacto con la piel: puede causar irritaci\u00f3n.\\nContacto con los ojos: puede causar irritaci\u00f3n, enrojecimiento e hinchaz\u00f3n.\\nIngesti\u00f3n: puede causar irritaci\u00f3n en el aparato digestivo, n\u00e1useas y v\u00f3mitos.", "start_char_idx": null, "end_char_idx": null, "text_template": "{metadata_str}\n\n{content}", "metadata_template": "{key}: {value}", "metadata_seperator": "\n", "class_name": "TextNode"}, "__type__": "1"}, "4cf368d7-2766-428a-ac83-6b6a4e2fd582": {"__data__": {"id_": "4cf368d7-2766-428a-ac83-6b6a4e2fd582", "embedding": null, "metadata": {"document_title": "HOJA DE DATOS DE SEGURIDAD", "metadata_product": "Identificaci\u00f3n del producto: CLOROX\u00ae TRADICIONAL", "metadata_description": "", "metadata_recommended_use": "Limpieza y desinfecci\u00f3n en general", "metadata_section": "COMPOSICI\u00d3N/INFORMACI\u00d3N DE LOS COMPONENTES"}, "excluded_embed_metadata_keys": [], "excluded_llm_metadata_keys": [], "relationships": {"1": {"node_id": "12944da3-6d43-4158-8fba-c87948ba5e11", "node_type": "4", "metadata": {"document_title": "HOJA DE DATOS DE SEGURIDAD", "metadata_product": "Identificaci\u00f3n del producto: CLOROX\u00ae TRADICIONAL", "metadata_description": "", "metadata_recommended_use": "Limpieza y desinfecci\u00f3n en general", "metadata_section": "COMPOSICI\u00d3N/INFORMACI\u00d3N DE LOS COMPONENTES"}, "hash": "fefbbaac99f5eb6dd1ed15098e51f100b3e0f3eb3d7cbd8a74aa70610950f87a", "class_name": "RelatedNodeInfo"}, "2": {"node_id": "1e192758-11b1-4ee9-90b9-ed26d17c2d79", "node_type": "1", "metadata": {"document_title": "HOJA DE DATOS DE SEGURIDAD", "metadata_product": "CLOROX TRADICIONAL", "metadata_description": "", "metadata_recommended_use": "Limpieza y desinfecci\u00f3n en general", "metadata_section": "IDENTIFICACI\u00d3N DE LOS PELIGROS"}, "hash": "5cca4fbfe277d8480bd6f741be21cb38b0b72441084681db640232276d7041b4", "class_name": "RelatedNodeInfo"}, "3": {"node_id": "2e7f1704-5bc0-48c9-9be7-7369fd54cbe6", "node_type": "1", "metadata": {"document_title": "HOJA DE DATOS DE SEGURIDAD", "metadata_product": "Identificaci\u00f3n del producto: CLOROX\u00ae TRADICIONAL", "metadata_description": "", "metadata_recommended_use": "Limpieza y desinfecci\u00f3n en general", "metadata_section": "PRIMEROS AUXILIOS"}, "hash": "ce7f7110c96294a46c632826cb81099ed60eb381539751bdfb8fa60c473843bf", "class_name": "RelatedNodeInfo"}}, "hash": "fefbbaac99f5eb6dd1ed15098e51f100b3e0f3eb3d7cbd8a74aa70610950f87a", "text": "- Sustancia: No aplica.\nSiguiente informacion mostradada en formato tabla.\nMezcla:\n- Denominaci\u00f3n qu\u00edmica: Hipoclorito de sodio, N\u00famero CAS: 7681-52-9. % p/p: 4.9.\n- Denominacion qu\u00edmica: Hidr\u00f3xido de sodio, N\u00famero CAS: 1310-73-2. % p/p: < 1.", "start_char_idx": null, "end_char_idx": null, "text_template": "{metadata_str}\n\n{content}", "metadata_template": "{key}: {value}", "metadata_seperator": "\n", "class_name": "TextNode"}, "__type__": "1"}, "2e7f1704-5bc0-48c9-9be7-7369fd54cbe6": {"__data__": {"id_": "2e7f1704-5bc0-48c9-9be7-7369fd54cbe6", "embedding": null, "metadata": {"document_title": "HOJA DE DATOS DE SEGURIDAD", "metadata_product": "Identificaci\u00f3n del producto: CLOROX\u00ae TRADICIONAL", "metadata_description": "", "metadata_recommended_use": "Limpieza y desinfecci\u00f3n en general", "metadata_section": "PRIMEROS AUXILIOS"}, "excluded_embed_metadata_keys": [], "excluded_llm_metadata_keys": [], "relationships": {"1": {"node_id": "af18896a-b4cd-4819-872e-84c2de72f6b2", "node_type": "4", "metadata": {"document_title": "HOJA DE DATOS DE SEGURIDAD", "metadata_product": "Identificaci\u00f3n del producto: CLOROX\u00ae TRADICIONAL", "metadata_description": "", "metadata_recommended_use": "Limpieza y desinfecci\u00f3n en general", "metadata_section": "PRIMEROS AUXILIOS"}, "hash": "ce7f7110c96294a46c632826cb81099ed60eb381539751bdfb8fa60c473843bf", "class_name": "RelatedNodeInfo"}, "2": {"node_id": "4cf368d7-2766-428a-ac83-6b6a4e2fd582", "node_type": "1", "metadata": {"document_title": "HOJA DE DATOS DE SEGURIDAD", "metadata_product": "Identificaci\u00f3n del producto: CLOROX\u00ae TRADICIONAL", "metadata_description": "", "metadata_recommended_use": "Limpieza y desinfecci\u00f3n en general", "metadata_section": "COMPOSICI\u00d3N/INFORMACI\u00d3N DE LOS COMPONENTES"}, "hash": "fefbbaac99f5eb6dd1ed15098e51f100b3e0f3eb3d7cbd8a74aa70610950f87a", "class_name": "RelatedNodeInfo"}, "3": {"node_id": "44864964-cbea-45b7-b3ba-88cdb4f0a189", "node_type": "1", "metadata": {"document_title": "HOJA DE DATOS DE SEGURIDAD", "metadata_product": "Identificaci\u00f3n del producto: CLOROX\u00ae TRADICIONAL", "metadata_description": "", "metadata_recommended_use": "Limpieza y desinfecci\u00f3n en general", "metadata_section": "MEDIDAS PARA LUCHA CONTRA INCENDIOS"}, "hash": "2f6d1910bff3ba358ec627788e9a3938e7eb45192ed409ed9e5f9b09cbdacb71", "class_name": "RelatedNodeInfo"}}, "hash": "ce7f7110c96294a46c632826cb81099ed60eb381539751bdfb8fa60c473843bf", "text": "- Inhalaci\u00f3n: Traslade a la v\u00edctima y proc\u00farele aire limpio. Mant\u00e9ngala en calma. Si no respira, sumin\u00edstrele respiraci\u00f3n artificial. Llame al m\u00e9dico.\n- Contacto con la piel: L\u00e1vese inmediatamente despu\u00e9s del contacto con abundante agua, durante al menos 15 minutos. No neutralizar ni agregar sustancias distintas del agua. Qu\u00edtese la ropa contaminada y l\u00e1vela antes de reusar.\n- Contacto con los ojos: Enjuague inmediatamente los ojos con agua durante al menos 15 minutos, y mantenga abiertos los p\u00e1rpados para garantizar que se aclara todo el ojo y los tejidos del p\u00e1rpado. Enjuagar los ojos en cuesti\u00f3n de segundos es esencial para lograr la m\u00e1xima eficacia.  Si tiene lentes de contacto, qu\u00edteselas despu\u00e9s de los primeros 5 minutos y luego contin\u00fae enjuag\u00e1ndose los ojos. Consultar al m\u00e9dico. Puede ocasionar serios da\u00f1os a la c\u00f3rnea, conjuntivas u otras partes del ojo.\n- Ingesti\u00f3n: NO INDUZCA EL V\u00d3MITO. Enjuague la boca con agua. Nunca suministre nada oralmente a una persona inconsciente. Llame al m\u00e9dico. Si el v\u00f3mito ocurre \nespont\u00e1neamente, coloque a la v\u00edctima de costado para reducir el riesgo de aspiraci\u00f3n.\n- S\u00edntomas/efectos m\u00e1s importantes: Inhalaci\u00f3n: puede causar irritaci\u00f3n en el aparato respiratorio y nariz. Contacto con la piel: puede causar irritaci\u00f3n. Contacto con los ojos: puede causar irritaci\u00f3n, enrojecimiento e hinchaz\u00f3n. Ingesti\u00f3n: puede causar irritaci\u00f3n en el aparato digestivo, n\u00e1useas y v\u00f3mitos.\n- Protecci\u00f3n de quienes brindan los primeros auxilios:\nEvitar la exposici\u00f3n al producto empleando los equipos de protecci\u00f3n personal \napropiados. Evitar el contacto con la piel utilizando guantes. Evitar la inhalaci\u00f3n mediante el uso de m\u00e1scaras adecuadas. Ver secci\u00f3n 8. Notas especiales para un m\u00e9dico tratante: Tratamiento sintom\u00e1tico. Para m\u00e1s informaci\u00f3n, consulte a un Centro de Intoxicaciones.", "start_char_idx": null, "end_char_idx": null, "text_template": "{metadata_str}\n\n{content}", "metadata_template": "{key}: {value}", "metadata_seperator": "\n", "class_name": "TextNode"}, "__type__": "1"}, "44864964-cbea-45b7-b3ba-88cdb4f0a189": {"__data__": {"id_": "44864964-cbea-45b7-b3ba-88cdb4f0a189", "embedding": null, "metadata": {"document_title": "HOJA DE DATOS DE SEGURIDAD", "metadata_product": "Identificaci\u00f3n del producto: CLOROX\u00ae TRADICIONAL", "metadata_description": "", "metadata_recommended_use": "Limpieza y desinfecci\u00f3n en general", "metadata_section": "MEDIDAS PARA LUCHA CONTRA INCENDIOS"}, "excluded_embed_metadata_keys": [], "excluded_llm_metadata_keys": [], "relationships": {"1": {"node_id": "4073ec7d-0136-4541-8958-5977b35d7182", "node_type": "4", "metadata": {"document_title": "HOJA DE DATOS DE SEGURIDAD", "metadata_product": "Identificaci\u00f3n del producto: CLOROX\u00ae TRADICIONAL", "metadata_description": "", "metadata_recommended_use": "Limpieza y desinfecci\u00f3n en general", "metadata_section": "MEDIDAS PARA LUCHA CONTRA INCENDIOS"}, "hash": "56d76408ba6727fd58a460b10404624fb53bba000cb19ef8391b5029bffe5963", "class_name": "RelatedNodeInfo"}, "2": {"node_id": "2e7f1704-5bc0-48c9-9be7-7369fd54cbe6", "node_type": "1", "metadata": {"document_title": "HOJA DE DATOS DE SEGURIDAD", "metadata_product": "Identificaci\u00f3n del producto: CLOROX\u00ae TRADICIONAL", "metadata_description": "", "metadata_recommended_use": "Limpieza y desinfecci\u00f3n en general", "metadata_section": "PRIMEROS AUXILIOS"}, "hash": "ce7f7110c96294a46c632826cb81099ed60eb381539751bdfb8fa60c473843bf", "class_name": "RelatedNodeInfo"}, "3": {"node_id": "9be17e4b-79ca-467b-ad3a-d3f1acb372bd", "node_type": "1", "metadata": {"document_title": "HOJA DE DATOS DE SEGURIDAD", "metadata_product": "Identificaci\u00f3n del producto: CLOROX\u00ae TRADICIONAL", "metadata_description": "", "metadata_recommended_use": "Limpieza y desinfecci\u00f3n en general", "metadata_section": "MEDIDAS QUE SE DEBEN TOMAR EN CASO DE DERRAME ACCIDENTAL"}, "hash": "4c4d815287e317271a384c01b22ae15ec16feafe6fe59c9584a6bf69ecec7ba4", "class_name": "RelatedNodeInfo"}}, "hash": "2f6d1910bff3ba358ec627788e9a3938e7eb45192ed409ed9e5f9b09cbdacb71", "text": "- Agentes de extinci\u00f3n: Usar polvo qu\u00edmico seco, espuma resistente al alcohol, arena o CO\u2082. Algunas espumas pueden reaccionar con el producto. NO USAR chorros de agua directos.\n- Productos que se forman en la combusti\u00f3n y degradaci\u00f3n t\u00e9rmica: NO INFLAMABLE. El l\u00edquido no encender\u00e1 f\u00e1cilmente, pero puede descomponerse y generar vapores corrosivos y/o t\u00f3xicos. En caso de incendio puede desprender humos y gases irritantes y/o t\u00f3xicos, como mon\u00f3xido de carbono, sustancias cloradas, \u00f3xidos de \nnitr\u00f3geno y otras sustancias derivadas de la combusti\u00f3n incompleta.}\n- M\u00e9todos espec\u00edficos de extinci\u00f3n: Roc\u00ede con agua los embalajes para evitar la ignici\u00f3n o para mantenerlos fr\u00edos si fueron expuestos a calor excesivo o al fuego. Retire los embalajes si aun no fueron alcanzados por las llamas, y \npuede hacerlo sin riesgo. Enfr\u00ede los contenedores con chorros de agua hasta mucho despu\u00e9s de que el fuego se haya extinguido. Contener el agua de incendios para su posterior disposici\u00f3n. No disperse el material.\n- Precauciones para el personal de emergencia y/o los bomberos: Utilice equipo aut\u00f3nomo de respiraci\u00f3n y ropa de protecci\u00f3n estructural para bomberos.", "start_char_idx": null, "end_char_idx": null, "text_template": "{metadata_str}\n\n{content}", "metadata_template": "{key}: {value}", "metadata_seperator": "\n", "class_name": "TextNode"}, "__type__": "1"}, "9be17e4b-79ca-467b-ad3a-d3f1acb372bd": {"__data__": {"id_": "9be17e4b-79ca-467b-ad3a-d3f1acb372bd", "embedding": null, "metadata": {"document_title": "HOJA DE DATOS DE SEGURIDAD", "metadata_product": "Identificaci\u00f3n del producto: CLOROX\u00ae TRADICIONAL", "metadata_description": "", "metadata_recommended_use": "Limpieza y desinfecci\u00f3n en general", "metadata_section": "MEDIDAS QUE SE DEBEN TOMAR EN CASO DE DERRAME ACCIDENTAL"}, "excluded_embed_metadata_keys": [], "excluded_llm_metadata_keys": [], "relationships": {"1": {"node_id": "ffa19c14-0dcd-46da-b0d6-ca9b4be3de02", "node_type": "4", "metadata": {"document_title": "HOJA DE DATOS DE SEGURIDAD", "metadata_product": "Identificaci\u00f3n del producto: CLOROX\u00ae TRADICIONAL", "metadata_description": "", "metadata_recommended_use": "Limpieza y desinfecci\u00f3n en general", "metadata_section": "MEDIDAS QUE SE DEBEN TOMAR EN CASO DE DERRAME ACCIDENTAL"}, "hash": "4c4d815287e317271a384c01b22ae15ec16feafe6fe59c9584a6bf69ecec7ba4", "class_name": "RelatedNodeInfo"}, "2": {"node_id": "44864964-cbea-45b7-b3ba-88cdb4f0a189", "node_type": "1", "metadata": {"document_title": "HOJA DE DATOS DE SEGURIDAD", "metadata_product": "Identificaci\u00f3n del producto: CLOROX\u00ae TRADICIONAL", "metadata_description": "", "metadata_recommended_use": "Limpieza y desinfecci\u00f3n en general", "metadata_section": "MEDIDAS PARA LUCHA CONTRA INCENDIOS"}, "hash": "2f6d1910bff3ba358ec627788e9a3938e7eb45192ed409ed9e5f9b09cbdacb71", "class_name": "RelatedNodeInfo"}, "3": {"node_id": "834fe008-369d-4022-a220-249aec99e621", "node_type": "1", "metadata": {"document_title": "HOJA DE DATOS DE SEGURIDAD", "metadata_product": "Identificaci\u00f3n del producto: CLOROX\u00ae TRADICIONAL", "metadata_description": "", "metadata_recommended_use": "Limpieza y desinfecci\u00f3n en general", "metadata_section": "MANIPULACI\u00d3N Y ALMACENAMIENTO"}, "hash": "c3411fb456e85bd01c2222bc79017d82d14074d8724c83e0c72fecdb86313a80", "class_name": "RelatedNodeInfo"}}, "hash": "4c4d815287e317271a384c01b22ae15ec16feafe6fe59c9584a6bf69ecec7ba4", "text": "- Precauciones personales, equipo de protecci\u00f3n y procedimientos de emergencia: En derrames importantes use ropa protectora contra los productos qu\u00edmicos. Esta puede proporcionar poca o ninguna protecci\u00f3n t\u00e9rmica.  Evitar fuentes de ignici\u00f3n. Evacuar al personal hacia un \u00e1rea ventilada. Usar equipo de respiraci\u00f3n aut\u00f3noma y de protecci\u00f3n d\u00e9rmica y ocular. Usar guantes protectores impermeables. Ventilar inmediatamente, especialmente en zonas bajas donde puedan acumularse los vapores. No permitir la reutilizaci\u00f3n del producto derramado.\n- Precauciones medioambientales: Evitar la dispersi\u00f3n en el medio ambiente, conteniendo el producto mediante barreras f\u00edsicas apropiadas. En caso que el producto ingrese en cursos de agua o se derrame en el suelo, dar aviso a las autoridades inmediatamente.\n- M\u00e9todos y materiales de contenci\u00f3n, confinamiento y/o abatimiento: Contener el l\u00edquido con un dique o barrera. Prevenir la entrada hacia v\u00edas navegables, alcantarillas, s\u00f3tanos o \u00e1reas confinadas no controladas.\nM\u00e9todos de limpieza: Recoger el producto utilizando arena, vermiculita, tierra o material absorbente inerte y limpiar o lavar completamente la zona contaminada. Disponer el agua y el residuo recogido en envases se\u00f1alizados para su eliminaci\u00f3n como residuo qu\u00edmico.", "start_char_idx": null, "end_char_idx": null, "text_template": "{metadata_str}\n\n{content}", "metadata_template": "{key}: {value}", "metadata_seperator": "\n", "class_name": "TextNode"}, "__type__": "1"}, "834fe008-369d-4022-a220-249aec99e621": {"__data__": {"id_": "834fe008-369d-4022-a220-249aec99e621", "embedding": null, "metadata": {"document_title": "HOJA DE DATOS DE SEGURIDAD", "metadata_product": "Identificaci\u00f3n del producto: CLOROX\u00ae TRADICIONAL", "metadata_description": "", "metadata_recommended_use": "Limpieza y desinfecci\u00f3n en general", "metadata_section": "MANIPULACI\u00d3N Y ALMACENAMIENTO"}, "excluded_embed_metadata_keys": [], "excluded_llm_metadata_keys": [], "relationships": {"1": {"node_id": "c4bf9f79-59fc-4fc8-bb96-778af6f578fb", "node_type": "4", "metadata": {"document_title": "HOJA DE DATOS DE SEGURIDAD", "metadata_product": "Identificaci\u00f3n del producto: CLOROX\u00ae TRADICIONAL", "metadata_description": "", "metadata_recommended_use": "Limpieza y desinfecci\u00f3n en general", "metadata_section": "MANIPULACI\u00d3N Y ALMACENAMIENTO"}, "hash": "f809c6eb587b5e883327a73598b55c31430b8ee9d24057eec7251556f2fd9ed2", "class_name": "RelatedNodeInfo"}, "2": {"node_id": "9be17e4b-79ca-467b-ad3a-d3f1acb372bd", "node_type": "1", "metadata": {"document_title": "HOJA DE DATOS DE SEGURIDAD", "metadata_product": "Identificaci\u00f3n del producto: CLOROX\u00ae TRADICIONAL", "metadata_description": "", "metadata_recommended_use": "Limpieza y desinfecci\u00f3n en general", "metadata_section": "MEDIDAS QUE SE DEBEN TOMAR EN CASO DE DERRAME ACCIDENTAL"}, "hash": "4c4d815287e317271a384c01b22ae15ec16feafe6fe59c9584a6bf69ecec7ba4", "class_name": "RelatedNodeInfo"}, "3": {"node_id": "59885196-db6d-4f6c-9bb4-a7adf337573a", "node_type": "1", "metadata": {"document_title": "HOJA DE DATOS DE SEGURIDAD", "metadata_product": "Identificaci\u00f3n del producto: CLOROX\u00ae TRADICIONAL", "metadata_description": "", "metadata_recommended_use": "Limpieza y desinfecci\u00f3n en general", "metadata_section": "CONTROLES DE EXPOSICI\u00d3N / PROTECCI\u00d3N PERSONAL"}, "hash": "09b71b2308fde7a6fb5dd89fd125dd18c07bb15fb553f9a1e3df4178df2cc073", "class_name": "RelatedNodeInfo"}}, "hash": "c3411fb456e85bd01c2222bc79017d82d14074d8724c83e0c72fecdb86313a80", "text": "- Manipulaci\u00f3n:\nPrecauciones para la manipulaci\u00f3n segura: Prohibido comer, beber o fumar durante su manipulaci\u00f3n. Evitar contacto con ojos, piel y ropa. Lavarse los brazos, manos, y u\u00f1as despu\u00e9s de manejar este producto. Facilitar el acceso a duchas de seguridad y lavaojos de emergencias. Evitar la inhalaci\u00f3n del producto. Use los EPP. Mantenga el recipiente cerrado. Use con ventilaci\u00f3n adecuada. Manejar los envases con cuidado.\nMedidas operacionales y t\u00e9cnicas: Proveer extracci\u00f3n localizada en aquellos recintos donde puedan superarse \nlos valores de control de exposici\u00f3n indicados en la Secci\u00f3n 8.\n- Almacenamiento:\nCondiciones para el almacenamiento seguro: Almacenar en un \u00e1rea limpia, seca y bien ventilada. Proteger del sol. Revisar peri\u00f3dicamente los envases para advertir p\u00e9rdidas y roturas. MANTENER ALEJADO DE SUSTANCIAS \u00c1CIDAS. Almacenar a temperaturas entre 15\u00b0C y 25\u00b0C.\nSustancias y mezclas incompatibles: \u00e1cidos (descomposici\u00f3n violenta con liberaci\u00f3n de cloro gaseoso), metales y/o sustancias combustibles.\nMateriales de embalaje apropiados: acero recubierto en goma o vulcanizado, polietileno o poli\u00e9ster. No recomendado: acero, acero inoxidable, cobre y alesaciones, aluminio y metales sin recubrimiento.", "start_char_idx": null, "end_char_idx": null, "text_template": "{metadata_str}\n\n{content}", "metadata_template": "{key}: {value}", "metadata_seperator": "\n", "class_name": "TextNode"}, "__type__": "1"}, "59885196-db6d-4f6c-9bb4-a7adf337573a": {"__data__": {"id_": "59885196-db6d-4f6c-9bb4-a7adf337573a", "embedding": null, "metadata": {"document_title": "HOJA DE DATOS DE SEGURIDAD", "metadata_product": "Identificaci\u00f3n del producto: CLOROX\u00ae TRADICIONAL", "metadata_description": "", "metadata_recommended_use": "Limpieza y desinfecci\u00f3n en general", "metadata_section": "CONTROLES DE EXPOSICI\u00d3N / PROTECCI\u00d3N PERSONAL"}, "excluded_embed_metadata_keys": [], "excluded_llm_metadata_keys": [], "relationships": {"1": {"node_id": "99d7f495-ce52-48a0-8a13-d787b6e2ed4d", "node_type": "4", "metadata": {"document_title": "HOJA DE DATOS DE SEGURIDAD", "metadata_product": "Identificaci\u00f3n del producto: CLOROX\u00ae TRADICIONAL", "metadata_description": "", "metadata_recommended_use": "Limpieza y desinfecci\u00f3n en general", "metadata_section": "CONTROLES DE EXPOSICI\u00d3N / PROTECCI\u00d3N PERSONAL"}, "hash": "09b71b2308fde7a6fb5dd89fd125dd18c07bb15fb553f9a1e3df4178df2cc073", "class_name": "RelatedNodeInfo"}, "2": {"node_id": "834fe008-369d-4022-a220-249aec99e621", "node_type": "1", "metadata": {"document_title": "HOJA DE DATOS DE SEGURIDAD", "metadata_product": "Identificaci\u00f3n del producto: CLOROX\u00ae TRADICIONAL", "metadata_description": "", "metadata_recommended_use": "Limpieza y desinfecci\u00f3n en general", "metadata_section": "MANIPULACI\u00d3N Y ALMACENAMIENTO"}, "hash": "c3411fb456e85bd01c2222bc79017d82d14074d8724c83e0c72fecdb86313a80", "class_name": "RelatedNodeInfo"}, "3": {"node_id": "44e0b003-63bc-437f-af98-ded834a2a4fd", "node_type": "1", "metadata": {"document_title": "HOJA DE DATOS DE SEGURIDAD", "metadata_product": "Identificaci\u00f3n del producto: CLOROX\u00ae TRADICIONAL", "metadata_description": "", "metadata_recommended_use": "Limpieza y desinfecci\u00f3n en general", "metadata_section": "ESTABILIDAD Y REACTIVIDAD"}, "hash": "03718cfc0a822dd78b819e33d95c7f4174341797f3e6d812d9ad2561f93e2db8", "class_name": "RelatedNodeInfo"}}, "hash": "09b71b2308fde7a6fb5dd89fd125dd18c07bb15fb553f9a1e3df4178df2cc073", "text": "- Concentraci\u00f3n m\u00e1xima permisible: \n-- TLV-TWA (ACGIH): 0,5 ppm (cloro, como cloro gaseoso).\n-- TLV-STEL (ACGIH): 1 ppm (cloro, como cloro gaseoso).\n-- PEL (OSHA 29 CFR 1910.1000): N/D.\n-- IDLH (NIOSH): N/D.\n-- LPP: 0.4 ppm, cloro, como cloro gaseoso.\n-- LPT: 1 ppm, cloro, como cloro gaseoso.\n-- LPA: N/D.\n- Elementos de protecci\u00f3n personal:\n-- Protecci\u00f3n de ojos y cara: usar gafas de seguridad.\n-- Protecci\u00f3n respiratoria: En caso de grandes vertidos, utilizar una m\u00e1scara para vapores org\u00e1nicos (A). Debe prestarse especial atenci\u00f3n a los niveles de ox\u00edgeno presentes en el aire. Si ocurren grandes liberaciones, utilizar \nequipo de respiraci\u00f3n aut\u00f3nomo (SCBA). \n-- Protecci\u00f3n de manos: Use guantes adecuados de PVC, nitrilo o butilo que cumplan con las normas EN374.\n-- Medidas de ingenier\u00eda: Mantener ventilado el lugar de trabajo. La ventilaci\u00f3n normal para operaciones habituales  de manufacturas es generalmente adecuada. Campanas locales deben ser usadas durante operaciones que produzcan o liberen grandes cantidades de producto. En \u00e1reas bajas o confinadas debe proveerse ventilaci\u00f3n mec\u00e1nica. Disponer de duchas y estaciones lavaojos.", "start_char_idx": null, "end_char_idx": null, "text_template": "{metadata_str}\n\n{content}", "metadata_template": "{key}: {value}", "metadata_seperator": "\n", "class_name": "TextNode"}, "__type__": "1"}, "44e0b003-63bc-437f-af98-ded834a2a4fd": {"__data__": {"id_": "44e0b003-63bc-437f-af98-ded834a2a4fd", "embedding": null, "metadata": {"document_title": "HOJA DE DATOS DE SEGURIDAD", "metadata_product": "Identificaci\u00f3n del producto: CLOROX\u00ae TRADICIONAL", "metadata_description": "", "metadata_recommended_use": "Limpieza y desinfecci\u00f3n en general", "metadata_section": "ESTABILIDAD Y REACTIVIDAD"}, "excluded_embed_metadata_keys": [], "excluded_llm_metadata_keys": [], "relationships": {"1": {"node_id": "8e596982-50d5-48e8-8f8c-ce63210bd783", "node_type": "4", "metadata": {"document_title": "HOJA DE DATOS DE SEGURIDAD", "metadata_product": "Identificaci\u00f3n del producto: CLOROX\u00ae TRADICIONAL", "metadata_description": "", "metadata_recommended_use": "Limpieza y desinfecci\u00f3n en general", "metadata_section": "ESTABILIDAD Y REACTIVIDAD"}, "hash": "03718cfc0a822dd78b819e33d95c7f4174341797f3e6d812d9ad2561f93e2db8", "class_name": "RelatedNodeInfo"}, "2": {"node_id": "59885196-db6d-4f6c-9bb4-a7adf337573a", "node_type": "1", "metadata": {"document_title": "HOJA DE DATOS DE SEGURIDAD", "metadata_product": "Identificaci\u00f3n del producto: CLOROX\u00ae TRADICIONAL", "metadata_description": "", "metadata_recommended_use": "Limpieza y desinfecci\u00f3n en general", "metadata_section": "CONTROLES DE EXPOSICI\u00d3N / PROTECCI\u00d3N PERSONAL"}, "hash": "09b71b2308fde7a6fb5dd89fd125dd18c07bb15fb553f9a1e3df4178df2cc073", "class_name": "RelatedNodeInfo"}, "3": {"node_id": "d39c940e-3113-4a88-8a04-52a8cbb83dac", "node_type": "1", "metadata": {"document_title": "HOJA DE DATOS DE SEGURIDAD", "metadata_product": "Identificaci\u00f3n del producto: CLOROX\u00ae TRADICIONAL", "metadata_description": "", "metadata_recommended_use": "Limpieza y desinfecci\u00f3n en general", "metadata_section": "INFORMACI\u00d3N ECOL\u00d3GICA"}, "hash": "5d52e26f313297ce1d951a089aa08019ec3b9eaa94f8bbd8e837eeccd53ebad5", "class_name": "RelatedNodeInfo"}}, "hash": "03718cfc0a822dd78b819e33d95c7f4174341797f3e6d812d9ad2561f93e2db8", "text": "- Reacciones peligrosas: El producto se descompone en condiciones normales de almacenamiento debido a la acci\u00f3n de la luz. No contiene per\u00f3xidos org\u00e1nicos. Puede ser corrosivo para los metales si se deja reaccionar \nsuficiente tiempo. No reacciona con el agua.\n- Estabilidad qu\u00edmica: El producto es qu\u00edmicamente estable y no requiere estabilizantes. No se espera polimerizaci\u00f3n peligrosa.\n- Condiciones que se deben evitar: Evitar altas temperaturas, y el contacto con \u00e1cidos o metales, ya que libera gases t\u00f3xicos como cloro.\n- Sustancias y mezclas incompatibles: \u00e1cidos (descomposici\u00f3n violenta con liberaci\u00f3n de cloro gaseoso), metales y/o sustancias combustibles.\n- Productos de descomposici\u00f3n peligrosos: En caso de calentamiento puede desprender vapores irritantes y t\u00f3xicos. En caso de incendio, ver la Secci\u00f3n 5.\nPor contacto con sustancias incompatibles, libera cloro, \u00e1cido hipocloroso y clorato de sodio.", "start_char_idx": null, "end_char_idx": null, "text_template": "{metadata_str}\n\n{content}", "metadata_template": "{key}: {value}", "metadata_seperator": "\n", "class_name": "TextNode"}, "__type__": "1"}, "d39c940e-3113-4a88-8a04-52a8cbb83dac": {"__data__": {"id_": "d39c940e-3113-4a88-8a04-52a8cbb83dac", "embedding": null, "metadata": {"document_title": "HOJA DE DATOS DE SEGURIDAD", "metadata_product": "Identificaci\u00f3n del producto: CLOROX\u00ae TRADICIONAL", "metadata_description": "", "metadata_recommended_use": "Limpieza y desinfecci\u00f3n en general", "metadata_section": "INFORMACI\u00d3N ECOL\u00d3GICA"}, "excluded_embed_metadata_keys": [], "excluded_llm_metadata_keys": [], "relationships": {"1": {"node_id": "d99f0fc4-5476-4778-b10e-32cdab1fee1e", "node_type": "4", "metadata": {"document_title": "HOJA DE DATOS DE SEGURIDAD", "metadata_product": "Identificaci\u00f3n del producto: CLOROX\u00ae TRADICIONAL", "metadata_description": "", "metadata_recommended_use": "Limpieza y desinfecci\u00f3n en general", "metadata_section": "INFORMACI\u00d3N ECOL\u00d3GICA"}, "hash": "6cab60346a257c8e5ba72c5e4925d6182ff7a306cd0659fea7dcd25dfd3d9bf4", "class_name": "RelatedNodeInfo"}, "2": {"node_id": "44e0b003-63bc-437f-af98-ded834a2a4fd", "node_type": "1", "metadata": {"document_title": "HOJA DE DATOS DE SEGURIDAD", "metadata_product": "Identificaci\u00f3n del producto: CLOROX\u00ae TRADICIONAL", "metadata_description": "", "metadata_recommended_use": "Limpieza y desinfecci\u00f3n en general", "metadata_section": "ESTABILIDAD Y REACTIVIDAD"}, "hash": "03718cfc0a822dd78b819e33d95c7f4174341797f3e6d812d9ad2561f93e2db8", "class_name": "RelatedNodeInfo"}}, "hash": "5d52e26f313297ce1d951a089aa08019ec3b9eaa94f8bbd8e837eeccd53ebad5", "text": "- Ecotoxicidad:\nNo hay informaci\u00f3n sobre la ecotoxicidad del producto, pero se presentan c\u00e1lculos de estimaci\u00f3n de ecotoxicidad.\nETA-CE50 (O. mykiss, calc., 96 h): 0,65 mg/l.\nETA-CE50 (D. magna, calc., 48 h): 2,88 mg/l.\nETA-CE50 (P. subcapitata, calc., 72 h): 0,47 mg/l.\nETA-CE50 (T. pyriformis, calc., 48 h): 60,97 mg/l.\nDatos de toxicidad cr\u00f3nica cient\u00edficamente injustificados.\n- Persistencia y degradabilidad:\nBiodegradabilidad (estimado): El hipoclorito de sodio se descompone en agua.\nPNEC (agua): 0,21 ug/L.\nPNEC (mar): 0,042 ug/L.\nPNEC-STP: 4,69 mg/L.\n- Potencial de bioacumulaci\u00f3n:\nLog Ko/w: -3,42.\nBioacumulaci\u00f3n en peces \u2013 BCF (OCDE 305): N/D - No se espera que tenga el potencial de bioacumularse significativamente.\nEsta sustancia/mezcla no cumple los criterios PBT del anexo XIII del reglamento REACH.\nEsta sustancia/mezcla no cumple los criterios mPmB del anexo XIII del reglamento REACH.\n- Movilidad:\nLogKoc: N/D.\nConstante de Henry (20\u00b0C): 0,076.\n- AOX, Contenido de metales: No contiene hal\u00f3genos org\u00e1nicos ni metales.", "start_char_idx": null, "end_char_idx": null, "text_template": "{metadata_str}\n\n{content}", "metadata_template": "{key}: {value}", "metadata_seperator": "\n", "class_name": "TextNode"}, "__type__": "1"}}, "docstore/ref_doc_info": {"bc65ec08-5d56-43e9-b9b2-af38c8c5368f": {"node_ids": ["307c8282-258d-40df-b114-b7286f384366"], "metadata": {"document_title": "HOJA DE DATOS DE SEGURIDAD", "metadata_product": "Identificaci\u00f3n del producto: CLOROX\u00ae TRADICIONAL", "metadata_description": "", "metadata_recommended_use": "Limpieza y desinfecci\u00f3n en general", "metadata_section": "IDENTIFICACI\u00d3N DEL PRODUCTO QU\u00cdMICO Y DE LA EMPRESA"}}, "bec390ee-10ba-43ff-975f-9803bd20a61d": {"node_ids": ["9ef80fc7-17a0-4a54-9f95-86c198087740"], "metadata": {"document_title": "HOJA DE DATOS DE SEGURIDAD", "metadata_product": "CLOROX TRADICIONAL", "metadata_description": "", "metadata_recommended_use": "Limpieza y desinfecci\u00f3n en general", "metadata_section": "IDENTIFICACI\u00d3N DE LOS PELIGROS"}}, "f7d505cd-fd77-42f8-a203-51b7079d3a75": {"node_ids": ["1e192758-11b1-4ee9-90b9-ed26d17c2d79"], "metadata": {"document_title": "HOJA DE DATOS DE SEGURIDAD", "metadata_product": "CLOROX TRADICIONAL", "metadata_description": "", "metadata_recommended_use": "Limpieza y desinfecci\u00f3n en general", "metadata_section": "IDENTIFICACI\u00d3N DE LOS PELIGROS"}}, "12944da3-6d43-4158-8fba-c87948ba5e11": {"node_ids": ["4cf368d7-2766-428a-ac83-6b6a4e2fd582"], "metadata": {"document_title": "HOJA DE DATOS DE SEGURIDAD", "metadata_product": "Identificaci\u00f3n del producto: CLOROX\u00ae TRADICIONAL", "metadata_description": "", "metadata_recommended_use": "Limpieza y desinfecci\u00f3n en general", "metadata_section": "COMPOSICI\u00d3N/INFORMACI\u00d3N DE LOS COMPONENTES"}}, "af18896a-b4cd-4819-872e-84c2de72f6b2": {"node_ids": ["2e7f1704-5bc0-48c9-9be7-7369fd54cbe6"], "metadata": {"document_title": "HOJA DE DATOS DE SEGURIDAD", "metadata_product": "Identificaci\u00f3n del producto: CLOROX\u00ae TRADICIONAL", "metadata_description": "", "metadata_recommended_use": "Limpieza y desinfecci\u00f3n en general", "metadata_section": "PRIMEROS AUXILIOS"}}, "4073ec7d-0136-4541-8958-5977b35d7182": {"node_ids": ["44864964-cbea-45b7-b3ba-88cdb4f0a189"], "metadata": {"document_title": "HOJA DE DATOS DE SEGURIDAD", "metadata_product": "Identificaci\u00f3n del producto: CLOROX\u00ae TRADICIONAL", "metadata_description": "", "metadata_recommended_use": "Limpieza y desinfecci\u00f3n en general", "metadata_section": "MEDIDAS PARA LUCHA CONTRA INCENDIOS"}}, "ffa19c14-0dcd-46da-b0d6-ca9b4be3de02": {"node_ids": ["9be17e4b-79ca-467b-ad3a-d3f1acb372bd"], "metadata": {"document_title": "HOJA DE DATOS DE SEGURIDAD", "metadata_product": "Identificaci\u00f3n del producto: CLOROX\u00ae TRADICIONAL", "metadata_description": "", "metadata_recommended_use": "Limpieza y desinfecci\u00f3n en general", "metadata_section": "MEDIDAS QUE SE DEBEN TOMAR EN CASO DE DERRAME ACCIDENTAL"}}, "c4bf9f79-59fc-4fc8-bb96-778af6f578fb": {"node_ids": ["834fe008-369d-4022-a220-249aec99e621"], "metadata": {"document_title": "HOJA DE DATOS DE SEGURIDAD", "metadata_product": "Identificaci\u00f3n del producto: CLOROX\u00ae TRADICIONAL", "metadata_description": "", "metadata_recommended_use": "Limpieza y desinfecci\u00f3n en general", "metadata_section": "MANIPULACI\u00d3N Y ALMACENAMIENTO"}}, "99d7f495-ce52-48a0-8a13-d787b6e2ed4d": {"node_ids": ["59885196-db6d-4f6c-9bb4-a7adf337573a"], "metadata": {"document_title": "HOJA DE DATOS DE SEGURIDAD", "metadata_product": "Identificaci\u00f3n del producto: CLOROX\u00ae TRADICIONAL", "metadata_description": "", "metadata_recommended_use": "Limpieza y desinfecci\u00f3n en general", "metadata_section": "CONTROLES DE EXPOSICI\u00d3N / PROTECCI\u00d3N PERSONAL"}}, "8e596982-50d5-48e8-8f8c-ce63210bd783": {"node_ids": ["44e0b003-63bc-437f-af98-ded834a2a4fd"], "metadata": {"document_title": "HOJA DE DATOS DE SEGURIDAD", "metadata_product": "Identificaci\u00f3n del producto: CLOROX\u00ae TRADICIONAL", "metadata_description": "", "metadata_recommended_use": "Limpieza y desinfecci\u00f3n en general", "metadata_section": "ESTABILIDAD Y REACTIVIDAD"}}, "d99f0fc4-5476-4778-b10e-32cdab1fee1e": {"node_ids": ["d39c940e-3113-4a88-8a04-52a8cbb83dac"], "metadata": {"document_title": "HOJA DE DATOS DE SEGURIDAD", "metadata_product": "Identificaci\u00f3n del producto: CLOROX\u00ae TRADICIONAL", "metadata_description": "", "metadata_recommended_use": "Limpieza y desinfecci\u00f3n en general", "metadata_section": "INFORMACI\u00d3N ECOL\u00d3GICA"}}}, "docstore/metadata": {"307c8282-258d-40df-b114-b7286f384366": {"doc_hash": "bbebd054531ed05e6ca76f54d002e5a199c24b088e8ef7b64976844e4048c82e", "ref_doc_id": "bc65ec08-5d56-43e9-b9b2-af38c8c5368f"}, "9ef80fc7-17a0-4a54-9f95-86c198087740": {"doc_hash": "3782e6e0cca5600c3a8a34facf11aff3a46d5cea1cd47608403377dd77f00fb5", "ref_doc_id": "bec390ee-10ba-43ff-975f-9803bd20a61d"}, "1e192758-11b1-4ee9-90b9-ed26d17c2d79": {"doc_hash": "5cca4fbfe277d8480bd6f741be21cb38b0b72441084681db640232276d7041b4", "ref_doc_id": "f7d505cd-fd77-42f8-a203-51b7079d3a75"}, "4cf368d7-2766-428a-ac83-6b6a4e2fd582": {"doc_hash": "fefbbaac99f5eb6dd1ed15098e51f100b3e0f3eb3d7cbd8a74aa70610950f87a", "ref_doc_id": "12944da3-6d43-4158-8fba-c87948ba5e11"}, "2e7f1704-5bc0-48c9-9be7-7369fd54cbe6": {"doc_hash": "ce7f7110c96294a46c632826cb81099ed60eb381539751bdfb8fa60c473843bf", "ref_doc_id": "af18896a-b4cd-4819-872e-84c2de72f6b2"}, "44864964-cbea-45b7-b3ba-88cdb4f0a189": {"doc_hash": "2f6d1910bff3ba358ec627788e9a3938e7eb45192ed409ed9e5f9b09cbdacb71", "ref_doc_id": "4073ec7d-0136-4541-8958-5977b35d7182"}, "9be17e4b-79ca-467b-ad3a-d3f1acb372bd": {"doc_hash": "4c4d815287e317271a384c01b22ae15ec16feafe6fe59c9584a6bf69ecec7ba4", "ref_doc_id": "ffa19c14-0dcd-46da-b0d6-ca9b4be3de02"}, "834fe008-369d-4022-a220-249aec99e621": {"doc_hash": "c3411fb456e85bd01c2222bc79017d82d14074d8724c83e0c72fecdb86313a80", "ref_doc_id": "c4bf9f79-59fc-4fc8-bb96-778af6f578fb"}, "59885196-db6d-4f6c-9bb4-a7adf337573a": {"doc_hash": "09b71b2308fde7a6fb5dd89fd125dd18c07bb15fb553f9a1e3df4178df2cc073", "ref_doc_id": "99d7f495-ce52-48a0-8a13-d787b6e2ed4d"}, "44e0b003-63bc-437f-af98-ded834a2a4fd": {"doc_hash": "03718cfc0a822dd78b819e33d95c7f4174341797f3e6d812d9ad2561f93e2db8", "ref_doc_id": "8e596982-50d5-48e8-8f8c-ce63210bd783"}, "d39c940e-3113-4a88-8a04-52a8cbb83dac": {"doc_hash": "5d52e26f313297ce1d951a089aa08019ec3b9eaa94f8bbd8e837eeccd53ebad5", "ref_doc_id": "d99f0fc4-5476-4778-b10e-32cdab1fee1e"}}}