{"docstore/data": {"575d2d15-7b04-4c9f-b4b9-6fbcbd38bf82": {"__data__": {"id_": "575d2d15-7b04-4c9f-b4b9-6fbcbd38bf82", "embedding": null, "metadata": {"document_title": "HOJA DE DATOS DE SEGURIDAD", "metadata_product": "Dykem\u00ae Cross Check\u2122 - Orange, Verde, Rojo, Yellow and Blue", "metadata_description": "", "metadata_recommended_use": "Inspection Paint", "metadata_section": "Seccion 1: Identificaci\u00f3n"}, "excluded_embed_metadata_keys": [], "excluded_llm_metadata_keys": [], "relationships": {"1": {"node_id": "4de0b904-8a7e-420b-b01e-0791a7bdc54b", "node_type": "4", "metadata": {"document_title": "HOJA DE DATOS DE SEGURIDAD", "metadata_product": "Dykem\u00ae Cross Check\u2122 - Orange, Verde, Rojo, Yellow and Blue", "metadata_description": "", "metadata_recommended_use": "Inspection Paint", "metadata_section": "Seccion 1: Identificaci\u00f3n"}, "hash": "98ba401a7f020a279afc5200223b18b910533bcb33a70db96c8e974c5ce9a2e0", "class_name": "RelatedNodeInfo"}, "3": {"node_id": "571ad28c-0572-4037-b12f-115da8fbcf6e", "node_type": "1", "metadata": {"document_title": "HOJA DE DATOS DE SEGURIDAD", "metadata_product": "Dykem\u00ae Cross Check\u2122 - Orange, Verde, Rojo, Yellow and Blue", "metadata_description": "", "metadata_recommended_use": "Inspection Paint", "metadata_section": "Seccion 2: Identificaci\u00f3n de peligros"}, "hash": "267ca12e124846fbefce570f11c1826eccec58e841d31d73163cde84deec4998", "class_name": "RelatedNodeInfo"}}, "hash": "98ba401a7f020a279afc5200223b18b910533bcb33a70db96c8e974c5ce9a2e0", "text": "Identificador de producto; Dykem\u00ae Cross Check\u2122 - Orange, Verde, Rojo, Yellow and Blue\nOtros medios de identificaci\u00f3n; N/A\nN\u00famero de Parte; 83314 (Orange), 83315 (Green), 83316 (Red), 83317 (Yellow), 83318 (Blue)\nSin\u00f3nimos; FORMULA CODE(S)*: A498M (Orange), A991M (Green)* A992M (Red), A993M (Yellow)* A994M (Blue)\nUso recomendado; Inspection Paint\nRestricciones recomendadas; Ninguno conocido/Ninguna conocida.\nInformaci\u00f3n sobre el fabricante/importador/proveedor/distribuidor; Fabricante\nNombre de la empresa; ITW Pro Brands\nDirecci\u00f3n; 805 E. Old 56 Highway\nOlathe, KS 66061\nPa\u00eds; (U.S.A.)\nIn Case of Emergency; Tel: +1 800-443-9536\n1-800-535-5053 (Infotrac)", "start_char_idx": null, "end_char_idx": null, "text_template": "{metadata_str}\n\n{content}", "metadata_template": "{key}: {value}", "metadata_seperator": "\n", "class_name": "TextNode"}, "__type__": "1"}, "571ad28c-0572-4037-b12f-115da8fbcf6e": {"__data__": {"id_": "571ad28c-0572-4037-b12f-115da8fbcf6e", "embedding": null, "metadata": {"document_title": "HOJA DE DATOS DE SEGURIDAD", "metadata_product": "Dykem\u00ae Cross Check\u2122 - Orange, Verde, Rojo, Yellow and Blue", "metadata_description": "", "metadata_recommended_use": "Inspection Paint", "metadata_section": "Seccion 2: Identificaci\u00f3n de peligros"}, "excluded_embed_metadata_keys": [], "excluded_llm_metadata_keys": [], "relationships": {"1": {"node_id": "abc357a4-9eca-43d7-8260-4bdc025f169b", "node_type": "4", "metadata": {"document_title": "HOJA DE DATOS DE SEGURIDAD", "metadata_product": "Dykem\u00ae Cross Check\u2122 - Orange, Verde, Rojo, Yellow and Blue", "metadata_description": "", "metadata_recommended_use": "Inspection Paint", "metadata_section": "Seccion 2: Identificaci\u00f3n de peligros"}, "hash": "267ca12e124846fbefce570f11c1826eccec58e841d31d73163cde84deec4998", "class_name": "RelatedNodeInfo"}, "2": {"node_id": "575d2d15-7b04-4c9f-b4b9-6fbcbd38bf82", "node_type": "1", "metadata": {"document_title": "HOJA DE DATOS DE SEGURIDAD", "metadata_product": "Dykem\u00ae Cross Check\u2122 - Orange, Verde, Rojo, Yellow and Blue", "metadata_description": "", "metadata_recommended_use": "Inspection Paint", "metadata_section": "Seccion 1: Identificaci\u00f3n"}, "hash": "98ba401a7f020a279afc5200223b18b910533bcb33a70db96c8e974c5ce9a2e0", "class_name": "RelatedNodeInfo"}, "3": {"node_id": "58501c11-bf16-4df4-ae3f-19d2b1a76d58", "node_type": "1", "metadata": {"document_title": "HOJA DE DATOS DE SEGURIDAD", "metadata_product": "Dykem\u00ae Cross Check\u2122 - Orange, Verde, Rojo, Yellow and Blue", "metadata_description": "", "metadata_recommended_use": "Inspection Paint", "metadata_section": "Seccion 2: Identificaci\u00f3n de peligros"}, "hash": "c730bd847c2b6a21b633450f17ffca24258fee7a95cbf9ccd09f9046cc27fb21", "class_name": "RelatedNodeInfo"}}, "hash": "267ca12e124846fbefce570f11c1826eccec58e841d31d73163cde84deec4998", "text": "Peligros f\u00edsicos;L\u00edquidos inflamables;Categor\u00eda 3\nPeligros para la salud;Lesiones oculares graves/irritaci\u00f3n ocular;Categor\u00eda 2A\nSensibilizadores cut\u00e1neos;Categor\u00eda 1\nCarcinogenicidad;Categor\u00eda 2\nToxicidad sist\u00e9mica espec\u00edfica de \u00f3rganos diana tras exposiciones repetidas;Categor\u00eda 1 (sistema nervioso central)\nToxicidad sist\u00e9mica espec\u00edfica de \u00f3rganos diana tras exposiciones repetidas;Categor\u00eda 1 (sistema nervioso central)\nPeligros para el medio ambiente;Peligro por aspiraci\u00f3n;Categor\u00eda 1\nPeligros definidos por OSHA;No clasificado.\nElementos de la etiqueta\nPalabra de advertencia;Peligro\nIndicaci\u00f3n de peligro;L\u00edquidos y vapores inflamables. Puede ser mortal en caso de ingesti\u00f3n y de penetraci\u00f3n en las vias respiratorias. Puede provocar una reacci\u00f3n cut\u00e1nea al\u00e9rgica. Provoca irritaci\u00f3n ocular grave. Susceptible de provocar c\u00e1ncer. Provoca da\u00f1os en los \u00f3rganos (sistema nervioso central) tras exposiciones prolongadas o repetidas.\nConsejos de prudencia\nPrevenci\u00f3n;Procurarse las instrucciones antes del uso. No manipular antes de haber leido y comprendido todas las precauciones de seguridad. Mantener alejado del calor/de chispas/de llamas al descubierto/de superficies calientes... No fumar. Mantener el recipiente herm\u00e9ticamente cerrado. Toma de tierra/enlace equipotencial del recipiente y del equipo receptor. Utilizar un material el\u00e9ctrico/de ventilaci\u00f3n/iluminaci\u00f3n antideflagrante.", "start_char_idx": null, "end_char_idx": null, "text_template": "{metadata_str}\n\n{content}", "metadata_template": "{key}: {value}", "metadata_seperator": "\n", "class_name": "TextNode"}, "__type__": "1"}, "58501c11-bf16-4df4-ae3f-19d2b1a76d58": {"__data__": {"id_": "58501c11-bf16-4df4-ae3f-19d2b1a76d58", "embedding": null, "metadata": {"document_title": "HOJA DE DATOS DE SEGURIDAD", "metadata_product": "Dykem\u00ae Cross Check\u2122 - Orange, Verde, Rojo, Yellow and Blue", "metadata_description": "", "metadata_recommended_use": "Inspection Paint", "metadata_section": "Seccion 2: Identificaci\u00f3n de peligros"}, "excluded_embed_metadata_keys": [], "excluded_llm_metadata_keys": [], "relationships": {"1": {"node_id": "847196d8-c5d3-450b-bfd8-5d580f3d216d", "node_type": "4", "metadata": {"document_title": "HOJA DE DATOS DE SEGURIDAD", "metadata_product": "Dykem\u00ae Cross Check\u2122 - Orange, Verde, Rojo, Yellow and Blue", "metadata_description": "", "metadata_recommended_use": "Inspection Paint", "metadata_section": "Seccion 2: Identificaci\u00f3n de peligros"}, "hash": "c730bd847c2b6a21b633450f17ffca24258fee7a95cbf9ccd09f9046cc27fb21", "class_name": "RelatedNodeInfo"}, "2": {"node_id": "571ad28c-0572-4037-b12f-115da8fbcf6e", "node_type": "1", "metadata": {"document_title": "HOJA DE DATOS DE SEGURIDAD", "metadata_product": "Dykem\u00ae Cross Check\u2122 - Orange, Verde, Rojo, Yellow and Blue", "metadata_description": "", "metadata_recommended_use": "Inspection Paint", "metadata_section": "Seccion 2: Identificaci\u00f3n de peligros"}, "hash": "267ca12e124846fbefce570f11c1826eccec58e841d31d73163cde84deec4998", "class_name": "RelatedNodeInfo"}, "3": {"node_id": "7c80d28b-16f4-480a-a6f7-26002cd3164b", "node_type": "1", "metadata": {"document_title": "HOJA DE DATOS DE SEGURIDAD", "metadata_product": "Dykem\u00ae Cross Check\u2122 - Orange, Verde, Rojo, Yellow and Blue", "metadata_description": "", "metadata_recommended_use": "Inspection Paint", "metadata_section": "Seccion 3: Composici\u00f3n/informaci\u00f3n sobre los componentes"}, "hash": "7747f4703a72b1848e16cdf8db49b71bc044a0e423b4e89c7dfbec6926176ac6", "class_name": "RelatedNodeInfo"}}, "hash": "c730bd847c2b6a21b633450f17ffca24258fee7a95cbf9ccd09f9046cc27fb21", "text": "No utilizar herramientas que produzcan chispas. Tomar medidas de precauci\u00f3n contra las descargas electrost\u00e1ticas. No respirar nieblas o vapores. Lave cuidadosamente despu\u00e9s de la manipulaci\u00f3n. No comer, beber o fumar mientras se manipula este producto. La ropa de trabajo contaminada no debe salir del lugar de trabajo. Usar guantes/ropa de protecci\u00f3n/equipo de protecci\u00f3n para los ojos/la cara.\nRespuesta;En caso de ingesti\u00f3n: Llamar inmediatamente a un centro de toxicolog\u00eda o a un m\u00e9dico, NO provocar el v\u00f3mito. En caso de contacto con la piel (o el pelo): Quitar inmediatamente la ropa contaminada. Enjuagar la piel con agua/ducharse. En caso de contacto con los ojos: Enjuagar con agua cuidadosamente durante varios minutos. Quitar las lentes de contacto cuando est\u00e9n presentes y pueda hacerse con facilidad. Proseguir con el lavado. En caso de exposici\u00f3n demostrada o supuesta: consultar a un m\u00e9dico. En caso de irritaci\u00f3n cut\u00e1nea o sarpullido: Consultar a un m\u00e9dico. Si la irritaci\u00f3n ocular persiste, consultar a un m\u00e9dico. Lavar la ropa contaminada antes de volverla a usar. En caso de incendio: Utilizar los medios apropiados para la extinci\u00f3n.\nAlmacenamiento;Almacenar en un lugar bien ventilado. Mantener fresco. Guardar bajo llave.\nEliminaci\u00f3n;Eliminar el contenido/recipiente conforme a las reglamentaciones local/regional/nacional/internacional.\nPeligros no clasificados en otra parte (HNOC, por sus siglas en ingl\u00e9s);Ninguno conocido/Ninguna conocida.\nInformaci\u00f3n suplementaria;Ninguno.", "start_char_idx": null, "end_char_idx": null, "text_template": "{metadata_str}\n\n{content}", "metadata_template": "{key}: {value}", "metadata_seperator": "\n", "class_name": "TextNode"}, "__type__": "1"}, "7c80d28b-16f4-480a-a6f7-26002cd3164b": {"__data__": {"id_": "7c80d28b-16f4-480a-a6f7-26002cd3164b", "embedding": null, "metadata": {"document_title": "HOJA DE DATOS DE SEGURIDAD", "metadata_product": "Dykem\u00ae Cross Check\u2122 - Orange, Verde, Rojo, Yellow and Blue", "metadata_description": "", "metadata_recommended_use": "Inspection Paint", "metadata_section": "Seccion 3: Composici\u00f3n/informaci\u00f3n sobre los componentes"}, "excluded_embed_metadata_keys": [], "excluded_llm_metadata_keys": [], "relationships": {"1": {"node_id": "cc81643b-f981-4e42-81f9-58dd7a83ef03", "node_type": "4", "metadata": {"document_title": "HOJA DE DATOS DE SEGURIDAD", "metadata_product": "Dykem\u00ae Cross Check\u2122 - Orange, Verde, Rojo, Yellow and Blue", "metadata_description": "", "metadata_recommended_use": "Inspection Paint", "metadata_section": "Seccion 3: Composici\u00f3n/informaci\u00f3n sobre los componentes"}, "hash": "7747f4703a72b1848e16cdf8db49b71bc044a0e423b4e89c7dfbec6926176ac6", "class_name": "RelatedNodeInfo"}, "2": {"node_id": "58501c11-bf16-4df4-ae3f-19d2b1a76d58", "node_type": "1", "metadata": {"document_title": "HOJA DE DATOS DE SEGURIDAD", "metadata_product": "Dykem\u00ae Cross Check\u2122 - Orange, Verde, Rojo, Yellow and Blue", "metadata_description": "", "metadata_recommended_use": "Inspection Paint", "metadata_section": "Seccion 2: Identificaci\u00f3n de peligros"}, "hash": "c730bd847c2b6a21b633450f17ffca24258fee7a95cbf9ccd09f9046cc27fb21", "class_name": "RelatedNodeInfo"}, "3": {"node_id": "debff71f-b5c6-464f-850a-78f352817aa0", "node_type": "1", "metadata": {"document_title": "HOJA DE DATOS DE SEGURIDAD", "metadata_product": "Dykem\u00ae Cross Check\u2122 - Orange, Verde, Rojo, Yellow and Blue", "metadata_description": "", "metadata_recommended_use": "Inspection Paint", "metadata_section": "Seccion 4: Primeros auxilios"}, "hash": "bd2db571883505604152990971ab8c33c8414acf36ed964e0fda30059d620783", "class_name": "RelatedNodeInfo"}}, "hash": "7747f4703a72b1848e16cdf8db49b71bc044a0e423b4e89c7dfbec6926176ac6", "text": "Mezclas; Nombre qu\u00edmico;Nombre com\u00fan y sin\u00f3nimos;N\u00famero CAS;%\nNafta de bajo punto de ebullici\u00f3n, sin especificar, (disolvente de Stoddard);64742-88-7;40 - < 50\ndiacet\u00f3n-alcohol;123-42-2;3 - < 5\nDestillates Petroleum Hydrotreated Light;64742-47-8;3 - < 5\nMethyl Ethyl Ketoxime;96-29-7;< 3\nDisolvente Stoddard, nafta de bajo punto de ebullici\u00f3n, sin especificar;8052-41-3;< 1", "start_char_idx": null, "end_char_idx": null, "text_template": "{metadata_str}\n\n{content}", "metadata_template": "{key}: {value}", "metadata_seperator": "\n", "class_name": "TextNode"}, "__type__": "1"}, "debff71f-b5c6-464f-850a-78f352817aa0": {"__data__": {"id_": "debff71f-b5c6-464f-850a-78f352817aa0", "embedding": null, "metadata": {"document_title": "HOJA DE DATOS DE SEGURIDAD", "metadata_product": "Dykem\u00ae Cross Check\u2122 - Orange, Verde, Rojo, Yellow and Blue", "metadata_description": "", "metadata_recommended_use": "Inspection Paint", "metadata_section": "Seccion 4: Primeros auxilios"}, "excluded_embed_metadata_keys": [], "excluded_llm_metadata_keys": [], "relationships": {"1": {"node_id": "9a6a54b3-5af1-43e1-b97d-08af0e74e206", "node_type": "4", "metadata": {"document_title": "HOJA DE DATOS DE SEGURIDAD", "metadata_product": "Dykem\u00ae Cross Check\u2122 - Orange, Verde, Rojo, Yellow and Blue", "metadata_description": "", "metadata_recommended_use": "Inspection Paint", "metadata_section": "Seccion 4: Primeros auxilios"}, "hash": "bd2db571883505604152990971ab8c33c8414acf36ed964e0fda30059d620783", "class_name": "RelatedNodeInfo"}, "2": {"node_id": "7c80d28b-16f4-480a-a6f7-26002cd3164b", "node_type": "1", "metadata": {"document_title": "HOJA DE DATOS DE SEGURIDAD", "metadata_product": "Dykem\u00ae Cross Check\u2122 - Orange, Verde, Rojo, Yellow and Blue", "metadata_description": "", "metadata_recommended_use": "Inspection Paint", "metadata_section": "Seccion 3: Composici\u00f3n/informaci\u00f3n sobre los componentes"}, "hash": "7747f4703a72b1848e16cdf8db49b71bc044a0e423b4e89c7dfbec6926176ac6", "class_name": "RelatedNodeInfo"}, "3": {"node_id": "ea95a70b-d6fc-478f-a245-6eed86e2b182", "node_type": "1", "metadata": {"document_title": "HOJA DE DATOS DE SEGURIDAD", "metadata_product": "Dykem\u00ae Cross Check\u2122 - Orange, Verde, Rojo, Yellow and Blue", "metadata_description": "", "metadata_recommended_use": "Inspection Paint", "metadata_section": "Seccion 5: Medidas de lucha contra incendios"}, "hash": "68baa83ef68c628e267a35107648c3d1175c1aa182dc4dffee3fcb1e89e2ffa1", "class_name": "RelatedNodeInfo"}}, "hash": "bd2db571883505604152990971ab8c33c8414acf36ed964e0fda30059d620783", "text": "Inhalaci\u00f3n;Traslade al aire libre. Llame al m\u00e9dico si los s\u00edntomas aparecen o persisten.\nContacto con la cut\u00e1nea;Quite inmediatamente la ropa contaminada y l\u00e1vela la piel con agua y jab\u00f3n. En caso de eczema u otras molestias cut\u00e1neas: acuda al m\u00e9dico y mu\u00e9strele esta hoja de datos de seguridad.\nContacto con los ocular;Enjuague los ojos de inmediato con abundante agua durante al menos 15 minutos. Quitar las lentes de contacto, cuando est\u00e9n presentes y pueda hacerse con facilidad. Proseguir con el lavado. Busque atenci\u00f3n m\u00e9dica si la irritaci\u00f3n se desarrolla y persiste.\nIngesti\u00f3n;Llame al m\u00e9dico o centro de control de intoxicaciones inmediatamente. Enju\u00e1guese la boca. No inducir el v\u00f3mito. En caso de v\u00f3mito, colocar la cabeza a un nivel m\u00e1s bajo que el est\u00f3mago para evitar que el v\u00f3mito entre en los pulmones.\nS\u00edntomas/efectos importantes, agudos o retardados;Su inhalaci\u00f3n puede causar edema pulmonar y narcosis. Cambios conductuales. Reducci\u00f3n en las funciones motoras. Grave irritaci\u00f3n de los ojos. Los s\u00edntomas pueden incluir escozor, lagrimeo, enrojecimiento, hinchaz\u00f3n y visi\u00f3n borrosa. Puede provocar una reacci\u00f3n cut\u00e1nea al\u00e9rgica. Dermatitis. Sarpullido. Una exposici\u00f3n prolongada puede producir efectos cr\u00f3nicos.\nIndicaci\u00f3n de la necesidad de recibir atenci\u00f3n m\u00e9dica de inmediato y, en su caso, tratamiento especial;Proporcionar las medidas de apoyo generales y de tratamiento sintom\u00e1tico. En caso de quemaduras: Enju\u00e1guese inmediatamente con agua. Baje el contenido de aguardiente, quite la ropa que no est\u00e9 pegada a la piel. Llama a un ambulancia o chorro de agua y aerosol de transporte. Mantenga a la v\u00edctima baja observaci\u00f3n. Los s\u00edntomas pueden retrasarse.\nInformaci\u00f3n general;Qu\u00edtese inmediatamente la ropa contaminada. EN CASO DE exposici\u00f3n mostrada o supuesta: consultar a un m\u00e9dico. En caso de malestar, acuda al m\u00e9dico (si es posible, mu\u00e9strele la etiqueta). Aseg\u00farese de que el personal m\u00e9dico tenga conocimiento de los materiales involucrados y tome las precauciones adecuadas para su propia protecci\u00f3n. Lavar la ropa contaminada antes de volverla a usar.", "start_char_idx": null, "end_char_idx": null, "text_template": "{metadata_str}\n\n{content}", "metadata_template": "{key}: {value}", "metadata_seperator": "\n", "class_name": "TextNode"}, "__type__": "1"}, "ea95a70b-d6fc-478f-a245-6eed86e2b182": {"__data__": {"id_": "ea95a70b-d6fc-478f-a245-6eed86e2b182", "embedding": null, "metadata": {"document_title": "HOJA DE DATOS DE SEGURIDAD", "metadata_product": "Dykem\u00ae Cross Check\u2122 - Orange, Verde, Rojo, Yellow and Blue", "metadata_description": "", "metadata_recommended_use": "Inspection Paint", "metadata_section": "Seccion 5: Medidas de lucha contra incendios"}, "excluded_embed_metadata_keys": [], "excluded_llm_metadata_keys": [], "relationships": {"1": {"node_id": "020244e0-98f2-4ed2-b96a-b80b3d0a2e04", "node_type": "4", "metadata": {"document_title": "HOJA DE DATOS DE SEGURIDAD", "metadata_product": "Dykem\u00ae Cross Check\u2122 - Orange, Verde, Rojo, Yellow and Blue", "metadata_description": "", "metadata_recommended_use": "Inspection Paint", "metadata_section": "Seccion 5: Medidas de lucha contra incendios"}, "hash": "68baa83ef68c628e267a35107648c3d1175c1aa182dc4dffee3fcb1e89e2ffa1", "class_name": "RelatedNodeInfo"}, "2": {"node_id": "debff71f-b5c6-464f-850a-78f352817aa0", "node_type": "1", "metadata": {"document_title": "HOJA DE DATOS DE SEGURIDAD", "metadata_product": "Dykem\u00ae Cross Check\u2122 - Orange, Verde, Rojo, Yellow and Blue", "metadata_description": "", "metadata_recommended_use": "Inspection Paint", "metadata_section": "Seccion 4: Primeros auxilios"}, "hash": "bd2db571883505604152990971ab8c33c8414acf36ed964e0fda30059d620783", "class_name": "RelatedNodeInfo"}, "3": {"node_id": "c11ace9b-7e76-4a0b-be4e-a54fe96af5bf", "node_type": "1", "metadata": {"document_title": "HOJA DE DATOS DE SEGURIDAD", "metadata_product": "Dykem\u00ae Cross Check\u2122 - Orange, Verde, Rojo, Yellow and Blue", "metadata_description": "", "metadata_recommended_use": "Inspection Paint", "metadata_section": "Seccion 6: Medidas que deben tomarse en caso de vertido accidental"}, "hash": "0b77c53ea3a71fdb5c931a1ecca63b89e299f45f73b427aa107049043b46993f", "class_name": "RelatedNodeInfo"}}, "hash": "68baa83ef68c628e267a35107648c3d1175c1aa182dc4dffee3fcb1e89e2ffa1", "text": "Medios de ataque apropiados;Nebina de agua. Espuma resistente al alcohol. Polvo qu\u00edmico seco. Bi\u00f3xido de carbono (CO2).\nMedios no adecuados de extinci\u00f3n;No utilizar agua a presi\u00f3n, puede extender el incendio. Peligros espec\u00edficos del producto qu\u00edmico: Los vapores pueden formar mezclas explosivas con el aire. Los vapores pueden desplazarse una distancia bastante larga hacia una fuente de ignici\u00f3n y dar lugar a retroceso de la llama. En caso de incendio se pueden formar gases nocivos. \nEquipo especial de protecci\u00f3n y medias de precauci\u00f3n para los bomberos: Use aparato respiratorio aut\u00f3nomo y traje de protecci\u00f3n completo en caso de incendio.  \nEquipos/instrucciones para la lucha contra incendios: En caso de incendio y/o de explosi\u00f3n no respire los humos. Mueva los recipientes del \u00e1rea del incendio si puede hacerlo sin riesgo.  \nM\u00e9todos espec\u00edficos: Utilizar procedimientos est\u00e1ndar contra incendios y considerar los riesgos de otros materiales involucrados \nRiesgos generales de incendio: L\u00edquidos y vapores inflamables", "start_char_idx": null, "end_char_idx": null, "text_template": "{metadata_str}\n\n{content}", "metadata_template": "{key}: {value}", "metadata_seperator": "\n", "class_name": "TextNode"}, "__type__": "1"}, "c11ace9b-7e76-4a0b-be4e-a54fe96af5bf": {"__data__": {"id_": "c11ace9b-7e76-4a0b-be4e-a54fe96af5bf", "embedding": null, "metadata": {"document_title": "HOJA DE DATOS DE SEGURIDAD", "metadata_product": "Dykem\u00ae Cross Check\u2122 - Orange, Verde, Rojo, Yellow and Blue", "metadata_description": "", "metadata_recommended_use": "Inspection Paint", "metadata_section": "Seccion 6: Medidas que deben tomarse en caso de vertido accidental"}, "excluded_embed_metadata_keys": [], "excluded_llm_metadata_keys": [], "relationships": {"1": {"node_id": "4201dafa-620b-4091-83d8-f51c6d3641bf", "node_type": "4", "metadata": {"document_title": "HOJA DE DATOS DE SEGURIDAD", "metadata_product": "Dykem\u00ae Cross Check\u2122 - Orange, Verde, Rojo, Yellow and Blue", "metadata_description": "", "metadata_recommended_use": "Inspection Paint", "metadata_section": "Seccion 6: Medidas que deben tomarse en caso de vertido accidental"}, "hash": "0b77c53ea3a71fdb5c931a1ecca63b89e299f45f73b427aa107049043b46993f", "class_name": "RelatedNodeInfo"}, "2": {"node_id": "ea95a70b-d6fc-478f-a245-6eed86e2b182", "node_type": "1", "metadata": {"document_title": "HOJA DE DATOS DE SEGURIDAD", "metadata_product": "Dykem\u00ae Cross Check\u2122 - Orange, Verde, Rojo, Yellow and Blue", "metadata_description": "", "metadata_recommended_use": "Inspection Paint", "metadata_section": "Seccion 5: Medidas de lucha contra incendios"}, "hash": "68baa83ef68c628e267a35107648c3d1175c1aa182dc4dffee3fcb1e89e2ffa1", "class_name": "RelatedNodeInfo"}, "3": {"node_id": "61480583-9b1e-40e1-bdb0-dff28f3a1cbc", "node_type": "1", "metadata": {"document_title": "HOJA DE DATOS DE SEGURIDAD", "metadata_product": "Dykem\u00ae Cross Check\u2122 - Orange, Verde, Rojo, Yellow and Blue", "metadata_description": "", "metadata_recommended_use": "Inspection Paint", "metadata_section": "Seccion 7: Manipulaci\u00f3n y almacenamiento"}, "hash": "6c7dcc1c36c15d8661b517ec819cdc8f509375641efd9b8bfea568b37a0f577a", "class_name": "RelatedNodeInfo"}}, "hash": "0b77c53ea3a71fdb5c931a1ecca63b89e299f45f73b427aa107049043b46993f", "text": "Precauciones personales, equipo protector y procedimiento de emergencia\nMant\u00e9ngase alejado al personal que no sea necesario. Mantenga alejadas a las personas de la zona de la fuga y alejando el producto al viento. Eliminar todas las fuentes de ignici\u00f3n (no fumar, tea, chispas ni llamas en los alrededores). Use equipo rota de protecci\u00f3n apropiados durante la limpieza. No respirar nieblas o vapores. No toque los recipientes da\u00f1ados o el material derramado a menos que est\u00e9 usando ropa protectora adecuada. Ventilar los espacios cerrados antes de entrar. Las autoridades locales deben ser informadas si las acciones importantes no pueden contenerse. Para consultar la recepci\u00f3n personal, v\u00e9ase la secci\u00f3n 8 de la HDS.\nM\u00e9todos y materiales para la contenci\u00f3n y limpieza de vertidos\nUse agua pulverizada para reducir vapores o desviarl el desplazamiento de la nube de vapor. Eliminar todas las fuentes de ignici\u00f3n (no fumar, tea, chispas ni llamas en los alrededores). Mantenga los materiales combustibles (madera, papel, petr\u00f3leo, etc.), lejos del material derramado. Tomar medidas de precauci\u00f3n contra las descargas electrost\u00e1ticas. No utilizar herramientas que produzcan chispas.\nDerrames grandes: Detenga el flujo de material si esto no entra\u00f1aba riesgo. Forme un dique para el material derramado donde sea posible. Usar un material contraflujo como vermiculita, arena o tierra para absorber el producto y colocarlo en un recipiente para su eliminaci\u00f3n posterior. Despu\u00e9s de recuperar el producto, enjuague el \u00e1rea con agua.\nDerrames peque\u00f1os: Absorba con tierra, arena u otro material no combustible y transfiera a recipientes para su posterior eliminaci\u00f3n. Limpie con material absorbente (por ejemplo, tela, vell\u00f3n). Limpie cuidadosamente la superficie para eliminar los restos de contaminaci\u00f3n.\nNunca regrese el producto derramado al envase original para reutilizarlo. Ponga el material en recipientes adecuados, cubiertos y etiquetados. Para la eliminaci\u00f3n de los residuos, ver la Secci\u00f3n 13 de la HDS.\nPrecauciones relativas al medio ambiente.\nNo verter los residuos al desag\u00fce, al suelo o las corrientes de agua.", "start_char_idx": null, "end_char_idx": null, "text_template": "{metadata_str}\n\n{content}", "metadata_template": "{key}: {value}", "metadata_seperator": "\n", "class_name": "TextNode"}, "__type__": "1"}, "61480583-9b1e-40e1-bdb0-dff28f3a1cbc": {"__data__": {"id_": "61480583-9b1e-40e1-bdb0-dff28f3a1cbc", "embedding": null, "metadata": {"document_title": "HOJA DE DATOS DE SEGURIDAD", "metadata_product": "Dykem\u00ae Cross Check\u2122 - Orange, Verde, Rojo, Yellow and Blue", "metadata_description": "", "metadata_recommended_use": "Inspection Paint", "metadata_section": "Seccion 7: Manipulaci\u00f3n y almacenamiento"}, "excluded_embed_metadata_keys": [], "excluded_llm_metadata_keys": [], "relationships": {"1": {"node_id": "f2b2cb5c-f3c5-48cd-bdb8-4e27aa74e505", "node_type": "4", "metadata": {"document_title": "HOJA DE DATOS DE SEGURIDAD", "metadata_product": "Dykem\u00ae Cross Check\u2122 - Orange, Verde, Rojo, Yellow and Blue", "metadata_description": "", "metadata_recommended_use": "Inspection Paint", "metadata_section": "Seccion 7: Manipulaci\u00f3n y almacenamiento"}, "hash": "6c7dcc1c36c15d8661b517ec819cdc8f509375641efd9b8bfea568b37a0f577a", "class_name": "RelatedNodeInfo"}, "2": {"node_id": "c11ace9b-7e76-4a0b-be4e-a54fe96af5bf", "node_type": "1", "metadata": {"document_title": "HOJA DE DATOS DE SEGURIDAD", "metadata_product": "Dykem\u00ae Cross Check\u2122 - Orange, Verde, Rojo, Yellow and Blue", "metadata_description": "", "metadata_recommended_use": "Inspection Paint", "metadata_section": "Seccion 6: Medidas que deben tomarse en caso de vertido accidental"}, "hash": "0b77c53ea3a71fdb5c931a1ecca63b89e299f45f73b427aa107049043b46993f", "class_name": "RelatedNodeInfo"}, "3": {"node_id": "97f4d110-88e2-409d-aa8e-bc053ac64433", "node_type": "1", "metadata": {"document_title": "HOJA DE DATOS DE SEGURIDAD", "metadata_product": "Dykem\u00ae Cross Check\u2122 - Orange, Verde, Rojo, Yellow and Blue", "metadata_description": "", "metadata_recommended_use": "Inspection Paint", "metadata_section": "Seccion 8: Controles de exposici\u00f3n/protecci\u00f3n personal"}, "hash": "6e5340caba86e57ac9f4b81d0af44ccc1f54e608f0f26962b20f52f384c76ba2", "class_name": "RelatedNodeInfo"}}, "hash": "6c7dcc1c36c15d8661b517ec819cdc8f509375641efd9b8bfea568b37a0f577a", "text": "Precauciones para un manejo seguro: Procurarse las instrucciones antes del uso. No manipular antes de haber le\u00eddo y comprendido todas las precauciones de seguridad. No maneje, almacene o abra cerca de llama abierta, fuentes de calor o fuentes de ignici\u00f3n. Proteja el material de la luz solar directa. Ventilaci\u00f3n de escape general y local a prueba de explosiones. Ev\u00edtese la acumulaci\u00f3n de cargas electroest\u00e1ticas. Todo el equipo que se utiliza al manejar el producto debe estar conectado a tierra. Use herramientas a prueba de chispa y equipo a prueba de explosi\u00f3n. No respirar nieblas o vapores. Ev\u00edtese el contacto con los ojos, la piel y la ropa. Evitar la exposici\u00f3n prolongada. Mientras se utiliza, se prohibe comer, beber o fumar. De ser posible, debe manejarse en sistemas cerrados. Use equipo protector personal adecuado. Lavarse las manos cuidadosamente despu\u00e9s de la manipulaci\u00f3n. Respete las normas para un manejo correcto de los qu\u00edmicos. Condiciones de almacenamiento seguro, incluidas cualesquiera incompatibilidades: Guardar bajo llave. Guardar lejos del calor, las chispas o llamas abiertas. Evite que se acumulen cargas electrost\u00e1ticas usando las t\u00e9cnicas comunes de uni\u00f3n y conexi\u00f3n a tierra. Gu\u00e1rdese en un lugar fresco y seco sin exposici\u00f3n a la luz solar directa. Gu\u00e1rdese en el recipiente original bien cerrado. Almacenar en un lugar bien ventilado. Gu\u00e1rdelo en una zona equipada con extintores autom\u00e1ticos. Almacenar alejado de materiales incompatibles (v\u00e9ase la Secci\u00f3n 10 de la HDS).", "start_char_idx": null, "end_char_idx": null, "text_template": "{metadata_str}\n\n{content}", "metadata_template": "{key}: {value}", "metadata_seperator": "\n", "class_name": "TextNode"}, "__type__": "1"}, "97f4d110-88e2-409d-aa8e-bc053ac64433": {"__data__": {"id_": "97f4d110-88e2-409d-aa8e-bc053ac64433", "embedding": null, "metadata": {"document_title": "HOJA DE DATOS DE SEGURIDAD", "metadata_product": "Dykem\u00ae Cross Check\u2122 - Orange, Verde, Rojo, Yellow and Blue", "metadata_description": "", "metadata_recommended_use": "Inspection Paint", "metadata_section": "Seccion 8: Controles de exposici\u00f3n/protecci\u00f3n personal"}, "excluded_embed_metadata_keys": [], "excluded_llm_metadata_keys": [], "relationships": {"1": {"node_id": "cfc118bc-bab6-4ede-9b1c-1c7b658b7bb2", "node_type": "4", "metadata": {"document_title": "HOJA DE DATOS DE SEGURIDAD", "metadata_product": "Dykem\u00ae Cross Check\u2122 - Orange, Verde, Rojo, Yellow and Blue", "metadata_description": "", "metadata_recommended_use": "Inspection Paint", "metadata_section": "Seccion 8: Controles de exposici\u00f3n/protecci\u00f3n personal"}, "hash": "c1acb27090247773ebd8642520ce1f9f9e68f3d46a9c7e4246244ac5539717f5", "class_name": "RelatedNodeInfo"}, "2": {"node_id": "61480583-9b1e-40e1-bdb0-dff28f3a1cbc", "node_type": "1", "metadata": {"document_title": "HOJA DE DATOS DE SEGURIDAD", "metadata_product": "Dykem\u00ae Cross Check\u2122 - Orange, Verde, Rojo, Yellow and Blue", "metadata_description": "", "metadata_recommended_use": "Inspection Paint", "metadata_section": "Seccion 7: Manipulaci\u00f3n y almacenamiento"}, "hash": "6c7dcc1c36c15d8661b517ec819cdc8f509375641efd9b8bfea568b37a0f577a", "class_name": "RelatedNodeInfo"}, "3": {"node_id": "c1f85df3-d34f-4c74-9b1c-4a81a836c50e", "node_type": "1", "metadata": {"document_title": "HOJA DE DATOS DE SEGURIDAD", "metadata_product": "Dykem\u00ae Cross Check\u2122 - Orange, Verde, Rojo, Yellow and Blue", "metadata_description": "", "metadata_recommended_use": "Inspection Paint", "metadata_section": "Seccion 8: Controles de exposici\u00f3n/protecci\u00f3n personal"}, "hash": "4fd1c0cc0f4028bcb95af3e916914fac682c179fbd9fcf893fcf45a00b5bf590", "class_name": "RelatedNodeInfo"}}, "hash": "6e5340caba86e57ac9f4b81d0af44ccc1f54e608f0f26962b20f52f384c76ba2", "text": "L\u00edmite(s) de exposici\u00f3n ocupacional Los siguientes componentes son los \u00fanicos entre del producto que tienen un PEL, TLV u otro l\u00edmite de exposici\u00f3n recomendado. Actualmente los otros componentes no tienen establecido un l\u00edmite de exposici\u00f3n. Tipo de material: Dykem\u00ae Cross Check\u2122 - Orange, Verde , Rojo, Yellow and Blue .SDS US 83314 (Orange), 83315 (Green), 83316 (Red), 83317 (Yellow), 83318 (Blue) N\u00famero de publicaci\u00f3n de la versi\u00f3n: 01 La fecha de emisi\u00f3n: 16-Abr.;Distillates Petroleum HydroTreated Light (CAS 64742-47-8);L\u00edmite de Exposici\u00f3n Permisible (LEP);5 mg/m\u00b3;Oil mist. OSHA de EE.UU. - Tabla Z-1 - L\u00edmites para los contaminantes del aire (29 CFR 1910.1000);Componentes;Tipo;Valor;diacet\u00f3n-alcohol (CAS 123-42-2);L\u00edmite de Exposici\u00f3n Permisible (LEP);240 mg/m\u00b3; Disolvente Stoddard, nafta de bajo punto de ebullici\u00f3n, sin especificar (CAS 8052-41-3);L\u00edmite de Exposici\u00f3n Permisible (LEP);50 ppm;2900 mg/m\u00b3 ACGIH;Componentes;Tipo;Valor;Forma ;Distillates Petroleum HydroTreated Light (CAS 64742-47-8);STEL;10 mg/m\u00b3;Oil mist. EE.UU. Valores umbrales ACGIH;Componentes;Tipo;Valor ;diacet\u00f3n-alcohol (CAS 123-42-2);TWA;50 ppm; ;Disolvente Stoddard, nafta de bajo punto de ebullici\u00f3n, sin especificar (CAS 8052-41-3);TWA;100 ppm; NIOSH de EE.UU: Gu\u00eda de bolsillo acerca de los peligros qu\u00edmicos;Componentes;Tipo;Valor;diacet\u00f3n-alcohol (CAS 123-42-2);TWA;240 mg/m\u00b3; ;Disolvente Stoddard, nafta de bajo punto de ebullici\u00f3n, sin especificar (CAS 8052-41-3);TWA;50 ppm;350 mg/m\u00b3; Gu\u00eda del Nivel de Exposici\u00f3n Ambiental en el Puesto de Trabajo (WEEL), EUA;Componentes;Tipo;Valor;Valor techo ;Methyl Ethyl Ketoxime (CAS 96-29-7);TWA;36 mg/m\u00b3;10 ppm Valores l\u00edmites biol\u00f3gicos;", "start_char_idx": null, "end_char_idx": null, "text_template": "{metadata_str}\n\n{content}", "metadata_template": "{key}: {value}", "metadata_seperator": "\n", "class_name": "TextNode"}, "__type__": "1"}, "c1f85df3-d34f-4c74-9b1c-4a81a836c50e": {"__data__": {"id_": "c1f85df3-d34f-4c74-9b1c-4a81a836c50e", "embedding": null, "metadata": {"document_title": "HOJA DE DATOS DE SEGURIDAD", "metadata_product": "Dykem\u00ae Cross Check\u2122 - Orange, Verde, Rojo, Yellow and Blue", "metadata_description": "", "metadata_recommended_use": "Inspection Paint", "metadata_section": "Seccion 8: Controles de exposici\u00f3n/protecci\u00f3n personal"}, "excluded_embed_metadata_keys": [], "excluded_llm_metadata_keys": [], "relationships": {"1": {"node_id": "7c3b0db2-733b-45ac-9178-ab0583663930", "node_type": "4", "metadata": {"document_title": "HOJA DE DATOS DE SEGURIDAD", "metadata_product": "Dykem\u00ae Cross Check\u2122 - Orange, Verde, Rojo, Yellow and Blue", "metadata_description": "", "metadata_recommended_use": "Inspection Paint", "metadata_section": "Seccion 8: Controles de exposici\u00f3n/protecci\u00f3n personal"}, "hash": "4fd1c0cc0f4028bcb95af3e916914fac682c179fbd9fcf893fcf45a00b5bf590", "class_name": "RelatedNodeInfo"}, "2": {"node_id": "97f4d110-88e2-409d-aa8e-bc053ac64433", "node_type": "1", "metadata": {"document_title": "HOJA DE DATOS DE SEGURIDAD", "metadata_product": "Dykem\u00ae Cross Check\u2122 - Orange, Verde, Rojo, Yellow and Blue", "metadata_description": "", "metadata_recommended_use": "Inspection Paint", "metadata_section": "Seccion 8: Controles de exposici\u00f3n/protecci\u00f3n personal"}, "hash": "6e5340caba86e57ac9f4b81d0af44ccc1f54e608f0f26962b20f52f384c76ba2", "class_name": "RelatedNodeInfo"}, "3": {"node_id": "54d3b636-fa68-442b-b114-88fd666e214d", "node_type": "1", "metadata": {"document_title": "HOJA DE DATOS DE SEGURIDAD", "metadata_product": "Dykem\u00ae Cross Check\u2122 - Orange, Verde, Rojo, Yellow and Blue", "metadata_description": "", "metadata_recommended_use": "Inspection Paint", "metadata_section": "9. Propiedades f\u00edsicas y qu\u00edmicas"}, "hash": "3b267336f27c3c09f2f29c344c179b0d6a645e088eed414edd1f3e873b517fe3", "class_name": "RelatedNodeInfo"}}, "hash": "4fd1c0cc0f4028bcb95af3e916914fac682c179fbd9fcf893fcf45a00b5bf590", "text": "No se indican l\u00edmites de exposici\u00f3n biol\u00f3gica para los componentes. Controles t\u00e9cnicos apropiados; ; ;Ventilaci\u00f3n de escape general y local a prueba de explosiones. Debe haber una ventilaci\u00f3n general adecuada (t\u00edpicamente 10 renovaciones del aire por hora). La frecuencia de la renovaci\u00f3n del aire debe corresponder a las condiciones. De ser posible, use campanas extractoras, ventilaci\u00f3n aspirada local u otros medios t\u00e9cnicos para mantener los niveles de exposici\u00f3n por debajo de los l\u00edmites de exposici\u00f3n recomendados. Si no se han establecido ning\u00fan l\u00edmite de exposici\u00f3n, el nivel de contaminantes suspendidos en el aire ha de mantenerse a un nivel aceptable. Proveer estaci\u00f3n especial para lavado de ojos. Medidas de protecci\u00f3n individual, como equipos de protecci\u00f3n personal recomendados; ;Protecci\u00f3n para los ojos/la cara; Use gafas de seguridad con protectores laterales o (goggles). ;Protecci\u00f3n para la piel;Protecci\u00f3n para las manos; Use guantes adecuados resistentes a los productos qu\u00edmicos. \"Otros\": Use ropa adecuada resistente a los productos quimicos. Se recomienda el uso de delantal impermeable. ;\"Protecci\u00f3n respiratoria\": Si los controles de ingenieria no mantienen las concentraciones en el aire por debajo de los limites de exposicion recomendados(cuando proceda) o a un nivel aceptable (en paises donde no se hayan establecido limites de exposicion) ha de utilizarse un respirador aprobado.\"Peligros t\u00e9rmicos\": Llevar ropa adecuada de protecci\u00f3n t\u00e9rmica, cuando sea neceseario.\"Consideraciones generales sobre higiene\": Obserservense todos los requisitos de vigilancia m\u00e9dica. No fumar durante su utilizacion. Seguir siempre buenas medidas de higiene personal, como lavarse despues de manejar el material y antes de comer, beber y/o fumar. Rutinariamente lave la ropa de trabajo y el equipo de proyeccion para eliminar los contaminantes. La ropa de trabajo contaminada no debe salir del lugar de trabajo.", "start_char_idx": null, "end_char_idx": null, "text_template": "{metadata_str}\n\n{content}", "metadata_template": "{key}: {value}", "metadata_seperator": "\n", "class_name": "TextNode"}, "__type__": "1"}, "54d3b636-fa68-442b-b114-88fd666e214d": {"__data__": {"id_": "54d3b636-fa68-442b-b114-88fd666e214d", "embedding": null, "metadata": {"document_title": "HOJA DE DATOS DE SEGURIDAD", "metadata_product": "Dykem\u00ae Cross Check\u2122 - Orange, Verde, Rojo, Yellow and Blue", "metadata_description": "", "metadata_recommended_use": "Inspection Paint", "metadata_section": "9. Propiedades f\u00edsicas y qu\u00edmicas"}, "excluded_embed_metadata_keys": [], "excluded_llm_metadata_keys": [], "relationships": {"1": {"node_id": "e85b8b21-d29f-4a6d-ac12-70481b4d5dd7", "node_type": "4", "metadata": {"document_title": "HOJA DE DATOS DE SEGURIDAD", "metadata_product": "Dykem\u00ae Cross Check\u2122 - Orange, Verde, Rojo, Yellow and Blue", "metadata_description": "", "metadata_recommended_use": "Inspection Paint", "metadata_section": "9. Propiedades f\u00edsicas y qu\u00edmicas"}, "hash": "3b267336f27c3c09f2f29c344c179b0d6a645e088eed414edd1f3e873b517fe3", "class_name": "RelatedNodeInfo"}, "2": {"node_id": "c1f85df3-d34f-4c74-9b1c-4a81a836c50e", "node_type": "1", "metadata": {"document_title": "HOJA DE DATOS DE SEGURIDAD", "metadata_product": "Dykem\u00ae Cross Check\u2122 - Orange, Verde, Rojo, Yellow and Blue", "metadata_description": "", "metadata_recommended_use": "Inspection Paint", "metadata_section": "Seccion 8: Controles de exposici\u00f3n/protecci\u00f3n personal"}, "hash": "4fd1c0cc0f4028bcb95af3e916914fac682c179fbd9fcf893fcf45a00b5bf590", "class_name": "RelatedNodeInfo"}, "3": {"node_id": "e82f7156-ad32-491f-b044-bede32fe8c6d", "node_type": "1", "metadata": {"document_title": "HOJA DE DATOS DE SEGURIDAD", "metadata_product": "Dykem\u00ae Cross Check\u2122 - Orange, Verde, Rojo, Yellow and Blue", "metadata_description": "", "metadata_recommended_use": "Inspection Paint", "metadata_section": "Estabilidad y reactividad"}, "hash": "1ada48880d5af8ca3d5bbda17a752c4a6a62e5b5ae5bac70c0a445e895b34d8d", "class_name": "RelatedNodeInfo"}}, "hash": "3b267336f27c3c09f2f29c344c179b0d6a645e088eed414edd1f3e873b517fe3", "text": "Apariencia: Estado f\u00edsico: L\u00edquido.; Forma: L\u00edquido.; Color: Varios.; Olor: Suave.; Umbral olfativo: No se dispone.; pH: No se dispone.; Punto de fusi\u00f3n/punto de congelaci\u00f3n: No se dispone.; Punto inicial e intervalo de ebullici\u00f3n: 136.1 - 251.7 \u00b0C (276.98 - 485.06 \u00b0F); Punto de inflamaci\u00f3n: 40.6 \u00b0C (105.1 \u00b0F); Tasa de evaporaci\u00f3n: No se dispone.; Inflamabilidad (s\u00f3lido, gas): No aplicable.; L\u00edmite superior/inferior de inflamabilidad (%): L\u00edmite inferior de inflamabilidad (%): 1.1 %; L\u00edmite superior de inflamabilidad (%): No se dispone.; L\u00edmite superior de explosividad (%): No se dispone.; Presi\u00f3n de vapor: No se dispone.; Densidad de vapor: > 1 (Aire = 1); Densidad relativa: No se dispone.; Solubilidad(es): Solubilidad (agua): No se dispone.; Coeficiente de reparto: n-octanol/agua: No se dispone.; Temperatura de auto-inflamaci\u00f3n: No se dispone.; Temperatura de descomposici\u00f3n: No se dispone.; Viscosidad: No se dispone.; Otras informaciones: Propiedades explosivas: No explosivo.; Propiedades comburentes: No comburente.; COV: A998M Orange: 42.28%, 430 g/L; A991M Green: 38.74%, 377 g/L; A992M Red: 39.49%, 385 g/L; A993M Yellow: 40.08%, 374 g/L; A994M Blue: 37.62%, 364 g/L;", "start_char_idx": null, "end_char_idx": null, "text_template": "{metadata_str}\n\n{content}", "metadata_template": "{key}: {value}", "metadata_seperator": "\n", "class_name": "TextNode"}, "__type__": "1"}, "e82f7156-ad32-491f-b044-bede32fe8c6d": {"__data__": {"id_": "e82f7156-ad32-491f-b044-bede32fe8c6d", "embedding": null, "metadata": {"document_title": "HOJA DE DATOS DE SEGURIDAD", "metadata_product": "Dykem\u00ae Cross Check\u2122 - Orange, Verde, Rojo, Yellow and Blue", "metadata_description": "", "metadata_recommended_use": "Inspection Paint", "metadata_section": "Estabilidad y reactividad"}, "excluded_embed_metadata_keys": [], "excluded_llm_metadata_keys": [], "relationships": {"1": {"node_id": "03f00c85-dc96-47f0-b89a-b291b2bd9f5f", "node_type": "4", "metadata": {"document_title": "HOJA DE DATOS DE SEGURIDAD", "metadata_product": "Dykem\u00ae Cross Check\u2122 - Orange, Verde, Rojo, Yellow and Blue", "metadata_description": "", "metadata_recommended_use": "Inspection Paint", "metadata_section": "Estabilidad y reactividad"}, "hash": "1ada48880d5af8ca3d5bbda17a752c4a6a62e5b5ae5bac70c0a445e895b34d8d", "class_name": "RelatedNodeInfo"}, "2": {"node_id": "54d3b636-fa68-442b-b114-88fd666e214d", "node_type": "1", "metadata": {"document_title": "HOJA DE DATOS DE SEGURIDAD", "metadata_product": "Dykem\u00ae Cross Check\u2122 - Orange, Verde, Rojo, Yellow and Blue", "metadata_description": "", "metadata_recommended_use": "Inspection Paint", "metadata_section": "9. Propiedades f\u00edsicas y qu\u00edmicas"}, "hash": "3b267336f27c3c09f2f29c344c179b0d6a645e088eed414edd1f3e873b517fe3", "class_name": "RelatedNodeInfo"}, "3": {"node_id": "4595490b-2339-47b6-9208-5079aeef3ed3", "node_type": "1", "metadata": {"document_title": "HOJA DE DATOS DE SEGURIDAD", "metadata_product": "Dykem\u00ae Cross Check\u2122 - Orange, Verde, Rojo, Yellow and Blue", "metadata_description": "", "metadata_recommended_use": "Inspection Paint", "metadata_section": "Informaci\u00f3n toxicol\u00f3gica"}, "hash": "07344253c36bd29642bb4284109f4bffcfb71e10a293fe4850f0e5a6b70c4250", "class_name": "RelatedNodeInfo"}}, "hash": "1ada48880d5af8ca3d5bbda17a752c4a6a62e5b5ae5bac70c0a445e895b34d8d", "text": "Reactividad;El producto es estable y no es reactivo en condiciones normales de uso, almacenamiento y transporte.\nEstabilidad qu\u00edmica;El material es estable bajo condiciones normales.\nPosibilidad de reacciones peligrosas;No ocurren polimerizaciones peligrosas.\nCondiciones que deben evitarse;Evite calor, chispas, llamas abiertas y otras fuentes de ignici\u00f3n. Evitar temperaturas superiores al punto de inflamaci\u00f3n. Evitar el contacto con materiales incompatibles.\nMateriales incompatibles;Agentes oxidantes fuertes.\nProductos de descomposici\u00f3n peligrosos;\u00d3xidos de carbono.", "start_char_idx": null, "end_char_idx": null, "text_template": "{metadata_str}\n\n{content}", "metadata_template": "{key}: {value}", "metadata_seperator": "\n", "class_name": "TextNode"}, "__type__": "1"}, "4595490b-2339-47b6-9208-5079aeef3ed3": {"__data__": {"id_": "4595490b-2339-47b6-9208-5079aeef3ed3", "embedding": null, "metadata": {"document_title": "HOJA DE DATOS DE SEGURIDAD", "metadata_product": "Dykem\u00ae Cross Check\u2122 - Orange, Verde, Rojo, Yellow and Blue", "metadata_description": "", "metadata_recommended_use": "Inspection Paint", "metadata_section": "Informaci\u00f3n toxicol\u00f3gica"}, "excluded_embed_metadata_keys": [], "excluded_llm_metadata_keys": [], "relationships": {"1": {"node_id": "3e2f1b46-ec6e-4117-ac49-bb4448b5e2c2", "node_type": "4", "metadata": {"document_title": "HOJA DE DATOS DE SEGURIDAD", "metadata_product": "Dykem\u00ae Cross Check\u2122 - Orange, Verde, Rojo, Yellow and Blue", "metadata_description": "", "metadata_recommended_use": "Inspection Paint", "metadata_section": "Informaci\u00f3n toxicol\u00f3gica"}, "hash": "07344253c36bd29642bb4284109f4bffcfb71e10a293fe4850f0e5a6b70c4250", "class_name": "RelatedNodeInfo"}, "2": {"node_id": "e82f7156-ad32-491f-b044-bede32fe8c6d", "node_type": "1", "metadata": {"document_title": "HOJA DE DATOS DE SEGURIDAD", "metadata_product": "Dykem\u00ae Cross Check\u2122 - Orange, Verde, Rojo, Yellow and Blue", "metadata_description": "", "metadata_recommended_use": "Inspection Paint", "metadata_section": "Estabilidad y reactividad"}, "hash": "1ada48880d5af8ca3d5bbda17a752c4a6a62e5b5ae5bac70c0a445e895b34d8d", "class_name": "RelatedNodeInfo"}, "3": {"node_id": "92446864-6519-412b-a8cc-e3cb1373be0b", "node_type": "1", "metadata": {"document_title": "HOJA DE DATOS DE SEGURIDAD", "metadata_product": "Dykem\u00ae Cross Check\u2122 - Orange, Verde, Rojo, Yellow and Blue", "metadata_description": "", "metadata_recommended_use": "Inspection Paint", "metadata_section": "Informaci\u00f3n toxicol\u00f3gica"}, "hash": "a7c883ad42b25f4493bf3b06ef987e33bf08137ade5da561279697e97c682d15", "class_name": "RelatedNodeInfo"}}, "hash": "07344253c36bd29642bb4284109f4bffcfb71e10a293fe4850f0e5a6b70c4250", "text": "Informaci\u00f3n sobre las posibles v\u00edas de exposici\u00f3n Inhalaci\u00f3n;Puede provocar da\u00f1os en los \u00f3rganos tras exposiciones prolongadas o repetidas si se inhala. Contacto con la cut\u00e1nea;Puede provocar una reacci\u00f3n cut\u00e1nea al\u00e9rgica. Contacto con los ocular;Provoca irritaci\u00f3n ocular grave. Ingesti\u00f3n;Si el producto entra en contacto con los pulmones por ingesti\u00f3n o v\u00f3mito, puede provocar una seria neumon\u00eda qu\u00edmica. S\u00edntomas relacionados a las caracter\u00edsticas f\u00edsicas, qu\u00edmicas y toxicol\u00f3gicas;Su inhalaci\u00f3n puede causar edema pulmonar y neumon\u00eda. Narcosis. Cambios conductuales. Reducci\u00f3n en las funciones motoras. Grave irritaci\u00f3n de los ojos. Los s\u00edntomas pueden incluir escozor, lagrimeo, enrojecimiento, hinchaz\u00f3n y visi\u00f3n borrosa. Puede provocar una reacci\u00f3n cut\u00e1nea al\u00e9rgica. Dermatitis. Sarpullido. Informaci\u00f3n sobre los efectos toxicol\u00f3gicos. Toxicidad aguda. Componente;Especies;Resultados de la prueba. Diacet\u00f3n-alcohol (CAS 123-42-2). D\u00e9rmico;DL50;Rata;> 1875 mg/kg, 24 Horas. Oral;DL50;Rata;> 3002 mg/kg. Distillates Petroleum Hydrotreated Light (CAS 64742-47-8) Agudo. D\u00e9rmico;DL50;conejo;> 2000 mg/kg. Inhalaci\u00f3n;Vapor CL50;Rata;> 4.5 mg/l, 4 Horas. Methyl Ethyl Ketoxime (CAS 96-29-7) Agudo. D\u00e9rmico;DL50;conejo;> 1000 mg/kg, 24 Horas. Inhalaci\u00f3n;Vapor CL50;Rata;> 4.83 mg/l, 4 Horas. Oral;DL50;Rata;> 900 mg/kg. Nafta de bajo punto de ebullici\u00f3n, sin especificar, (disolvente de Stoddard) (CAS 64742-88-7) Agudo. D\u00e9rmico;DL50;conejo;> 2000 mg/kg.", "start_char_idx": null, "end_char_idx": null, "text_template": "{metadata_str}\n\n{content}", "metadata_template": "{key}: {value}", "metadata_seperator": "\n", "class_name": "TextNode"}, "__type__": "1"}, "92446864-6519-412b-a8cc-e3cb1373be0b": {"__data__": {"id_": "92446864-6519-412b-a8cc-e3cb1373be0b", "embedding": null, "metadata": {"document_title": "HOJA DE DATOS DE SEGURIDAD", "metadata_product": "Dykem\u00ae Cross Check\u2122 - Orange, Verde, Rojo, Yellow and Blue", "metadata_description": "", "metadata_recommended_use": "Inspection Paint", "metadata_section": "Informaci\u00f3n toxicol\u00f3gica"}, "excluded_embed_metadata_keys": [], "excluded_llm_metadata_keys": [], "relationships": {"1": {"node_id": "d313838a-ce3f-416d-b91d-9281473f773b", "node_type": "4", "metadata": {"document_title": "HOJA DE DATOS DE SEGURIDAD", "metadata_product": "Dykem\u00ae Cross Check\u2122 - Orange, Verde, Rojo, Yellow and Blue", "metadata_description": "", "metadata_recommended_use": "Inspection Paint", "metadata_section": "Informaci\u00f3n toxicol\u00f3gica"}, "hash": "a7c883ad42b25f4493bf3b06ef987e33bf08137ade5da561279697e97c682d15", "class_name": "RelatedNodeInfo"}, "2": {"node_id": "4595490b-2339-47b6-9208-5079aeef3ed3", "node_type": "1", "metadata": {"document_title": "HOJA DE DATOS DE SEGURIDAD", "metadata_product": "Dykem\u00ae Cross Check\u2122 - Orange, Verde, Rojo, Yellow and Blue", "metadata_description": "", "metadata_recommended_use": "Inspection Paint", "metadata_section": "Informaci\u00f3n toxicol\u00f3gica"}, "hash": "07344253c36bd29642bb4284109f4bffcfb71e10a293fe4850f0e5a6b70c4250", "class_name": "RelatedNodeInfo"}, "3": {"node_id": "68349fe4-fe82-46a9-b555-5dd06397a493", "node_type": "1", "metadata": {"document_title": "HOJA DE DATOS DE SEGURIDAD", "metadata_product": "Dykem\u00ae Cross Check\u2122 - Orange, Verde, Rojo, Yellow and Blue", "metadata_description": "", "metadata_recommended_use": "Inspection Paint", "metadata_section": "Informaci\u00f3n ecotoxicol\u00f3gica"}, "hash": "84120253dd0c494cda35526ab4c56c124ab05dd16e9b474534a757b12536f6e9", "class_name": "RelatedNodeInfo"}}, "hash": "a7c883ad42b25f4493bf3b06ef987e33bf08137ade5da561279697e97c682d15", "text": "Tipo de material: Dykem\u00ae Cross Check\u2122 - Orange, Verde, Rojo, Yellow and Blue. 83314 (Orange), 83315 (Green), 83316 (Red), 83317 (Yellow), 83318 (Blue) Indicaci\u00f3n de la versi\u00f3n: 01 La fecha de emisi\u00f3n: 16-Abr. Componentes;Especies;Resultados de la prueba. Inhalaci\u00f3n Vapor CL50;Rata;> 4.5 mg/l, 4 Horas. Corrosi\u00f3n/irritaci\u00f3n cut\u00e1neas;;El contacto prolongado con la piel puede causar irritaci\u00f3n tempor\u00e1nea. Lesiones oculares graves/irritaci\u00f3n ocular;;Provoca irritaci\u00f3n ocular grave. Sensibilidad respiratoria o cut\u00e1nea Sensibilizaci\u00f3n respiratoria;;No es un sensibilizante respiratorio. Sensibilizaci\u00f3n cut\u00e1nea;;Puede provocar una reacci\u00f3n cut\u00e1nea al\u00e9rgica. Mutagenicidad en c\u00e9lulas germinales;;No hay datos disponibles que indiquen que el producto o cualquier compuesto presente en una cantidad superior al 0.1% sea mutag\u00e9nico o genot\u00f3xico. Carcinogenicidad;Monograf\u00edas del IARC. Evaluaci\u00f3n general de la carcinogenicidad;No listado. ;OSHA Sustancias espec\u00edficas reguladas (29 CFR 1910.1001-1052);No regulado. ;Programa Nacional de Toxicolog\u00eda de EUA (NTP). Reporte sobre carcin\u00f3genos;No listado. Toxicidad para la reproducci\u00f3n Toxicidad sist\u00e9mica espec\u00edfica de organos diana - Exposici\u00f3n \u00fanica;;No clasificado. Toxicidad sist\u00e9mica espec\u00edfica de organos diana - Exposiciones repetidas;Peligro por aspiraci\u00f3n;Provoca da\u00f1os en los \u00f3rganos (Sistema nervioso central) tras exposiciones prolongadas o repetidas. Efectos por aspiraci\u00f3n;;Puede ser mortal en caso de ingesti\u00f3n y de penetraci\u00f3n en las v\u00edas respiratorias. Informaci\u00f3n adicional;;Provoca da\u00f1os en los \u00f3rganos tras exposiciones prolongadas o repetidas. La inhalaci\u00f3n prolongada puede ser da\u00f1ina o letal.", "start_char_idx": null, "end_char_idx": null, "text_template": "{metadata_str}\n\n{content}", "metadata_template": "{key}: {value}", "metadata_seperator": "\n", "class_name": "TextNode"}, "__type__": "1"}, "68349fe4-fe82-46a9-b555-5dd06397a493": {"__data__": {"id_": "68349fe4-fe82-46a9-b555-5dd06397a493", "embedding": null, "metadata": {"document_title": "HOJA DE DATOS DE SEGURIDAD", "metadata_product": "Dykem\u00ae Cross Check\u2122 - Orange, Verde, Rojo, Yellow and Blue", "metadata_description": "", "metadata_recommended_use": "Inspection Paint", "metadata_section": "Informaci\u00f3n ecotoxicol\u00f3gica"}, "excluded_embed_metadata_keys": [], "excluded_llm_metadata_keys": [], "relationships": {"1": {"node_id": "4f28991e-2b51-436e-897f-2d56343a40cf", "node_type": "4", "metadata": {"document_title": "HOJA DE DATOS DE SEGURIDAD", "metadata_product": "Dykem\u00ae Cross Check\u2122 - Orange, Verde, Rojo, Yellow and Blue", "metadata_description": "", "metadata_recommended_use": "Inspection Paint", "metadata_section": "Informaci\u00f3n ecotoxicol\u00f3gica"}, "hash": "84120253dd0c494cda35526ab4c56c124ab05dd16e9b474534a757b12536f6e9", "class_name": "RelatedNodeInfo"}, "2": {"node_id": "92446864-6519-412b-a8cc-e3cb1373be0b", "node_type": "1", "metadata": {"document_title": "HOJA DE DATOS DE SEGURIDAD", "metadata_product": "Dykem\u00ae Cross Check\u2122 - Orange, Verde, Rojo, Yellow and Blue", "metadata_description": "", "metadata_recommended_use": "Inspection Paint", "metadata_section": "Informaci\u00f3n toxicol\u00f3gica"}, "hash": "a7c883ad42b25f4493bf3b06ef987e33bf08137ade5da561279697e97c682d15", "class_name": "RelatedNodeInfo"}, "3": {"node_id": "7915d962-8239-481c-87fd-7e838df90540", "node_type": "1", "metadata": {"document_title": "HOJA DE DATOS DE SEGURIDAD", "metadata_product": "Dykem\u00ae Cross Check\u2122 - Orange, Verde, Rojo, Yellow and Blue", "metadata_description": "", "metadata_recommended_use": "Inspection Paint", "metadata_section": "Informaci\u00f3n relativa a la eliminaci\u00f3n de los productos"}, "hash": "5a00cbb7f8659deec8b8b5be5bcfd87c4eebb4fcecc9e2e5591620cdfb63f7b1", "class_name": "RelatedNodeInfo"}}, "hash": "84120253dd0c494cda35526ab4c56c124ab05dd16e9b474534a757b12536f6e9", "text": "Ecotoxicidad; El producto no est\u00e1 clasificado como peligroso para el medio ambiente. Sin embargo, esto no excluye la posibilidad de que los vertidos grandes o frecuentes puedan provocar un efecto nocivo o perjudicial al medio ambiente. Componentes; Especies; Resultados de la prueba diacet\u00f3n-alcohol (CAS 123-42-2); Acu\u00e1tica/o; CL50 Agalla azul (Lepomis macrochirus) 420 mg/l, 96 horas diluyente Stoddard, nafta de bajo punto de ebullici\u00f3n, sin3.16 - 7.15 Destilates Petroleum Hydrodeted Light (CAS 64742-47-8); Acu\u00e1tica/o; CL50 Trucha arco iris, trucha Donaldson (Oncorhynchus mykiss) 2.9 mg/l, 96 horas Methyl Ethyl Ketoxime (CAS 96-29-7); Acu\u00e1tica/o; CL50 Carpa cabeza cebona (Pimephales promelas) 777 - 914 mg/l, 96 horas Persistencia y degradabilidad; No existen datos disponibles sobre la degradabilidad de cualquiera de los elementos en la mezcla. Potencial de bioacumulaci\u00f3n Coeficiente de reparto octanol/agua log Kow; diacet\u00f3n-alcohol; -0.098 Disolvente Stoddard, nafta de bajo punto de ebullici\u00f3n, sin3.16 - 7.15. Movilidad en el suelo: No hay datos disponibles. Otros efectos adversos: Ninguno conocido/Ninguna conocida.", "start_char_idx": null, "end_char_idx": null, "text_template": "{metadata_str}\n\n{content}", "metadata_template": "{key}: {value}", "metadata_seperator": "\n", "class_name": "TextNode"}, "__type__": "1"}, "7915d962-8239-481c-87fd-7e838df90540": {"__data__": {"id_": "7915d962-8239-481c-87fd-7e838df90540", "embedding": null, "metadata": {"document_title": "HOJA DE DATOS DE SEGURIDAD", "metadata_product": "Dykem\u00ae Cross Check\u2122 - Orange, Verde, Rojo, Yellow and Blue", "metadata_description": "", "metadata_recommended_use": "Inspection Paint", "metadata_section": "Informaci\u00f3n relativa a la eliminaci\u00f3n de los productos"}, "excluded_embed_metadata_keys": [], "excluded_llm_metadata_keys": [], "relationships": {"1": {"node_id": "a9e49ef9-c3d9-4133-8d88-ffd70eebfcda", "node_type": "4", "metadata": {"document_title": "HOJA DE DATOS DE SEGURIDAD", "metadata_product": "Dykem\u00ae Cross Check\u2122 - Orange, Verde, Rojo, Yellow and Blue", "metadata_description": "", "metadata_recommended_use": "Inspection Paint", "metadata_section": "Informaci\u00f3n relativa a la eliminaci\u00f3n de los productos"}, "hash": "5a00cbb7f8659deec8b8b5be5bcfd87c4eebb4fcecc9e2e5591620cdfb63f7b1", "class_name": "RelatedNodeInfo"}, "2": {"node_id": "68349fe4-fe82-46a9-b555-5dd06397a493", "node_type": "1", "metadata": {"document_title": "HOJA DE DATOS DE SEGURIDAD", "metadata_product": "Dykem\u00ae Cross Check\u2122 - Orange, Verde, Rojo, Yellow and Blue", "metadata_description": "", "metadata_recommended_use": "Inspection Paint", "metadata_section": "Informaci\u00f3n ecotoxicol\u00f3gica"}, "hash": "84120253dd0c494cda35526ab4c56c124ab05dd16e9b474534a757b12536f6e9", "class_name": "RelatedNodeInfo"}, "3": {"node_id": "db028cb0-741e-4f5b-9332-693b3e8bd440", "node_type": "1", "metadata": {"document_title": "HOJA DE DATOS DE SEGURIDAD", "metadata_product": "Dykem\u00ae Cross Check\u2122 - Orange, Verde, Rojo, Yellow and Blue", "metadata_description": "", "metadata_recommended_use": "Inspection Paint", "metadata_section": "Informaci\u00f3n relativa al transporte"}, "hash": "2fb9afc93381929e6939f35236487993a60e1923b381afd5ef45bf29af390332", "class_name": "RelatedNodeInfo"}}, "hash": "5a00cbb7f8659deec8b8b5be5bcfd87c4eebb4fcecc9e2e5591620cdfb63f7b1", "text": "Instrucciones para la eliminaci\u00f3n: Recoger y recuperar o botar en recipientes sellados en un vertedero oficial. Eliminar el contenido/recipiente conforme a las reglamentaciones local/regional/nacional/internacional. Reglamentaciones locales sobre la eliminaci\u00f3n: Eliminar de acuerdo con todas las regulaciones aplicables. C\u00f3digo de residuo peligroso: El C\u00f3digo de Residuo debe ser asignado despu\u00e9s de haber con el usuario, el productor y la compa\u00f1\u00eda de eliminaci\u00f3n de residuos. Residuos/producto no utilizado: Eliminar observando las normas locales en vigor. Los recipientes vac\u00edos o los revestimientos pueden retener residuos del producto. Este material y sus recipientes deben eliminarse de forma segura (v\u00e9ase: Instrucciones para la Eliminaci\u00f3n). Envases contaminados: Ya que los recipientes vac\u00edos pueden contener restos de producto, obs\u00e9rvense las advertencias indicadas en la etiqueta despu\u00e9s de vaciarse el recipiente. Los contenedores vac\u00edos deben ser llevados a un sitio de manejo aprobado para desechos, para el reciclado o eliminaci\u00f3n.", "start_char_idx": null, "end_char_idx": null, "text_template": "{metadata_str}\n\n{content}", "metadata_template": "{key}: {value}", "metadata_seperator": "\n", "class_name": "TextNode"}, "__type__": "1"}, "db028cb0-741e-4f5b-9332-693b3e8bd440": {"__data__": {"id_": "db028cb0-741e-4f5b-9332-693b3e8bd440", "embedding": null, "metadata": {"document_title": "HOJA DE DATOS DE SEGURIDAD", "metadata_product": "Dykem\u00ae Cross Check\u2122 - Orange, Verde, Rojo, Yellow and Blue", "metadata_description": "", "metadata_recommended_use": "Inspection Paint", "metadata_section": "Informaci\u00f3n relativa al transporte"}, "excluded_embed_metadata_keys": [], "excluded_llm_metadata_keys": [], "relationships": {"1": {"node_id": "330bcee4-5ce4-4230-9cd3-bbdb53429aab", "node_type": "4", "metadata": {"document_title": "HOJA DE DATOS DE SEGURIDAD", "metadata_product": "Dykem\u00ae Cross Check\u2122 - Orange, Verde, Rojo, Yellow and Blue", "metadata_description": "", "metadata_recommended_use": "Inspection Paint", "metadata_section": "Informaci\u00f3n relativa al transporte"}, "hash": "2fb9afc93381929e6939f35236487993a60e1923b381afd5ef45bf29af390332", "class_name": "RelatedNodeInfo"}, "2": {"node_id": "7915d962-8239-481c-87fd-7e838df90540", "node_type": "1", "metadata": {"document_title": "HOJA DE DATOS DE SEGURIDAD", "metadata_product": "Dykem\u00ae Cross Check\u2122 - Orange, Verde, Rojo, Yellow and Blue", "metadata_description": "", "metadata_recommended_use": "Inspection Paint", "metadata_section": "Informaci\u00f3n relativa a la eliminaci\u00f3n de los productos"}, "hash": "5a00cbb7f8659deec8b8b5be5bcfd87c4eebb4fcecc9e2e5591620cdfb63f7b1", "class_name": "RelatedNodeInfo"}, "3": {"node_id": "a8a7a630-6a43-440c-8627-2e2068b7c793", "node_type": "1", "metadata": {"document_title": "HOJA DE DATOS DE SEGURIDAD", "metadata_product": "Dykem\u00ae Cross Check\u2122 - Orange, Verde, Rojo, Yellow and Blue", "metadata_description": "", "metadata_recommended_use": "Inspection Paint", "metadata_section": "Seccion 15: Informaci\u00f3n reguladora"}, "hash": "d246baa2f1493d3cf2958062a9129d2d03cfe781d6b6808d862775fb5ac173af", "class_name": "RelatedNodeInfo"}}, "hash": "2fb9afc93381929e6939f35236487993a60e1923b381afd5ef45bf29af390332", "text": "DOT; N\u00famero ONU; UN1993; Designaci\u00f3n oficial de transporte de las Naciones Unidas; L\u00edquidos inflamables, no especificado de otro modo. (Distillates Petroleum Hydrotreated Light; Stoddard Solvent, nafta de bajo punto de ebullici\u00f3n, sin especificar); Clase(s) relativas al transporte; Clase; 3; Riesgo secundario; -; Etiquetas; 3; Grupo de embalaje/envase; cundo aplicable; III; Precauciones especiales para el usuario; Leer las instrucciones de seguridad, la HDS y los procedimientos de emergencia antes de manipular el producto.; Disposiciones especiales; B1, B52, IB3, T4, TP1, TP29; Excepciones de embalaje; 150; Embalaje a no a granel; 203; Embalaje a granel; 242; IATA; UN number; UN1993; UN proper shipping name; Flammable liquid, n.o.s. (Distillates Petroleum Hydrotreated Light; Mineral Spirits Regular Stoddard Solvent); Transport hazard class(es); Class; 3; Subsidiary risk; -; Packing group; III; ERG Code; No.; Special precautions for user; Read safety instructions, SDS and emergency procedures before handling.; Other information; Allowed with restrictions.; Passenger and cargo aircraft; Allowed with restrictions.; Cargo aircraft only; IMDG; UN number; UN1993; UN proper shipping name; FLAMMABLE LIQUID, N.O.S. (Distillates Petroleum Hydrotreated Light; Mineral Spirits Regular Stoddard Solvent); Transport hazard class(es); Class; 3; Subsidiary risk; -; Packing group; III; Environmental hazards; No.; Marine pollutant; EmS; F-E, S-E", "start_char_idx": null, "end_char_idx": null, "text_template": "{metadata_str}\n\n{content}", "metadata_template": "{key}: {value}", "metadata_seperator": "\n", "class_name": "TextNode"}, "__type__": "1"}, "a8a7a630-6a43-440c-8627-2e2068b7c793": {"__data__": {"id_": "a8a7a630-6a43-440c-8627-2e2068b7c793", "embedding": null, "metadata": {"document_title": "HOJA DE DATOS DE SEGURIDAD", "metadata_product": "Dykem\u00ae Cross Check\u2122 - Orange, Verde, Rojo, Yellow and Blue", "metadata_description": "", "metadata_recommended_use": "Inspection Paint", "metadata_section": "Seccion 15: Informaci\u00f3n reguladora"}, "excluded_embed_metadata_keys": [], "excluded_llm_metadata_keys": [], "relationships": {"1": {"node_id": "dd786cec-ef5e-4b91-a1be-519e3fdcc8fc", "node_type": "4", "metadata": {"document_title": "HOJA DE DATOS DE SEGURIDAD", "metadata_product": "Dykem\u00ae Cross Check\u2122 - Orange, Verde, Rojo, Yellow and Blue", "metadata_description": "", "metadata_recommended_use": "Inspection Paint", "metadata_section": "Seccion 15: Informaci\u00f3n reguladora"}, "hash": "ddcf3bcf9f1fd240d4590e407c5f57e16724a0f3f3f4412b2de8b54fe1e70e9b", "class_name": "RelatedNodeInfo"}, "2": {"node_id": "db028cb0-741e-4f5b-9332-693b3e8bd440", "node_type": "1", "metadata": {"document_title": "HOJA DE DATOS DE SEGURIDAD", "metadata_product": "Dykem\u00ae Cross Check\u2122 - Orange, Verde, Rojo, Yellow and Blue", "metadata_description": "", "metadata_recommended_use": "Inspection Paint", "metadata_section": "Informaci\u00f3n relativa al transporte"}, "hash": "2fb9afc93381929e6939f35236487993a60e1923b381afd5ef45bf29af390332", "class_name": "RelatedNodeInfo"}, "3": {"node_id": "a7e6df85-cf89-4e03-bc7f-ed554b4b110f", "node_type": "1", "metadata": {"document_title": "HOJA DE DATOS DE SEGURIDAD", "metadata_product": "Dykem\u00ae Cross Check\u2122 - Orange, Verde, Rojo, Yellow and Blue", "metadata_description": "", "metadata_recommended_use": "Inspection Paint", "metadata_section": "Seccion 15: Informaci\u00f3n reguladora"}, "hash": "49e1aefad07303ba4790e9ecd2e8ad56d1f30326bac53d6c356c972608f0207f", "class_name": "RelatedNodeInfo"}}, "hash": "d246baa2f1493d3cf2958062a9129d2d03cfe781d6b6808d862775fb5ac173af", "text": "Reglamentos federales de EE.UU.;Este producto es clasificado como \"qu\u00edmicamente peligroso\" seg\u00fan el Est\u00e1ndar de Comunicaci\u00f3n de Riesgos de la OSHA Hazard Communication Standard, 29 CFR 1910.1200.\nTSCA Section 12(b) Export Notification (40 CFR 707, Subpartado D) (Notificaci\u00f3n de exportaci\u00f3n);No regulado.\nLista de sustancias peligrosas de CERCLA (40 CFR 302.4);No listado.\nSARA Secci\u00f3n 304 Notificaci\u00f3n de emergencia sobre la liberaci\u00f3n de sustancias;No regulado.\nOSHA Sustancias especificas reguladas (29 CFR 1910.1001-1052);No regulado.\nLey de Enmiendas y Reautorizaci\u00f3n del Superfondo de 1986 (SARA);No listado.\nSARA 302 Sustancia extremadamente peligrosa;No listado.\nCategor\u00edas de peligro clasificadas;Inflamables (gases, aerosoles, l\u00edquidos o s\u00f3lidos)\nLesi\u00f3n ocular grave/irritaci\u00f3n ocular\nSensibilidad respiratoria o cut\u00e1nea\nCarcinogenicidad\nToxicidad especifica del \u00f3rgano blanco- (Exposici\u00f3n \u00fanica o repetida)\nPeligro por aspiraci\u00f3n\nSARA 313 (Reporte TRI, acerca del Inventario de liberaci\u00f3n de sustancias t\u00f3xicas);No regulado.\nOtras disposiciones federales\nLey de Aire Limpio (CAA), secci\u00f3n 112, lista de contaminantes peligrosos del aire (CPA);No regulado.\nClean Air Act (CAA) Section 112(r) Accidental Release Prevention (40 CFR 68.130) (Ley de aire limpio, Prevenci\u00f3n de liberaci\u00f3n accidental);No regulado.\nLey de Agua Potable Segura (SDWA, siglas en ingl\u00e9s);No regulado.\nRegulaciones de un estado de EUA;Ley del derecho a la informaci\u00f3n de los trabajadores y la comunidad de Nueva Jersey, EUA;Disolvente Stoddard, nafta de bajo punto de ebullici\u00f3n, sin especificar (CAS 8052-41-3)", "start_char_idx": null, "end_char_idx": null, "text_template": "{metadata_str}\n\n{content}", "metadata_template": "{key}: {value}", "metadata_seperator": "\n", "class_name": "TextNode"}, "__type__": "1"}, "a7e6df85-cf89-4e03-bc7f-ed554b4b110f": {"__data__": {"id_": "a7e6df85-cf89-4e03-bc7f-ed554b4b110f", "embedding": null, "metadata": {"document_title": "HOJA DE DATOS DE SEGURIDAD", "metadata_product": "Dykem\u00ae Cross Check\u2122 - Orange, Verde, Rojo, Yellow and Blue", "metadata_description": "", "metadata_recommended_use": "Inspection Paint", "metadata_section": "Seccion 15: Informaci\u00f3n reguladora"}, "excluded_embed_metadata_keys": [], "excluded_llm_metadata_keys": [], "relationships": {"1": {"node_id": "845ccee1-3b52-4a32-8bfa-db6a2d347835", "node_type": "4", "metadata": {"document_title": "HOJA DE DATOS DE SEGURIDAD", "metadata_product": "Dykem\u00ae Cross Check\u2122 - Orange, Verde, Rojo, Yellow and Blue", "metadata_description": "", "metadata_recommended_use": "Inspection Paint", "metadata_section": "Seccion 15: Informaci\u00f3n reguladora"}, "hash": "49e1aefad07303ba4790e9ecd2e8ad56d1f30326bac53d6c356c972608f0207f", "class_name": "RelatedNodeInfo"}, "2": {"node_id": "a8a7a630-6a43-440c-8627-2e2068b7c793", "node_type": "1", "metadata": {"document_title": "HOJA DE DATOS DE SEGURIDAD", "metadata_product": "Dykem\u00ae Cross Check\u2122 - Orange, Verde, Rojo, Yellow and Blue", "metadata_description": "", "metadata_recommended_use": "Inspection Paint", "metadata_section": "Seccion 15: Informaci\u00f3n reguladora"}, "hash": "d246baa2f1493d3cf2958062a9129d2d03cfe781d6b6808d862775fb5ac173af", "class_name": "RelatedNodeInfo"}, "3": {"node_id": "ac7d9f7a-099b-4541-8cd2-ccb69d956931", "node_type": "1", "metadata": {"document_title": "HOJA DE DATOS DE SEGURIDAD", "metadata_product": "Dykem\u00ae Cross Check\u2122 - Orange, Verde, Rojo, Yellow and Blue", "metadata_description": "", "metadata_recommended_use": "Inspection Paint", "metadata_section": "Otras informaciones"}, "hash": "f08abf26c2aa1e41881583cd8710e6ded69859a97a3c22c83da9a2ae3c5663b4", "class_name": "RelatedNodeInfo"}}, "hash": "49e1aefad07303ba4790e9ecd2e8ad56d1f30326bac53d6c356c972608f0207f", "text": "Proposici\u00f3n 65 de California;ATENCI\u00d3N: Ley de Prohibici\u00f3n de la Contaminaci\u00f3n del Agua Potable con sustancias T\u00f3xicas para la reproducci\u00f3n del Estado de California (Proposici\u00f3n 65): Este material no contiene sustancias conocidas al estado de California como causantes de c\u00e1ncer o da\u00f1os reproductivos. Para mayor informaci\u00f3n visitar el sitio www.P65Warnings.ca.gov.\nUS. California. Candidate Chemicals List. Safer Consumer Products Regulations (Cal. Code Regs, tit. 22, 69502.3, subd. (a));Disolvente Stoddard, nafta de bajo punto de ebullici\u00f3n, sin especificar (CAS 8052-41-3)\nInventarios Internacionales;;Pa\u00eds(es) o regi\u00f3n;Nombre del inventario;Listado (s\u00ed/no)*\n;Australia;Inventario de Sustancias Qu\u00edmicas de Australia (AICS);S\u00ed\n;Canad\u00e1;Lista de Sustancias Nacionales (DSL);S\u00ed\n;Canad\u00e1;Lista de Sustancias No Nacionales (NDSL);No\n;China;Inventario de Sustancias Qu\u00edmicas Existentes en China (IECSC, Inventory of Existing Chemical Substances in China);S\u00ed\n;Europa;Inventario Europeo de Sustancias Qu\u00edmicas Comerciales (EINECS);S\u00ed\n;Europa;Lista Europea de Sustancias Qu\u00edmicas Notificadas (ELINCS);No\n;Jap\u00f3n;Inventario de Sustancias Qu\u00edmicas Nuevas y Existentes (ENCS);No\n;Corea;Lista de Sustancias Qu\u00edmicas Existentes (ECL);S\u00ed\n;Nueva Zelanda;Inventario de Nueva Zelanda;S\u00ed\n;Filipinas;Inventario de Sustancias Qu\u00edmicas de Filipinas (PICCS);S\u00ed\n;Taiw\u00e1n;Taiwan Toxic Chemical Substances (TSCS);S\u00ed\n;Estados Unidos y Puerto Rico;Inventario de la Ley del Control de Sustancias T\u00f3xicas (TSCA);S\u00ed\n\"Un \u201cS\u00ed\u201d indica que todos los componentes de este producto cumplen con los requisitos del inventario administrado por el(los) pa\u00eds(es) responsable(s)\nUn \u201cNo\u201d indica que uno o m\u00e1s componentes del producto no est\u00e1n listados o est\u00e1n exentos de los requisitos del inventario administrado por el(los) pa\u00eds(es) responsable(s).\"", "start_char_idx": null, "end_char_idx": null, "text_template": "{metadata_str}\n\n{content}", "metadata_template": "{key}: {value}", "metadata_seperator": "\n", "class_name": "TextNode"}, "__type__": "1"}, "ac7d9f7a-099b-4541-8cd2-ccb69d956931": {"__data__": {"id_": "ac7d9f7a-099b-4541-8cd2-ccb69d956931", "embedding": null, "metadata": {"document_title": "HOJA DE DATOS DE SEGURIDAD", "metadata_product": "Dykem\u00ae Cross Check\u2122 - Orange, Verde, Rojo, Yellow and Blue", "metadata_description": "", "metadata_recommended_use": "Inspection Paint", "metadata_section": "Otras informaciones"}, "excluded_embed_metadata_keys": [], "excluded_llm_metadata_keys": [], "relationships": {"1": {"node_id": "8c330ec2-7642-4ab0-a0d9-fa68c5dd6835", "node_type": "4", "metadata": {"document_title": "HOJA DE DATOS DE SEGURIDAD", "metadata_product": "Dykem\u00ae Cross Check\u2122 - Orange, Verde, Rojo, Yellow and Blue", "metadata_description": "", "metadata_recommended_use": "Inspection Paint", "metadata_section": "Otras informaciones"}, "hash": "f08abf26c2aa1e41881583cd8710e6ded69859a97a3c22c83da9a2ae3c5663b4", "class_name": "RelatedNodeInfo"}, "2": {"node_id": "a7e6df85-cf89-4e03-bc7f-ed554b4b110f", "node_type": "1", "metadata": {"document_title": "HOJA DE DATOS DE SEGURIDAD", "metadata_product": "Dykem\u00ae Cross Check\u2122 - Orange, Verde, Rojo, Yellow and Blue", "metadata_description": "", "metadata_recommended_use": "Inspection Paint", "metadata_section": "Seccion 15: Informaci\u00f3n reguladora"}, "hash": "49e1aefad07303ba4790e9ecd2e8ad56d1f30326bac53d6c356c972608f0207f", "class_name": "RelatedNodeInfo"}}, "hash": "f08abf26c2aa1e41881583cd8710e6ded69859a97a3c22c83da9a2ae3c5663b4", "text": "La fecha de emisi\u00f3n; 16-Abril-2018; Indicaci\u00f3n de la versi\u00f3n; 01; Cl\u00e1usula de exenci\u00f3n de responsabilidad; ITW Pro Brands, no puede anticiparse a todas las condiciones bajo las cuales se puede usar esta informaci\u00f3n y su producto o los productos de otros fabricantes en combinaci\u00f3n con su producto. Es responsabilidad del usuario cerciorarse de que haya condiciones seguras para el manejo, almacenamiento y desecho del producto, as\u00ed como asumir la responsabilidad de p\u00e9rdida, lesi\u00f3n, da\u00f1o o gasto debido a un uso inapropiado. La informaci\u00f3n que se ofrece en esta Hoja de Datos de Seguridad es correcta seg\u00fan nuestro total saber y entender a la fecha de su publicaci\u00f3n. La informaci\u00f3n brindada est\u00e1 dise\u00f1ada \u00fanicamente como gu\u00eda para la manipulaci\u00f3n, uso, procesado, almacenamiento, transporte, eliminaci\u00f3n y distribuci\u00f3n segura y no debe considerarse como garant\u00eda o especificaci\u00f3n de calidad. Esta informaci\u00f3n se refiere solamente al material especificado y pudiera no ser v\u00e1lida para dicho material cuando se use en combinaci\u00f3n con otros productos o en alg\u00fan proceso, a menos que se especifique en el texto.; Fecha de revisi\u00f3n; Identificaci\u00f3n de la sustancia o la mezcla y de la sociedad o la empresa: Nombres comerciales alternativos", "start_char_idx": null, "end_char_idx": null, "text_template": "{metadata_str}\n\n{content}", "metadata_template": "{key}: {value}", "metadata_seperator": "\n", "class_name": "TextNode"}, "__type__": "1"}}, "docstore/ref_doc_info": {"4de0b904-8a7e-420b-b01e-0791a7bdc54b": {"node_ids": ["575d2d15-7b04-4c9f-b4b9-6fbcbd38bf82"], "metadata": {"document_title": "HOJA DE DATOS DE SEGURIDAD", "metadata_product": "Dykem\u00ae Cross Check\u2122 - Orange, Verde, Rojo, Yellow and Blue", "metadata_description": "", "metadata_recommended_use": "Inspection Paint", "metadata_section": "Seccion 1: Identificaci\u00f3n"}}, "abc357a4-9eca-43d7-8260-4bdc025f169b": {"node_ids": ["571ad28c-0572-4037-b12f-115da8fbcf6e"], "metadata": {"document_title": "HOJA DE DATOS DE SEGURIDAD", "metadata_product": "Dykem\u00ae Cross Check\u2122 - Orange, Verde, Rojo, Yellow and Blue", "metadata_description": "", "metadata_recommended_use": "Inspection Paint", "metadata_section": "Seccion 2: Identificaci\u00f3n de peligros"}}, "847196d8-c5d3-450b-bfd8-5d580f3d216d": {"node_ids": ["58501c11-bf16-4df4-ae3f-19d2b1a76d58"], "metadata": {"document_title": "HOJA DE DATOS DE SEGURIDAD", "metadata_product": "Dykem\u00ae Cross Check\u2122 - Orange, Verde, Rojo, Yellow and Blue", "metadata_description": "", "metadata_recommended_use": "Inspection Paint", "metadata_section": "Seccion 2: Identificaci\u00f3n de peligros"}}, "cc81643b-f981-4e42-81f9-58dd7a83ef03": {"node_ids": ["7c80d28b-16f4-480a-a6f7-26002cd3164b"], "metadata": {"document_title": "HOJA DE DATOS DE SEGURIDAD", "metadata_product": "Dykem\u00ae Cross Check\u2122 - Orange, Verde, Rojo, Yellow and Blue", "metadata_description": "", "metadata_recommended_use": "Inspection Paint", "metadata_section": "Seccion 3: Composici\u00f3n/informaci\u00f3n sobre los componentes"}}, "9a6a54b3-5af1-43e1-b97d-08af0e74e206": {"node_ids": ["debff71f-b5c6-464f-850a-78f352817aa0"], "metadata": {"document_title": "HOJA DE DATOS DE SEGURIDAD", "metadata_product": "Dykem\u00ae Cross Check\u2122 - Orange, Verde, Rojo, Yellow and Blue", "metadata_description": "", "metadata_recommended_use": "Inspection Paint", "metadata_section": "Seccion 4: Primeros auxilios"}}, "020244e0-98f2-4ed2-b96a-b80b3d0a2e04": {"node_ids": ["ea95a70b-d6fc-478f-a245-6eed86e2b182"], "metadata": {"document_title": "HOJA DE DATOS DE SEGURIDAD", "metadata_product": "Dykem\u00ae Cross Check\u2122 - Orange, Verde, Rojo, Yellow and Blue", "metadata_description": "", "metadata_recommended_use": "Inspection Paint", "metadata_section": "Seccion 5: Medidas de lucha contra incendios"}}, "4201dafa-620b-4091-83d8-f51c6d3641bf": {"node_ids": ["c11ace9b-7e76-4a0b-be4e-a54fe96af5bf"], "metadata": {"document_title": "HOJA DE DATOS DE SEGURIDAD", "metadata_product": "Dykem\u00ae Cross Check\u2122 - Orange, Verde, Rojo, Yellow and Blue", "metadata_description": "", "metadata_recommended_use": "Inspection Paint", "metadata_section": "Seccion 6: Medidas que deben tomarse en caso de vertido accidental"}}, "f2b2cb5c-f3c5-48cd-bdb8-4e27aa74e505": {"node_ids": ["61480583-9b1e-40e1-bdb0-dff28f3a1cbc"], "metadata": {"document_title": "HOJA DE DATOS DE SEGURIDAD", "metadata_product": "Dykem\u00ae Cross Check\u2122 - Orange, Verde, Rojo, Yellow and Blue", "metadata_description": "", "metadata_recommended_use": "Inspection Paint", "metadata_section": "Seccion 7: Manipulaci\u00f3n y almacenamiento"}}, "cfc118bc-bab6-4ede-9b1c-1c7b658b7bb2": {"node_ids": ["97f4d110-88e2-409d-aa8e-bc053ac64433"], "metadata": {"document_title": "HOJA DE DATOS DE SEGURIDAD", "metadata_product": "Dykem\u00ae Cross Check\u2122 - Orange, Verde, Rojo, Yellow and Blue", "metadata_description": "", "metadata_recommended_use": "Inspection Paint", "metadata_section": "Seccion 8: Controles de exposici\u00f3n/protecci\u00f3n personal"}}, "7c3b0db2-733b-45ac-9178-ab0583663930": {"node_ids": ["c1f85df3-d34f-4c74-9b1c-4a81a836c50e"], "metadata": {"document_title": "HOJA DE DATOS DE SEGURIDAD", "metadata_product": "Dykem\u00ae Cross Check\u2122 - Orange, Verde, Rojo, Yellow and Blue", "metadata_description": "", "metadata_recommended_use": "Inspection Paint", "metadata_section": "Seccion 8: Controles de exposici\u00f3n/protecci\u00f3n personal"}}, "e85b8b21-d29f-4a6d-ac12-70481b4d5dd7": {"node_ids": ["54d3b636-fa68-442b-b114-88fd666e214d"], "metadata": {"document_title": "HOJA DE DATOS DE SEGURIDAD", "metadata_product": "Dykem\u00ae Cross Check\u2122 - Orange, Verde, Rojo, Yellow and Blue", "metadata_description": "", "metadata_recommended_use": "Inspection Paint", "metadata_section": "9. Propiedades f\u00edsicas y qu\u00edmicas"}}, "03f00c85-dc96-47f0-b89a-b291b2bd9f5f": {"node_ids": ["e82f7156-ad32-491f-b044-bede32fe8c6d"], "metadata": {"document_title": "HOJA DE DATOS DE SEGURIDAD", "metadata_product": "Dykem\u00ae Cross Check\u2122 - Orange, Verde, Rojo, Yellow and Blue", "metadata_description": "", "metadata_recommended_use": "Inspection Paint", "metadata_section": "Estabilidad y reactividad"}}, "3e2f1b46-ec6e-4117-ac49-bb4448b5e2c2": {"node_ids": ["4595490b-2339-47b6-9208-5079aeef3ed3"], "metadata": {"document_title": "HOJA DE DATOS DE SEGURIDAD", "metadata_product": "Dykem\u00ae Cross Check\u2122 - Orange, Verde, Rojo, Yellow and Blue", "metadata_description": "", "metadata_recommended_use": "Inspection Paint", "metadata_section": "Informaci\u00f3n toxicol\u00f3gica"}}, "d313838a-ce3f-416d-b91d-9281473f773b": {"node_ids": ["92446864-6519-412b-a8cc-e3cb1373be0b"], "metadata": {"document_title": "HOJA DE DATOS DE SEGURIDAD", "metadata_product": "Dykem\u00ae Cross Check\u2122 - Orange, Verde, Rojo, Yellow and Blue", "metadata_description": "", "metadata_recommended_use": "Inspection Paint", "metadata_section": "Informaci\u00f3n toxicol\u00f3gica"}}, "4f28991e-2b51-436e-897f-2d56343a40cf": {"node_ids": ["68349fe4-fe82-46a9-b555-5dd06397a493"], "metadata": {"document_title": "HOJA DE DATOS DE SEGURIDAD", "metadata_product": "Dykem\u00ae Cross Check\u2122 - Orange, Verde, Rojo, Yellow and Blue", "metadata_description": "", "metadata_recommended_use": "Inspection Paint", "metadata_section": "Informaci\u00f3n ecotoxicol\u00f3gica"}}, "a9e49ef9-c3d9-4133-8d88-ffd70eebfcda": {"node_ids": ["7915d962-8239-481c-87fd-7e838df90540"], "metadata": {"document_title": "HOJA DE DATOS DE SEGURIDAD", "metadata_product": "Dykem\u00ae Cross Check\u2122 - Orange, Verde, Rojo, Yellow and Blue", "metadata_description": "", "metadata_recommended_use": "Inspection Paint", "metadata_section": "Informaci\u00f3n relativa a la eliminaci\u00f3n de los productos"}}, "330bcee4-5ce4-4230-9cd3-bbdb53429aab": {"node_ids": ["db028cb0-741e-4f5b-9332-693b3e8bd440"], "metadata": {"document_title": "HOJA DE DATOS DE SEGURIDAD", "metadata_product": "Dykem\u00ae Cross Check\u2122 - Orange, Verde, Rojo, Yellow and Blue", "metadata_description": "", "metadata_recommended_use": "Inspection Paint", "metadata_section": "Informaci\u00f3n relativa al transporte"}}, "dd786cec-ef5e-4b91-a1be-519e3fdcc8fc": {"node_ids": ["a8a7a630-6a43-440c-8627-2e2068b7c793"], "metadata": {"document_title": "HOJA DE DATOS DE SEGURIDAD", "metadata_product": "Dykem\u00ae Cross Check\u2122 - Orange, Verde, Rojo, Yellow and Blue", "metadata_description": "", "metadata_recommended_use": "Inspection Paint", "metadata_section": "Seccion 15: Informaci\u00f3n reguladora"}}, "845ccee1-3b52-4a32-8bfa-db6a2d347835": {"node_ids": ["a7e6df85-cf89-4e03-bc7f-ed554b4b110f"], "metadata": {"document_title": "HOJA DE DATOS DE SEGURIDAD", "metadata_product": "Dykem\u00ae Cross Check\u2122 - Orange, Verde, Rojo, Yellow and Blue", "metadata_description": "", "metadata_recommended_use": "Inspection Paint", "metadata_section": "Seccion 15: Informaci\u00f3n reguladora"}}, "8c330ec2-7642-4ab0-a0d9-fa68c5dd6835": {"node_ids": ["ac7d9f7a-099b-4541-8cd2-ccb69d956931"], "metadata": {"document_title": "HOJA DE DATOS DE SEGURIDAD", "metadata_product": "Dykem\u00ae Cross Check\u2122 - Orange, Verde, Rojo, Yellow and Blue", "metadata_description": "", "metadata_recommended_use": "Inspection Paint", "metadata_section": "Otras informaciones"}}}, "docstore/metadata": {"575d2d15-7b04-4c9f-b4b9-6fbcbd38bf82": {"doc_hash": "98ba401a7f020a279afc5200223b18b910533bcb33a70db96c8e974c5ce9a2e0", "ref_doc_id": "4de0b904-8a7e-420b-b01e-0791a7bdc54b"}, "571ad28c-0572-4037-b12f-115da8fbcf6e": {"doc_hash": "267ca12e124846fbefce570f11c1826eccec58e841d31d73163cde84deec4998", "ref_doc_id": "abc357a4-9eca-43d7-8260-4bdc025f169b"}, "58501c11-bf16-4df4-ae3f-19d2b1a76d58": {"doc_hash": "c730bd847c2b6a21b633450f17ffca24258fee7a95cbf9ccd09f9046cc27fb21", "ref_doc_id": "847196d8-c5d3-450b-bfd8-5d580f3d216d"}, "7c80d28b-16f4-480a-a6f7-26002cd3164b": {"doc_hash": "7747f4703a72b1848e16cdf8db49b71bc044a0e423b4e89c7dfbec6926176ac6", "ref_doc_id": "cc81643b-f981-4e42-81f9-58dd7a83ef03"}, "debff71f-b5c6-464f-850a-78f352817aa0": {"doc_hash": "bd2db571883505604152990971ab8c33c8414acf36ed964e0fda30059d620783", "ref_doc_id": "9a6a54b3-5af1-43e1-b97d-08af0e74e206"}, "ea95a70b-d6fc-478f-a245-6eed86e2b182": {"doc_hash": "68baa83ef68c628e267a35107648c3d1175c1aa182dc4dffee3fcb1e89e2ffa1", "ref_doc_id": "020244e0-98f2-4ed2-b96a-b80b3d0a2e04"}, "c11ace9b-7e76-4a0b-be4e-a54fe96af5bf": {"doc_hash": "0b77c53ea3a71fdb5c931a1ecca63b89e299f45f73b427aa107049043b46993f", "ref_doc_id": "4201dafa-620b-4091-83d8-f51c6d3641bf"}, "61480583-9b1e-40e1-bdb0-dff28f3a1cbc": {"doc_hash": "6c7dcc1c36c15d8661b517ec819cdc8f509375641efd9b8bfea568b37a0f577a", "ref_doc_id": "f2b2cb5c-f3c5-48cd-bdb8-4e27aa74e505"}, "97f4d110-88e2-409d-aa8e-bc053ac64433": {"doc_hash": "6e5340caba86e57ac9f4b81d0af44ccc1f54e608f0f26962b20f52f384c76ba2", "ref_doc_id": "cfc118bc-bab6-4ede-9b1c-1c7b658b7bb2"}, "c1f85df3-d34f-4c74-9b1c-4a81a836c50e": {"doc_hash": "4fd1c0cc0f4028bcb95af3e916914fac682c179fbd9fcf893fcf45a00b5bf590", "ref_doc_id": "7c3b0db2-733b-45ac-9178-ab0583663930"}, "54d3b636-fa68-442b-b114-88fd666e214d": {"doc_hash": "3b267336f27c3c09f2f29c344c179b0d6a645e088eed414edd1f3e873b517fe3", "ref_doc_id": "e85b8b21-d29f-4a6d-ac12-70481b4d5dd7"}, "e82f7156-ad32-491f-b044-bede32fe8c6d": {"doc_hash": "1ada48880d5af8ca3d5bbda17a752c4a6a62e5b5ae5bac70c0a445e895b34d8d", "ref_doc_id": "03f00c85-dc96-47f0-b89a-b291b2bd9f5f"}, "4595490b-2339-47b6-9208-5079aeef3ed3": {"doc_hash": "07344253c36bd29642bb4284109f4bffcfb71e10a293fe4850f0e5a6b70c4250", "ref_doc_id": "3e2f1b46-ec6e-4117-ac49-bb4448b5e2c2"}, "92446864-6519-412b-a8cc-e3cb1373be0b": {"doc_hash": "a7c883ad42b25f4493bf3b06ef987e33bf08137ade5da561279697e97c682d15", "ref_doc_id": "d313838a-ce3f-416d-b91d-9281473f773b"}, "68349fe4-fe82-46a9-b555-5dd06397a493": {"doc_hash": "84120253dd0c494cda35526ab4c56c124ab05dd16e9b474534a757b12536f6e9", "ref_doc_id": "4f28991e-2b51-436e-897f-2d56343a40cf"}, "7915d962-8239-481c-87fd-7e838df90540": {"doc_hash": "5a00cbb7f8659deec8b8b5be5bcfd87c4eebb4fcecc9e2e5591620cdfb63f7b1", "ref_doc_id": "a9e49ef9-c3d9-4133-8d88-ffd70eebfcda"}, "db028cb0-741e-4f5b-9332-693b3e8bd440": {"doc_hash": "2fb9afc93381929e6939f35236487993a60e1923b381afd5ef45bf29af390332", "ref_doc_id": "330bcee4-5ce4-4230-9cd3-bbdb53429aab"}, "a8a7a630-6a43-440c-8627-2e2068b7c793": {"doc_hash": "d246baa2f1493d3cf2958062a9129d2d03cfe781d6b6808d862775fb5ac173af", "ref_doc_id": "dd786cec-ef5e-4b91-a1be-519e3fdcc8fc"}, "a7e6df85-cf89-4e03-bc7f-ed554b4b110f": {"doc_hash": "49e1aefad07303ba4790e9ecd2e8ad56d1f30326bac53d6c356c972608f0207f", "ref_doc_id": "845ccee1-3b52-4a32-8bfa-db6a2d347835"}, "ac7d9f7a-099b-4541-8cd2-ccb69d956931": {"doc_hash": "f08abf26c2aa1e41881583cd8710e6ded69859a97a3c22c83da9a2ae3c5663b4", "ref_doc_id": "8c330ec2-7642-4ab0-a0d9-fa68c5dd6835"}}}