{"docstore/data": {"8beb437a-6c3c-4c2f-95d3-86e12b60f4b9": {"__data__": {"id_": "8beb437a-6c3c-4c2f-95d3-86e12b60f4b9", "embedding": null, "metadata": {"document_title": "HOJA DE DATOS DE SEGURIDAD", "metadata_product": "MOBILGREASE XHP 321 MINE", "metadata_description": "Base lubricante y Aditivos", "metadata_recommended_use": "Grasa", "metadata_section": "SECCI\u00d3N 1: IDENTIFICACI\u00d3N DEL PRODUCTO QU\u00cdMICO Y DE LA EMPRESA"}, "excluded_embed_metadata_keys": [], "excluded_llm_metadata_keys": [], "relationships": {"1": {"node_id": "def32ac7-130f-4e61-9047-07a9416757f5", "node_type": "4", "metadata": {"document_title": "HOJA DE DATOS DE SEGURIDAD", "metadata_product": "MOBILGREASE XHP 321 MINE", "metadata_description": "Base lubricante y Aditivos", "metadata_recommended_use": "Grasa", "metadata_section": "SECCI\u00d3N 1: IDENTIFICACI\u00d3N DEL PRODUCTO QU\u00cdMICO Y DE LA EMPRESA"}, "hash": "99699ea2440854f5cae2dec9622b771ffca072e86765e86bbe77632989930880", "class_name": "RelatedNodeInfo"}, "3": {"node_id": "d89cb9ec-135a-421e-bb85-a5f1e74280b7", "node_type": "1", "metadata": {"document_title": "HOJA DE DATOS DE SEGURIDAD", "metadata_product": "MOBILGREASE XHP 321 MINE", "metadata_description": "Base lubricante y Aditivos", "metadata_recommended_use": "Grasa", "metadata_section": "SECCI\u00d3N 2: IDENTIFICACI\u00d3N DE LOS PELIGROS"}, "hash": "f40f0021ead6cf86315d271f56513c0e6bffcbcae8da92ded923bab1d01a35da", "class_name": "RelatedNodeInfo"}}, "hash": "99699ea2440854f5cae2dec9622b771ffca072e86765e86bbe77632989930880", "text": "De acuerdo a la fecha de revisi\u00f3n arriba indicada, esta (M)SDS cumple con las regulaciones en Chile. - PRODUCTO: Nombre del producto: MOBILGREASE XHP 321 MINE. Descripci\u00f3n del producto: Base lubricante y Aditivos. C\u00f3digo del producto: 2015A0202532, 531244-00. Usos Recomendados: Grasa. - IDENTIFICACION DE LA COMPA\u00d1IA: Nombre del Proveedor: Compa\u00f1\u00eda de Petroleos de Chile - COPEC S.A. Isidora Goyenechea 2915, Santiago Chile.  N\u00famero de Tel\u00e9fono de Informaci\u00f3n Toxicol\u00f3gica 24 Horas: (56) 2-27771994. N\u00famero de Tel\u00e9fono del Proveedor: (56) 2-26907000.  N\u00famero de tel\u00e9fono de emergencia 24 horas (56) 2-26753713.", "start_char_idx": null, "end_char_idx": null, "text_template": "{metadata_str}\n\n{content}", "metadata_template": "{key}: {value}", "metadata_seperator": "\n", "class_name": "TextNode"}, "__type__": "1"}, "d89cb9ec-135a-421e-bb85-a5f1e74280b7": {"__data__": {"id_": "d89cb9ec-135a-421e-bb85-a5f1e74280b7", "embedding": null, "metadata": {"document_title": "HOJA DE DATOS DE SEGURIDAD", "metadata_product": "MOBILGREASE XHP 321 MINE", "metadata_description": "Base lubricante y Aditivos", "metadata_recommended_use": "Grasa", "metadata_section": "SECCI\u00d3N 2: IDENTIFICACI\u00d3N DE LOS PELIGROS"}, "excluded_embed_metadata_keys": [], "excluded_llm_metadata_keys": [], "relationships": {"1": {"node_id": "bd99c7c4-db50-464e-854c-62a2848bc622", "node_type": "4", "metadata": {"document_title": "HOJA DE DATOS DE SEGURIDAD", "metadata_product": "MOBILGREASE XHP 321 MINE", "metadata_description": "Base lubricante y Aditivos", "metadata_recommended_use": "Grasa", "metadata_section": "SECCI\u00d3N 2: IDENTIFICACI\u00d3N DE LOS PELIGROS"}, "hash": "1bde942b7f00a3cdac7e042f122e0881004847927c675e17352cb02c001432ff", "class_name": "RelatedNodeInfo"}, "2": {"node_id": "8beb437a-6c3c-4c2f-95d3-86e12b60f4b9", "node_type": "1", "metadata": {"document_title": "HOJA DE DATOS DE SEGURIDAD", "metadata_product": "MOBILGREASE XHP 321 MINE", "metadata_description": "Base lubricante y Aditivos", "metadata_recommended_use": "Grasa", "metadata_section": "SECCI\u00d3N 1: IDENTIFICACI\u00d3N DEL PRODUCTO QU\u00cdMICO Y DE LA EMPRESA"}, "hash": "99699ea2440854f5cae2dec9622b771ffca072e86765e86bbe77632989930880", "class_name": "RelatedNodeInfo"}, "3": {"node_id": "210f159c-7c90-459d-ad3e-91b16a848c1b", "node_type": "1", "metadata": {"document_title": "HOJA DE DATOS DE SEGURIDAD", "metadata_product": "MOBILGREASE XHP 321 MINE", "metadata_description": "Base lubricante y Aditivos", "metadata_recommended_use": "Grasa", "metadata_section": "SECCI\u00d3N 3: COMPOSICI\u00d3N / INFORMACI\u00d3N DE LOS COMPONENTES"}, "hash": "7529bf067be5aa0535e70a123c4351c1a6012ee153939c43ee892d7f018c62f1", "class_name": "RelatedNodeInfo"}}, "hash": "f40f0021ead6cf86315d271f56513c0e6bffcbcae8da92ded923bab1d01a35da", "text": "El siguiente enlace correponde a la imagen del rombo de seguridad del producto https://i.imgur.com/s9UQg5h.png \nEl rombo tiene cuatro secciones, cada una de las cuales representa un tipo de peligro:\nSalud: El n\u00famero 0 en la secci\u00f3n de salud significa que la grasa no es peligrosa para la salud, incluso en caso de exposici\u00f3n prolongada o repetida.\nInflamabilidad: El n\u00famero 1 en la secci\u00f3n de inflamabilidad significa que la grasa es un material inflamable. La grasa puede incendiarse en contacto con una fuente de calor o una llama abierta.\nReactividad: El n\u00famero 0 en la secci\u00f3n de reactividad significa que la grasa no es un material reactivo. La grasa no es susceptible de reaccionar con otras sustancias para formar productos peligrosos.", "start_char_idx": null, "end_char_idx": null, "text_template": "{metadata_str}\n\n{content}", "metadata_template": "{key}: {value}", "metadata_seperator": "\n", "class_name": "TextNode"}, "__type__": "1"}, "210f159c-7c90-459d-ad3e-91b16a848c1b": {"__data__": {"id_": "210f159c-7c90-459d-ad3e-91b16a848c1b", "embedding": null, "metadata": {"document_title": "HOJA DE DATOS DE SEGURIDAD", "metadata_product": "MOBILGREASE XHP 321 MINE", "metadata_description": "Base lubricante y Aditivos", "metadata_recommended_use": "Grasa", "metadata_section": "SECCI\u00d3N 3: COMPOSICI\u00d3N / INFORMACI\u00d3N DE LOS COMPONENTES"}, "excluded_embed_metadata_keys": [], "excluded_llm_metadata_keys": [], "relationships": {"1": {"node_id": "d2e0d7ac-1507-4136-b89b-34cf411678e4", "node_type": "4", "metadata": {"document_title": "HOJA DE DATOS DE SEGURIDAD", "metadata_product": "MOBILGREASE XHP 321 MINE", "metadata_description": "Base lubricante y Aditivos", "metadata_recommended_use": "Grasa", "metadata_section": "SECCI\u00d3N 3: COMPOSICI\u00d3N / INFORMACI\u00d3N DE LOS COMPONENTES"}, "hash": "7529bf067be5aa0535e70a123c4351c1a6012ee153939c43ee892d7f018c62f1", "class_name": "RelatedNodeInfo"}, "2": {"node_id": "d89cb9ec-135a-421e-bb85-a5f1e74280b7", "node_type": "1", "metadata": {"document_title": "HOJA DE DATOS DE SEGURIDAD", "metadata_product": "MOBILGREASE XHP 321 MINE", "metadata_description": "Base lubricante y Aditivos", "metadata_recommended_use": "Grasa", "metadata_section": "SECCI\u00d3N 2: IDENTIFICACI\u00d3N DE LOS PELIGROS"}, "hash": "f40f0021ead6cf86315d271f56513c0e6bffcbcae8da92ded923bab1d01a35da", "class_name": "RelatedNodeInfo"}, "3": {"node_id": "d27f7121-9da1-4f51-b7bb-4c77b95cb3ea", "node_type": "1", "metadata": {"document_title": "HOJA DE DATOS DE SEGURIDAD", "metadata_product": "MOBILGREASE XHP 321 MINE", "metadata_description": " Base lubricante y Aditivos", "metadata_recommended_use": "Grasa", "metadata_section": "SECCI\u00d3N 4: PRIMEROS AUXILIOS"}, "hash": "4b91b1d32caff4c7a6da1261b9524d326b0e80f482d313f900166382b52929e6", "class_name": "RelatedNodeInfo"}}, "hash": "7529bf067be5aa0535e70a123c4351c1a6012ee153939c43ee892d7f018c62f1", "text": "Este material est\u00e1 definido como una mezcla. Sustancia(s) Peligrosa(s) o Sustancia(s) Compleja(s) que requiere divulgaci\u00f3n:\n-Nombre: BENCENAMINA, N-FENIL-, PRODUCTOS DE REACCI\u00d3N CON 2,4,4-TRIMETILPENTENO. CAS#: 68411-46-1. Concentraci\u00f3n*:  1 - < 5%. C\u00f3digos SGA de Peligro: H316, H402. - Nombre: BUTENO, HOMOPOL\u00cdMERO. CAS#: 9003-29-6. Concentraci\u00f3n*: 1 - < 5%. C\u00f3digos SGA de Peligro: H304. - Nombre: SULFURO DE MOLIBDENO (IV). CAS#: 1317-33-5. Concentraci\u00f3n*: 5 - < 10%. C\u00f3digos SGA de Peligro: Ninguno. - Nombre: \u00c1CIDOS NAFT\u00c9NICOS, SALES DE ZINC. CAS#: 12001-85-3. Concentraci\u00f3n*: 0.1 - < 1%. C\u00f3digos SGA de Peligro:  H317, H319(2A), H401, H411. - Nombre: DIALQUIL DITIOFOSFATO DE ZINC. CAS#: 68457-79-4. Concentraci\u00f3n*: 1 - < 2.5%. C\u00f3digos SGA de Peligro: H315, H318, H401, H411. * Todas las concentraciones est\u00e1n en porcentaje en peso a menos que el ingrediente sea un gas. Las concentraciones de gases est\u00e1n en porcentaje por volumen.", "start_char_idx": null, "end_char_idx": null, "text_template": "{metadata_str}\n\n{content}", "metadata_template": "{key}: {value}", "metadata_seperator": "\n", "class_name": "TextNode"}, "__type__": "1"}, "d27f7121-9da1-4f51-b7bb-4c77b95cb3ea": {"__data__": {"id_": "d27f7121-9da1-4f51-b7bb-4c77b95cb3ea", "embedding": null, "metadata": {"document_title": "HOJA DE DATOS DE SEGURIDAD", "metadata_product": "MOBILGREASE XHP 321 MINE", "metadata_description": " Base lubricante y Aditivos", "metadata_recommended_use": "Grasa", "metadata_section": "SECCI\u00d3N 4: PRIMEROS AUXILIOS"}, "excluded_embed_metadata_keys": [], "excluded_llm_metadata_keys": [], "relationships": {"1": {"node_id": "7f6ab3b9-75ef-4b05-a32b-634ca74ca80c", "node_type": "4", "metadata": {"document_title": "HOJA DE DATOS DE SEGURIDAD", "metadata_product": "MOBILGREASE XHP 321 MINE", "metadata_description": " Base lubricante y Aditivos", "metadata_recommended_use": "Grasa", "metadata_section": "SECCI\u00d3N 4: PRIMEROS AUXILIOS"}, "hash": "4b91b1d32caff4c7a6da1261b9524d326b0e80f482d313f900166382b52929e6", "class_name": "RelatedNodeInfo"}, "2": {"node_id": "210f159c-7c90-459d-ad3e-91b16a848c1b", "node_type": "1", "metadata": {"document_title": "HOJA DE DATOS DE SEGURIDAD", "metadata_product": "MOBILGREASE XHP 321 MINE", "metadata_description": "Base lubricante y Aditivos", "metadata_recommended_use": "Grasa", "metadata_section": "SECCI\u00d3N 3: COMPOSICI\u00d3N / INFORMACI\u00d3N DE LOS COMPONENTES"}, "hash": "7529bf067be5aa0535e70a123c4351c1a6012ee153939c43ee892d7f018c62f1", "class_name": "RelatedNodeInfo"}, "3": {"node_id": "853e6f92-bcce-4022-9567-a99e60a001b8", "node_type": "1", "metadata": {"document_title": "HOJA DE DATOS DE SEGURIDAD", "metadata_product": "MOBILGREASE XHP 321 MINE", "metadata_description": " Base lubricante y Aditivos", "metadata_recommended_use": "Grasa", "metadata_section": "SECCI\u00d3N 5: MEDIDAS PARA LUCHA CONTRA INCENDIOS"}, "hash": "894e217374f7be69492a0300dd4eca32141854257728e3ddda75fc0f00e04be3", "class_name": "RelatedNodeInfo"}}, "hash": "4b91b1d32caff4c7a6da1261b9524d326b0e80f482d313f900166382b52929e6", "text": "- INHALACI\u00d3N: Bajo condiciones normales del uso previsto, no se espera que este material sea un riesgo de inhalaci\u00f3n. - CONTACTO CON LA PIEL:  Lave las \u00e1reas de contacto con agua y jab\u00f3n. Si el producto se inyecta dentro o debajo de la piel, o en cualquier parte del cuerpo, independientemente de la apariencia del \u00e1rea lastimada o su tama\u00f1o, el individuo  debe ser evaluado inmediatamente por un m\u00e9dico como una emergencia quir\u00fargica. A\u00fan cuando los s\u00edntomas iniciales de la inyecci\u00f3n a alta presi\u00f3n sean m\u00ednimos o ausentes, el tratamiento quir\u00fargico dentro de las primeras horas puede reducir en \u00faltimas el grado de lesi\u00f3n en forma significativa. - CONTACTO CON EL OJO: Enjuague completamente con agua. Si se presenta irritaci\u00f3n, obtenga asistencia m\u00e9dica. - INGESTI\u00d3N: Normalmente no se requieren primeros auxilios. Si ocurre alg\u00fan malestar busque atenci\u00f3n m\u00e9dica. - LOS S\u00cdNTOMAS Y EFECTOS AGUDOS Y RETARDADOS MAS IMPORTANTES: Necrosis local evidenciada por la aparici\u00f3n retardada de dolor y da\u00f1os en los tejidos unas pocas horas  despu\u00e9s de la inyecci\u00f3n. Para medidas de protecci\u00f3n personal al personal que brinda los primeros auxilios, por favor vea la Secci\u00f3n 8\nPara una descripci\u00f3n de los efectos agudos y retardados previstos, por favor vea la Secci\u00f3n 2", "start_char_idx": null, "end_char_idx": null, "text_template": "{metadata_str}\n\n{content}", "metadata_template": "{key}: {value}", "metadata_seperator": "\n", "class_name": "TextNode"}, "__type__": "1"}, "853e6f92-bcce-4022-9567-a99e60a001b8": {"__data__": {"id_": "853e6f92-bcce-4022-9567-a99e60a001b8", "embedding": null, "metadata": {"document_title": "HOJA DE DATOS DE SEGURIDAD", "metadata_product": "MOBILGREASE XHP 321 MINE", "metadata_description": " Base lubricante y Aditivos", "metadata_recommended_use": "Grasa", "metadata_section": "SECCI\u00d3N 5: MEDIDAS PARA LUCHA CONTRA INCENDIOS"}, "excluded_embed_metadata_keys": [], "excluded_llm_metadata_keys": [], "relationships": {"1": {"node_id": "b20a5b70-2998-4396-8145-2076e707ab18", "node_type": "4", "metadata": {"document_title": "HOJA DE DATOS DE SEGURIDAD", "metadata_product": "MOBILGREASE XHP 321 MINE", "metadata_description": " Base lubricante y Aditivos", "metadata_recommended_use": "Grasa", "metadata_section": "SECCI\u00d3N 5: MEDIDAS PARA LUCHA CONTRA INCENDIOS"}, "hash": "894e217374f7be69492a0300dd4eca32141854257728e3ddda75fc0f00e04be3", "class_name": "RelatedNodeInfo"}, "2": {"node_id": "d27f7121-9da1-4f51-b7bb-4c77b95cb3ea", "node_type": "1", "metadata": {"document_title": "HOJA DE DATOS DE SEGURIDAD", "metadata_product": "MOBILGREASE XHP 321 MINE", "metadata_description": " Base lubricante y Aditivos", "metadata_recommended_use": "Grasa", "metadata_section": "SECCI\u00d3N 4: PRIMEROS AUXILIOS"}, "hash": "4b91b1d32caff4c7a6da1261b9524d326b0e80f482d313f900166382b52929e6", "class_name": "RelatedNodeInfo"}, "3": {"node_id": "c9c1d20a-5326-4831-b196-56e7e4f4b77f", "node_type": "1", "metadata": {"document_title": "HOJA DE DATOS DE SEGURIDAD", "metadata_product": "MOBILGREASE XHP 321 MINE", "metadata_description": "Base lubricante y Aditivos", "metadata_recommended_use": "Grasa", "metadata_section": "SECCI\u00d3N 6:  MEDIDAS QUE SE DEBEN TOMAR EN CASO DE DERRAME  ACCIDENTAL"}, "hash": "a9d4d2a22f3b5eeeea3dd6edf46c854d927315b87f352a7dcce0529e126ff183", "class_name": "RelatedNodeInfo"}}, "hash": "894e217374f7be69492a0300dd4eca32141854257728e3ddda75fc0f00e04be3", "text": "- MEDIO DE EXTINCION: Medio de extinci\u00f3n adecuado: Use niebla de agua, espuma, qu\u00edmico seco o di\u00f3xido de carb\u00f3n (CO2) para  extinguir las llamas. Medio de extinci\u00f3n inadecuado: Corrientes directas de agua. - CONTRA INCENDIOS: Instrucciones contra incendios: Evacue el \u00e1rea. Prevenga que el producto fluya fuera del \u00e1rea controlada por incendio o la diluci\u00f3n hacia fuentes de entrada, alcantarillados o suministro de agua potable. Los bomberos deben utilizar equipo de protecci\u00f3n est\u00e1ndar y en espacios cerrados, equipo de respiraci\u00f3n aut\u00f3nomo (SCBA). Utilice agua en roc\u00edo para enfriar las superficies expuestas al fuego y para proteger al personal. - Productos de combusti\u00f3n peligrosos: Aldeh\u00eddos, Productos de combusti\u00f3n incompleta, \u00d3xidos de carb\u00f3n, Humo, \u00d3xidos de azufre. La exposici\u00f3n a los productos de combusti\u00f3n puede generar efectos t\u00f3xicos adversos y/o irritaci\u00f3n. - PROPIEDADES INFLAMABLES:  Punto de inflamaci\u00f3n [M\u00e9todo]: >246\u00b0C (475\u00b0F) [EST. PARA ACEITE, ASTM D-92 (COC)]. L\u00edmites de inflamabilidad (% aproximado de volumen en el aire): LIE: 0.9 LSE: 7.0. Temperatura de auto inflamaci\u00f3n: N/D.", "start_char_idx": null, "end_char_idx": null, "text_template": "{metadata_str}\n\n{content}", "metadata_template": "{key}: {value}", "metadata_seperator": "\n", "class_name": "TextNode"}, "__type__": "1"}, "c9c1d20a-5326-4831-b196-56e7e4f4b77f": {"__data__": {"id_": "c9c1d20a-5326-4831-b196-56e7e4f4b77f", "embedding": null, "metadata": {"document_title": "HOJA DE DATOS DE SEGURIDAD", "metadata_product": "MOBILGREASE XHP 321 MINE", "metadata_description": "Base lubricante y Aditivos", "metadata_recommended_use": "Grasa", "metadata_section": "SECCI\u00d3N 6:  MEDIDAS QUE SE DEBEN TOMAR EN CASO DE DERRAME  ACCIDENTAL"}, "excluded_embed_metadata_keys": [], "excluded_llm_metadata_keys": [], "relationships": {"1": {"node_id": "92086dc1-93bf-483f-8b00-6fa8ff33c54a", "node_type": "4", "metadata": {"document_title": "HOJA DE DATOS DE SEGURIDAD", "metadata_product": "MOBILGREASE XHP 321 MINE", "metadata_description": "Base lubricante y Aditivos", "metadata_recommended_use": "Grasa", "metadata_section": "SECCI\u00d3N 6:  MEDIDAS QUE SE DEBEN TOMAR EN CASO DE DERRAME  ACCIDENTAL"}, "hash": "a9d4d2a22f3b5eeeea3dd6edf46c854d927315b87f352a7dcce0529e126ff183", "class_name": "RelatedNodeInfo"}, "2": {"node_id": "853e6f92-bcce-4022-9567-a99e60a001b8", "node_type": "1", "metadata": {"document_title": "HOJA DE DATOS DE SEGURIDAD", "metadata_product": "MOBILGREASE XHP 321 MINE", "metadata_description": " Base lubricante y Aditivos", "metadata_recommended_use": "Grasa", "metadata_section": "SECCI\u00d3N 5: MEDIDAS PARA LUCHA CONTRA INCENDIOS"}, "hash": "894e217374f7be69492a0300dd4eca32141854257728e3ddda75fc0f00e04be3", "class_name": "RelatedNodeInfo"}, "3": {"node_id": "1aa7cc8b-8f21-4569-bb5d-8930740bfb6d", "node_type": "1", "metadata": {"document_title": "HOJA DE DATOS DE SEGURIDAD", "metadata_product": "MOBILGREASE XHP 321 MINE", "metadata_description": "Base lubricante y Aditivos", "metadata_recommended_use": "Grasa", "metadata_section": "SECCI\u00d3N 6:  MEDIDAS QUE SE DEBEN TOMAR EN CASO DE DERRAME  ACCIDENTAL"}, "hash": "f0506262215ea21da7ca7d955596fe0ed5a7e69d8e999fd4af47c721480730bd", "class_name": "RelatedNodeInfo"}}, "hash": "a9d4d2a22f3b5eeeea3dd6edf46c854d927315b87f352a7dcce0529e126ff183", "text": "- PROCEDIMIENTOS DE NOTIFICACI\u00d3N: En el caso de un derrame o emisi\u00f3n accidental, notifique a las autoridades pertinentes de acuerdo con todos los reglamentos aplicables.  - MEDIDAS DE PROTECCI\u00d3N: Evite el contacto con el material derramado. Consulte la Secci\u00f3n 5 sobre informaci\u00f3n contra incendios. Consulte la Secci\u00f3n sobre Identificaci\u00f3n de Peligros para peligros significativos. Consulte la Secci\u00f3n 4 para recomendaciones sobre primeros auxilios. Consulte la Secci\u00f3n 8 sobre los m\u00ednimos requisitos para el equipo de Protecci\u00f3n Personal. Medidas de protecci\u00f3n adicional pueden ser necesarias dependiendo de las circunstancias espec\u00edficas y/o del an\u00e1lisis experto del personal que atiende la emergencia. Para quien atienden la emergencia: Protecci\u00f3n respiratoria: Protecci\u00f3n respiratoria ser\u00e1 necesaria s\u00f3lo en casos especiales, por ejemplo, la formaci\u00f3n de nieblas. Respirador de media cara o de cara completa con filtro(s) de part\u00edculas/vapores org\u00e1nicos o un aparato de respiraci\u00f3n aut\u00f3nomo (SCBA) se puede utilizar dependiendo del tama\u00f1o del derrame y el nivel potencial de exposici\u00f3n. Si la exposici\u00f3n no puede ser caracterizada o si se anticipa o es posible una atm\u00f3sfera deficiente en ox\u00edgeno, se recomienda usar SCBA. Se recomienda guantes de trabajo que sean resistentes a los hidrocarburos. Guantes de acetato de polivinilo (PVA) no son resistentes al agua y no son adecuados para uso en emergencias. Se recomiendan la gafas de protecci\u00f3n para qu\u00edmicos si es posible una salpicadura o cualquier contacto con los ojos. Derrames peque\u00f1os: Normalmente es suficiente usar ropa normal de trabajo antiest\u00e1tica. Derrames grandes: traje completo resistente a productos qu\u00edmicos, se recomienda que sea antiest\u00e1tico.", "start_char_idx": null, "end_char_idx": null, "text_template": "{metadata_str}\n\n{content}", "metadata_template": "{key}: {value}", "metadata_seperator": "\n", "class_name": "TextNode"}, "__type__": "1"}, "1aa7cc8b-8f21-4569-bb5d-8930740bfb6d": {"__data__": {"id_": "1aa7cc8b-8f21-4569-bb5d-8930740bfb6d", "embedding": null, "metadata": {"document_title": "HOJA DE DATOS DE SEGURIDAD", "metadata_product": "MOBILGREASE XHP 321 MINE", "metadata_description": "Base lubricante y Aditivos", "metadata_recommended_use": "Grasa", "metadata_section": "SECCI\u00d3N 6:  MEDIDAS QUE SE DEBEN TOMAR EN CASO DE DERRAME  ACCIDENTAL"}, "excluded_embed_metadata_keys": [], "excluded_llm_metadata_keys": [], "relationships": {"1": {"node_id": "48fdfb57-2450-47dc-be13-c104f1a321df", "node_type": "4", "metadata": {"document_title": "HOJA DE DATOS DE SEGURIDAD", "metadata_product": "MOBILGREASE XHP 321 MINE", "metadata_description": "Base lubricante y Aditivos", "metadata_recommended_use": "Grasa", "metadata_section": "SECCI\u00d3N 6:  MEDIDAS QUE SE DEBEN TOMAR EN CASO DE DERRAME  ACCIDENTAL"}, "hash": "f0506262215ea21da7ca7d955596fe0ed5a7e69d8e999fd4af47c721480730bd", "class_name": "RelatedNodeInfo"}, "2": {"node_id": "c9c1d20a-5326-4831-b196-56e7e4f4b77f", "node_type": "1", "metadata": {"document_title": "HOJA DE DATOS DE SEGURIDAD", "metadata_product": "MOBILGREASE XHP 321 MINE", "metadata_description": "Base lubricante y Aditivos", "metadata_recommended_use": "Grasa", "metadata_section": "SECCI\u00d3N 6:  MEDIDAS QUE SE DEBEN TOMAR EN CASO DE DERRAME  ACCIDENTAL"}, "hash": "a9d4d2a22f3b5eeeea3dd6edf46c854d927315b87f352a7dcce0529e126ff183", "class_name": "RelatedNodeInfo"}, "3": {"node_id": "415a25d5-0fdb-4330-ab57-448695470971", "node_type": "1", "metadata": {"document_title": "HOJA DE DATOS DE SEGURIDAD", "metadata_product": "MOBILGREASE XHP 321 MINE", "metadata_description": "Base lubricante y Aditivos", "metadata_recommended_use": "Grasa", "metadata_section": "SECCI\u00d3N 7 MANIPULACI\u00d3N Y ALMACENAMIENTO"}, "hash": "cc1fd5092417ccedcea587e3f653f094476ee50990b5408c7ec851dbe638757c", "class_name": "RelatedNodeInfo"}}, "hash": "f0506262215ea21da7ca7d955596fe0ed5a7e69d8e999fd4af47c721480730bd", "text": "- MANEJO DE DERRAMES: Derrame en tierra: Retire el material derramado usando palas y col\u00f3quelo en un recipiente para reciclo o desecho apropiado. Derrame en agua: Si puede hacerlo sin riesgo detenga la fuga. Confine el derrame inmediatamente usando barreras flotantes. Advierta a otras embarcaciones. Desnatar de la superficie. Las recomendaciones para derrames en agua y en tierra se basan en el escenario m\u00e1s factible para este material; sin embargo, las condiciones geogr\u00e1ficas, el viento, la temperatura, (y en caso de derrames en agua) la direcci\u00f3n y velocidad de olas, pueden influenciar en forma importante la acci\u00f3n apropiada que deba tomarse. Por esta raz\u00f3n, se deben consultar los expertos locales. Nota: Las regulaciones locales pueden prescribir o limitar la acci\u00f3n a tomarse. PRECAUCIONES MEDIO AMBIENTALES: Derrames grandes: Evite la entrada en corrientes de agua, alcantarillados, s\u00f3tanos o \u00e1reas confinadas. Para disposici\u00f3n final por favor ver la secci\u00f3n 13", "start_char_idx": null, "end_char_idx": null, "text_template": "{metadata_str}\n\n{content}", "metadata_template": "{key}: {value}", "metadata_seperator": "\n", "class_name": "TextNode"}, "__type__": "1"}, "415a25d5-0fdb-4330-ab57-448695470971": {"__data__": {"id_": "415a25d5-0fdb-4330-ab57-448695470971", "embedding": null, "metadata": {"document_title": "HOJA DE DATOS DE SEGURIDAD", "metadata_product": "MOBILGREASE XHP 321 MINE", "metadata_description": "Base lubricante y Aditivos", "metadata_recommended_use": "Grasa", "metadata_section": "SECCI\u00d3N 7 MANIPULACI\u00d3N Y ALMACENAMIENTO"}, "excluded_embed_metadata_keys": [], "excluded_llm_metadata_keys": [], "relationships": {"1": {"node_id": "16346bed-a93f-4a01-90ab-ae1c375bba62", "node_type": "4", "metadata": {"document_title": "HOJA DE DATOS DE SEGURIDAD", "metadata_product": "MOBILGREASE XHP 321 MINE", "metadata_description": "Base lubricante y Aditivos", "metadata_recommended_use": "Grasa", "metadata_section": "SECCI\u00d3N 7 MANIPULACI\u00d3N Y ALMACENAMIENTO"}, "hash": "cc1fd5092417ccedcea587e3f653f094476ee50990b5408c7ec851dbe638757c", "class_name": "RelatedNodeInfo"}, "2": {"node_id": "1aa7cc8b-8f21-4569-bb5d-8930740bfb6d", "node_type": "1", "metadata": {"document_title": "HOJA DE DATOS DE SEGURIDAD", "metadata_product": "MOBILGREASE XHP 321 MINE", "metadata_description": "Base lubricante y Aditivos", "metadata_recommended_use": "Grasa", "metadata_section": "SECCI\u00d3N 6:  MEDIDAS QUE SE DEBEN TOMAR EN CASO DE DERRAME  ACCIDENTAL"}, "hash": "f0506262215ea21da7ca7d955596fe0ed5a7e69d8e999fd4af47c721480730bd", "class_name": "RelatedNodeInfo"}, "3": {"node_id": "b3e2a960-409d-41cf-ac9c-15f5ff6aa97c", "node_type": "1", "metadata": {"document_title": "HOJA DE DATOS DE SEGURIDAD", "metadata_product": "MOBILGREASE XHP 321 MINE", "metadata_description": "Base lubricante y Aditivos", "metadata_recommended_use": "Grasa", "metadata_section": "SECCI\u00d3N 8 CONTROLES DE EXPOSICI\u00d3N / PROTECCI\u00d3N PERSONAL"}, "hash": "834e8dff115b788f16dd36eadda7caa1929d56c9b99b267149703acd85a187c7", "class_name": "RelatedNodeInfo"}}, "hash": "cc1fd5092417ccedcea587e3f653f094476ee50990b5408c7ec851dbe638757c", "text": "- MANIPULACI\u00d3N, MEDIDAS OPERACIONALES Y T\u00c9CNICAS APLICABLES: Evite peque\u00f1os derrames y fugas para evitar riesgos de resbalamiento. Acumulador est\u00e1tico: Este material no es un acumulador est\u00e1tico. Otras medidas de precauci\u00f3n apropiadas: No es aplicable. - ALMACENAMIENTO: No almacene en recipientes abiertos o sin identificar. Para medidas operacionales y controles de ingenier\u00eda por favor ver la Secci\u00f3n 8. Para Materiales incompatibles por favor vea la Secci\u00f3n 10.", "start_char_idx": null, "end_char_idx": null, "text_template": "{metadata_str}\n\n{content}", "metadata_template": "{key}: {value}", "metadata_seperator": "\n", "class_name": "TextNode"}, "__type__": "1"}, "b3e2a960-409d-41cf-ac9c-15f5ff6aa97c": {"__data__": {"id_": "b3e2a960-409d-41cf-ac9c-15f5ff6aa97c", "embedding": null, "metadata": {"document_title": "HOJA DE DATOS DE SEGURIDAD", "metadata_product": "MOBILGREASE XHP 321 MINE", "metadata_description": "Base lubricante y Aditivos", "metadata_recommended_use": "Grasa", "metadata_section": "SECCI\u00d3N 8 CONTROLES DE EXPOSICI\u00d3N / PROTECCI\u00d3N PERSONAL"}, "excluded_embed_metadata_keys": [], "excluded_llm_metadata_keys": [], "relationships": {"1": {"node_id": "033f6cd6-1d34-4811-930d-2bf9c9062bce", "node_type": "4", "metadata": {"document_title": "HOJA DE DATOS DE SEGURIDAD", "metadata_product": "MOBILGREASE XHP 321 MINE", "metadata_description": "Base lubricante y Aditivos", "metadata_recommended_use": "Grasa", "metadata_section": "SECCI\u00d3N 8 CONTROLES DE EXPOSICI\u00d3N / PROTECCI\u00d3N PERSONAL"}, "hash": "834e8dff115b788f16dd36eadda7caa1929d56c9b99b267149703acd85a187c7", "class_name": "RelatedNodeInfo"}, "2": {"node_id": "415a25d5-0fdb-4330-ab57-448695470971", "node_type": "1", "metadata": {"document_title": "HOJA DE DATOS DE SEGURIDAD", "metadata_product": "MOBILGREASE XHP 321 MINE", "metadata_description": "Base lubricante y Aditivos", "metadata_recommended_use": "Grasa", "metadata_section": "SECCI\u00d3N 7 MANIPULACI\u00d3N Y ALMACENAMIENTO"}, "hash": "cc1fd5092417ccedcea587e3f653f094476ee50990b5408c7ec851dbe638757c", "class_name": "RelatedNodeInfo"}, "3": {"node_id": "fec69b20-7fef-44ee-b710-d0a6d6ad3744", "node_type": "1", "metadata": {"document_title": "HOJA DE DATOS DE SEGURIDAD", "metadata_product": "MOBILGREASE XHP 321 MINE", "metadata_description": "Base lubricante y Aditivos", "metadata_recommended_use": "Grasa", "metadata_section": "SECCI\u00d3N 8 CONTROLES DE EXPOSICI\u00d3N / PROTECCI\u00d3N PERSONAL"}, "hash": "a7007952ab41ea80f4f6d28b50d54e5f7e43d721de4951642316fa4123fd48cd", "class_name": "RelatedNodeInfo"}}, "hash": "834e8dff115b788f16dd36eadda7caa1929d56c9b99b267149703acd85a187c7", "text": "- VALORES DE EXPOSICI\u00d3N L\u00cdMITE: L\u00edmites de exposici\u00f3n/est\u00e1ndares (Nota: Los l\u00edmites de exposici\u00f3n no son aditivos): - Nombre de la sustancia: SULFURO DE MOLIBDENO (IV) [como Mo]. Forma: -. L\u00edmite: TWA. Norma: 8.75 mg/m3. Nota: N/A. Fuente: Chile - OELs. - Nombre de la sustancia: SULFURO DE MOLIBDENO (IV) [como Mo]. Forma: Polvo total. Limite: TWA. Norma: 15 mg/m3. Nota: N/A. Fuente: OSHA Z1. - Nombre de la sustancia: SULFURO DE MOLIBDENO (IV) [como Mo]. Forma: Fracci\u00f3n inhalable. Limite: TWA. Norma: 10 mg/m3. Nota: N/A. Fuente: ACGIH. - Nombre de la sustancia: SULFURO DE MOLIBDENO (IV) [como Mo]. Forma: Fracci\u00f3n respirable. Limite: TWA. Norma: 3 mg/m3. Nota: N/A. Fuente: ACGIH. NOTA: Los l\u00edmites y est\u00e1ndares se muestran \u00fanicamente como gu\u00eda. Siga las regulaciones aplicables. - CONTROLES DE INGENIERIA Y MEDIDAS OPERACIONALES APLICABLES: El nivel de protecci\u00f3n y los tipos de controles necesarios variar\u00e1n dependiendo del potencial de las condiciones de exposici\u00f3n. Medidas de control a considerar: Ning\u00fan requisito especial bajo condiciones normales de uso y con ventilaci\u00f3n adecuada. - NOTA: Los l\u00edmites y est\u00e1ndares se muestran \u00fanicamente como gu\u00eda. Siga las regulaciones aplicables. - CONTROLES DE INGENIERIA Y MEDIDAS OPERACIONALES APLICABLES El nivel de protecci\u00f3n y los tipos de controles necesarios variar\u00e1n dependiendo del potencial de las condiciones de exposici\u00f3n. Medidas de control a considerar: Ning\u00fan requisito especial bajo condiciones normales de uso y con ventilaci\u00f3n adecuada.", "start_char_idx": null, "end_char_idx": null, "text_template": "{metadata_str}\n\n{content}", "metadata_template": "{key}: {value}", "metadata_seperator": "\n", "class_name": "TextNode"}, "__type__": "1"}, "fec69b20-7fef-44ee-b710-d0a6d6ad3744": {"__data__": {"id_": "fec69b20-7fef-44ee-b710-d0a6d6ad3744", "embedding": null, "metadata": {"document_title": "HOJA DE DATOS DE SEGURIDAD", "metadata_product": "MOBILGREASE XHP 321 MINE", "metadata_description": "Base lubricante y Aditivos", "metadata_recommended_use": "Grasa", "metadata_section": "SECCI\u00d3N 8 CONTROLES DE EXPOSICI\u00d3N / PROTECCI\u00d3N PERSONAL"}, "excluded_embed_metadata_keys": [], "excluded_llm_metadata_keys": [], "relationships": {"1": {"node_id": "ecf6305e-b17c-443e-96ba-06e19059f554", "node_type": "4", "metadata": {"document_title": "HOJA DE DATOS DE SEGURIDAD", "metadata_product": "MOBILGREASE XHP 321 MINE", "metadata_description": "Base lubricante y Aditivos", "metadata_recommended_use": "Grasa", "metadata_section": "SECCI\u00d3N 8 CONTROLES DE EXPOSICI\u00d3N / PROTECCI\u00d3N PERSONAL"}, "hash": "a7007952ab41ea80f4f6d28b50d54e5f7e43d721de4951642316fa4123fd48cd", "class_name": "RelatedNodeInfo"}, "2": {"node_id": "b3e2a960-409d-41cf-ac9c-15f5ff6aa97c", "node_type": "1", "metadata": {"document_title": "HOJA DE DATOS DE SEGURIDAD", "metadata_product": "MOBILGREASE XHP 321 MINE", "metadata_description": "Base lubricante y Aditivos", "metadata_recommended_use": "Grasa", "metadata_section": "SECCI\u00d3N 8 CONTROLES DE EXPOSICI\u00d3N / PROTECCI\u00d3N PERSONAL"}, "hash": "834e8dff115b788f16dd36eadda7caa1929d56c9b99b267149703acd85a187c7", "class_name": "RelatedNodeInfo"}, "3": {"node_id": "8e33bbc0-cc14-4e83-8a7f-6b62f90a0aee", "node_type": "1", "metadata": {"document_title": "HOJA DE DATOS DE SEGURIDAD", "metadata_product": "MOBILGREASE XHP 321 MINE", "metadata_description": "Base lubricante y Aditivos", "metadata_recommended_use": "Grasa", "metadata_section": "SECCI\u00d3N 8 CONTROLES DE EXPOSICI\u00d3N / PROTECCI\u00d3N PERSONAL"}, "hash": "718d0e46f90542a8bd5145a479a78e945dde196f693720ad0f8793d25544d3ac", "class_name": "RelatedNodeInfo"}}, "hash": "a7007952ab41ea80f4f6d28b50d54e5f7e43d721de4951642316fa4123fd48cd", "text": "- PROTECCI\u00d3N PERSONAL: Las selecciones del equipo de protecci\u00f3n personal var\u00edan dependiendo de las condiciones potenciales de exposici\u00f3n tales como aplicaciones, pr\u00e1cticas de manejo, concentraci\u00f3n y ventilaci\u00f3n. La informaci\u00f3n sobre la selecci\u00f3n del equipo de protecci\u00f3n a usarse con este material, como se indica mas abajo, se basa en el uso normal previsto. Protecci\u00f3n respiratoria:  Si los controles de ingenier\u00eda no mantienen las concentraciones de contaminantes en el aire a niveles que sean adecuados para proteger la salud del trabajador, puede ser adecuado el uso de  un respirador aprobado. Si aplica, la selecci\u00f3n, el uso y el mantenimiento del respirador debe cumplir con los requerimientos regulatorios. Los tipos de respiradores a ser considerados para este tipo de material incluyen: Generalmente no se requiere protecci\u00f3n bajo condiciones normales de uso y con ventilaci\u00f3n adecuada. Para altas concentraciones en el aire, utilice un respirador con suministro de aire aprobado, operado en el modo de presi\u00f3n positiva. Los respiradores con suministro de aire con botella de escape pueden ser apropiados cuando los niveles de ox\u00edgeno son inadecuados, las propiedades de alerta de vapor / gas son deficientes o si puede haberse excedido la capacidad o el \u00edndice del filtro purificador de aire. Protecci\u00f3n para las manos: Cualquier informaci\u00f3n espec\u00edfica proporcionada sobre los guantes est\u00e1 basada en literatura publicada y datos del fabricante. Las condiciones de trabajo pueden afectar considerablemente el estado y la durabilidad del guante. Contacte al fabricante del guante para informaci\u00f3n espec\u00edfica en selecci\u00f3n y durabilidad para sus condiciones de uso. Inspeccione y reemplace los guantes gastados o da\u00f1ados. Los tipos de guantes considerados para este material incluyen: Generalmente no se requiere protecci\u00f3n bajo condiciones normales de uso. Protecci\u00f3n para los ojos: Si el contacto es probable, se recomiendan anteojos de seguridad con protecciones laterales.", "start_char_idx": null, "end_char_idx": null, "text_template": "{metadata_str}\n\n{content}", "metadata_template": "{key}: {value}", "metadata_seperator": "\n", "class_name": "TextNode"}, "__type__": "1"}, "8e33bbc0-cc14-4e83-8a7f-6b62f90a0aee": {"__data__": {"id_": "8e33bbc0-cc14-4e83-8a7f-6b62f90a0aee", "embedding": null, "metadata": {"document_title": "HOJA DE DATOS DE SEGURIDAD", "metadata_product": "MOBILGREASE XHP 321 MINE", "metadata_description": "Base lubricante y Aditivos", "metadata_recommended_use": "Grasa", "metadata_section": "SECCI\u00d3N 8 CONTROLES DE EXPOSICI\u00d3N / PROTECCI\u00d3N PERSONAL"}, "excluded_embed_metadata_keys": [], "excluded_llm_metadata_keys": [], "relationships": {"1": {"node_id": "e5bb9ec7-d5a4-4d2d-ae84-b5c71b88d8ac", "node_type": "4", "metadata": {"document_title": "HOJA DE DATOS DE SEGURIDAD", "metadata_product": "MOBILGREASE XHP 321 MINE", "metadata_description": "Base lubricante y Aditivos", "metadata_recommended_use": "Grasa", "metadata_section": "SECCI\u00d3N 8 CONTROLES DE EXPOSICI\u00d3N / PROTECCI\u00d3N PERSONAL"}, "hash": "837efe5770bd100fe2b6a901b60b2c689a804f6e593eedab3a8b03c7c3bd0af8", "class_name": "RelatedNodeInfo"}, "2": {"node_id": "fec69b20-7fef-44ee-b710-d0a6d6ad3744", "node_type": "1", "metadata": {"document_title": "HOJA DE DATOS DE SEGURIDAD", "metadata_product": "MOBILGREASE XHP 321 MINE", "metadata_description": "Base lubricante y Aditivos", "metadata_recommended_use": "Grasa", "metadata_section": "SECCI\u00d3N 8 CONTROLES DE EXPOSICI\u00d3N / PROTECCI\u00d3N PERSONAL"}, "hash": "a7007952ab41ea80f4f6d28b50d54e5f7e43d721de4951642316fa4123fd48cd", "class_name": "RelatedNodeInfo"}, "3": {"node_id": "3883de86-779f-44b9-b49a-0175a4e51ade", "node_type": "1", "metadata": {"document_title": "HOJA DE DATOS DE SEGURIDAD", "metadata_product": "MOBILGREASE XHP 321 MINE", "metadata_description": "Base lubricante y Aditivos", "metadata_recommended_use": "Grasa", "metadata_section": "SECCI\u00d3N 10: ESTABILIDAD Y REACTIVIDAD"}, "hash": "6aac855dcf5d5fb4452c88a9a67d8655fe19c10504184067cc6c5661328aff92", "class_name": "RelatedNodeInfo"}}, "hash": "718d0e46f90542a8bd5145a479a78e945dde196f693720ad0f8793d25544d3ac", "text": "- Protecci\u00f3n de la piel y el cuerpo: Cualquier informaci\u00f3n proporcionada sobre prendas espec\u00edficas se basa en la literatura publicada o datos del fabricante. Los tipos de prendas a considerar para este material incluyen: Bajo condiciones normales de uso no se requiere generalmente protecci\u00f3n para la piel . De acuerdo \ncon las buenas pr\u00e1cticas de higiene industrial, se deben tomar precauciones para evitar el contacto con la piel. Medidas de higiene espec\u00edficas: Observe siempre las buenas pr\u00e1cticas de higiene personal, como lavarse despu\u00e9s de manejar el material y antes de comer, beber y/o fumar. Rutinariamente lave la ropa de trabajo y el equipo de protecci\u00f3n para remover los contaminantes. Deseche la ropa y el calzado contaminados que no se puedan limpiar. Mantenga unas buenas pr\u00e1cticas de aseo. - CONTROLES MEDIO AMBIENTALES: Cumplir con las reglamentaciones medioambientales limitando la eliminaci\u00f3n al aire, agua y suelo. Proteger el medio ambiente aplicando medidas de control apropiadas para prevenir o limitar las emisiones.", "start_char_idx": null, "end_char_idx": null, "text_template": "{metadata_str}\n\n{content}", "metadata_template": "{key}: {value}", "metadata_seperator": "\n", "class_name": "TextNode"}, "__type__": "1"}, "3883de86-779f-44b9-b49a-0175a4e51ade": {"__data__": {"id_": "3883de86-779f-44b9-b49a-0175a4e51ade", "embedding": null, "metadata": {"document_title": "HOJA DE DATOS DE SEGURIDAD", "metadata_product": "MOBILGREASE XHP 321 MINE", "metadata_description": "Base lubricante y Aditivos", "metadata_recommended_use": "Grasa", "metadata_section": "SECCI\u00d3N 10: ESTABILIDAD Y REACTIVIDAD"}, "excluded_embed_metadata_keys": [], "excluded_llm_metadata_keys": [], "relationships": {"1": {"node_id": "924f7f40-4b8e-4074-8072-c2555580be05", "node_type": "4", "metadata": {"document_title": "HOJA DE DATOS DE SEGURIDAD", "metadata_product": "MOBILGREASE XHP 321 MINE", "metadata_description": "Base lubricante y Aditivos", "metadata_recommended_use": "Grasa", "metadata_section": "SECCI\u00d3N 10: ESTABILIDAD Y REACTIVIDAD"}, "hash": "6aac855dcf5d5fb4452c88a9a67d8655fe19c10504184067cc6c5661328aff92", "class_name": "RelatedNodeInfo"}, "2": {"node_id": "8e33bbc0-cc14-4e83-8a7f-6b62f90a0aee", "node_type": "1", "metadata": {"document_title": "HOJA DE DATOS DE SEGURIDAD", "metadata_product": "MOBILGREASE XHP 321 MINE", "metadata_description": "Base lubricante y Aditivos", "metadata_recommended_use": "Grasa", "metadata_section": "SECCI\u00d3N 8 CONTROLES DE EXPOSICI\u00d3N / PROTECCI\u00d3N PERSONAL"}, "hash": "718d0e46f90542a8bd5145a479a78e945dde196f693720ad0f8793d25544d3ac", "class_name": "RelatedNodeInfo"}, "3": {"node_id": "f11ce370-8a5f-440d-8583-4e8d544c053f", "node_type": "1", "metadata": {"document_title": "HOJA DE DATOS DE SEGURIDAD", "metadata_product": " MOBILGREASE XHP 321 MINE", "metadata_description": "Base lubricante y Aditivos", "metadata_recommended_use": "Grasa", "metadata_section": "SECCI\u00d3N 12: INFORMACI\u00d3N ECOL\u00d3GICA"}, "hash": "4fcbea191a0b469affdbd75f8798f64a11bbc037530e35acf4845368df6d7aa5", "class_name": "RelatedNodeInfo"}}, "hash": "6aac855dcf5d5fb4452c88a9a67d8655fe19c10504184067cc6c5661328aff92", "text": "- REACTIVIDAD: Ver abajo sub-secciones. - ESTABILIDAD: Bajo condiciones normales, el material es estable. - CONDICIONES A EVITAR: Calor excesivo. Fuentes de ignici\u00f3n de alta energ\u00eda. - MATERIALES A EVITAR: Oxidantes fuerte. - PRODUCTOS DE DESCOMPOSICI\u00d3N PELIGROSOS: El material no se descompone a temperaturas ambiente. - POSIBILIDAD DE REACCIONES PELIGROSAS: No se producir\u00e1 polimerizaci\u00f3n peligrosa.", "start_char_idx": null, "end_char_idx": null, "text_template": "{metadata_str}\n\n{content}", "metadata_template": "{key}: {value}", "metadata_seperator": "\n", "class_name": "TextNode"}, "__type__": "1"}, "f11ce370-8a5f-440d-8583-4e8d544c053f": {"__data__": {"id_": "f11ce370-8a5f-440d-8583-4e8d544c053f", "embedding": null, "metadata": {"document_title": "HOJA DE DATOS DE SEGURIDAD", "metadata_product": " MOBILGREASE XHP 321 MINE", "metadata_description": "Base lubricante y Aditivos", "metadata_recommended_use": "Grasa", "metadata_section": "SECCI\u00d3N 12: INFORMACI\u00d3N ECOL\u00d3GICA"}, "excluded_embed_metadata_keys": [], "excluded_llm_metadata_keys": [], "relationships": {"1": {"node_id": "cb4a07e3-6dd6-4367-b49f-d341cf881e2d", "node_type": "4", "metadata": {"document_title": "HOJA DE DATOS DE SEGURIDAD", "metadata_product": " MOBILGREASE XHP 321 MINE", "metadata_description": "Base lubricante y Aditivos", "metadata_recommended_use": "Grasa", "metadata_section": "SECCI\u00d3N 12: INFORMACI\u00d3N ECOL\u00d3GICA"}, "hash": "91226a11bd4ea64c07f0f993bc75dee8fb2c2628fa722dd8ff2fc5a0a938cad0", "class_name": "RelatedNodeInfo"}, "2": {"node_id": "3883de86-779f-44b9-b49a-0175a4e51ade", "node_type": "1", "metadata": {"document_title": "HOJA DE DATOS DE SEGURIDAD", "metadata_product": "MOBILGREASE XHP 321 MINE", "metadata_description": "Base lubricante y Aditivos", "metadata_recommended_use": "Grasa", "metadata_section": "SECCI\u00d3N 10: ESTABILIDAD Y REACTIVIDAD"}, "hash": "6aac855dcf5d5fb4452c88a9a67d8655fe19c10504184067cc6c5661328aff92", "class_name": "RelatedNodeInfo"}}, "hash": "4fcbea191a0b469affdbd75f8798f64a11bbc037530e35acf4845368df6d7aa5", "text": "La informaci\u00f3n suministrada se basa en datos disponibles para el material mismo, los componentes del material y materiales similares mediante la aplicaci\u00f3n del principio de enlaces.\n- ECOTOXICIDAD: Material -- No se espera que sea nocivo para los organismos acu\u00e1ticos.\n- MOVILIDAD: Componente de base lubricante -- Baja solubilidad, flota y se espera que migre del agua a la tierra. Se espera que se reparta a sedimento y a s\u00f3lidos del agua residual.\n- PERSISTENCIA Y DEGRADABILIDAD Biodegradaci\u00f3n: Componente de base lubricante -- Se espera que sea inherentemente biodegradable.\n- POTENCIAL DE BIOACUMULACI\u00d3N: Componente de base lubricante -- Tiene el potencial de bioacumularse, sin embargo el metabolismo sobre las propiedades f\u00edsicas pueden reducir la bioconcentraci\u00f3n o limitar la biodisponibilidad.\n- DATOS ECOL\u00d3GICOS: Si este material o alguno similar ha sido objeto del test ecol\u00f3gico, los resultados de dicho test se incluir\u00e1n en una tabla abajo. Si no ha sido objeto del test, la informaci\u00f3n no est\u00e1 disponible.", "start_char_idx": null, "end_char_idx": null, "text_template": "{metadata_str}\n\n{content}", "metadata_template": "{key}: {value}", "metadata_seperator": "\n", "class_name": "TextNode"}, "__type__": "1"}}, "docstore/ref_doc_info": {"def32ac7-130f-4e61-9047-07a9416757f5": {"node_ids": ["8beb437a-6c3c-4c2f-95d3-86e12b60f4b9"], "metadata": {"document_title": "HOJA DE DATOS DE SEGURIDAD", "metadata_product": "MOBILGREASE XHP 321 MINE", "metadata_description": "Base lubricante y Aditivos", "metadata_recommended_use": "Grasa", "metadata_section": "SECCI\u00d3N 1: IDENTIFICACI\u00d3N DEL PRODUCTO QU\u00cdMICO Y DE LA EMPRESA"}}, "bd99c7c4-db50-464e-854c-62a2848bc622": {"node_ids": ["d89cb9ec-135a-421e-bb85-a5f1e74280b7"], "metadata": {"document_title": "HOJA DE DATOS DE SEGURIDAD", "metadata_product": "MOBILGREASE XHP 321 MINE", "metadata_description": "Base lubricante y Aditivos", "metadata_recommended_use": "Grasa", "metadata_section": "SECCI\u00d3N 2: IDENTIFICACI\u00d3N DE LOS PELIGROS"}}, "d2e0d7ac-1507-4136-b89b-34cf411678e4": {"node_ids": ["210f159c-7c90-459d-ad3e-91b16a848c1b"], "metadata": {"document_title": "HOJA DE DATOS DE SEGURIDAD", "metadata_product": "MOBILGREASE XHP 321 MINE", "metadata_description": "Base lubricante y Aditivos", "metadata_recommended_use": "Grasa", "metadata_section": "SECCI\u00d3N 3: COMPOSICI\u00d3N / INFORMACI\u00d3N DE LOS COMPONENTES"}}, "7f6ab3b9-75ef-4b05-a32b-634ca74ca80c": {"node_ids": ["d27f7121-9da1-4f51-b7bb-4c77b95cb3ea"], "metadata": {"document_title": "HOJA DE DATOS DE SEGURIDAD", "metadata_product": "MOBILGREASE XHP 321 MINE", "metadata_description": " Base lubricante y Aditivos", "metadata_recommended_use": "Grasa", "metadata_section": "SECCI\u00d3N 4: PRIMEROS AUXILIOS"}}, "b20a5b70-2998-4396-8145-2076e707ab18": {"node_ids": ["853e6f92-bcce-4022-9567-a99e60a001b8"], "metadata": {"document_title": "HOJA DE DATOS DE SEGURIDAD", "metadata_product": "MOBILGREASE XHP 321 MINE", "metadata_description": " Base lubricante y Aditivos", "metadata_recommended_use": "Grasa", "metadata_section": "SECCI\u00d3N 5: MEDIDAS PARA LUCHA CONTRA INCENDIOS"}}, "92086dc1-93bf-483f-8b00-6fa8ff33c54a": {"node_ids": ["c9c1d20a-5326-4831-b196-56e7e4f4b77f"], "metadata": {"document_title": "HOJA DE DATOS DE SEGURIDAD", "metadata_product": "MOBILGREASE XHP 321 MINE", "metadata_description": "Base lubricante y Aditivos", "metadata_recommended_use": "Grasa", "metadata_section": "SECCI\u00d3N 6:  MEDIDAS QUE SE DEBEN TOMAR EN CASO DE DERRAME  ACCIDENTAL"}}, "48fdfb57-2450-47dc-be13-c104f1a321df": {"node_ids": ["1aa7cc8b-8f21-4569-bb5d-8930740bfb6d"], "metadata": {"document_title": "HOJA DE DATOS DE SEGURIDAD", "metadata_product": "MOBILGREASE XHP 321 MINE", "metadata_description": "Base lubricante y Aditivos", "metadata_recommended_use": "Grasa", "metadata_section": "SECCI\u00d3N 6:  MEDIDAS QUE SE DEBEN TOMAR EN CASO DE DERRAME  ACCIDENTAL"}}, "16346bed-a93f-4a01-90ab-ae1c375bba62": {"node_ids": ["415a25d5-0fdb-4330-ab57-448695470971"], "metadata": {"document_title": "HOJA DE DATOS DE SEGURIDAD", "metadata_product": "MOBILGREASE XHP 321 MINE", "metadata_description": "Base lubricante y Aditivos", "metadata_recommended_use": "Grasa", "metadata_section": "SECCI\u00d3N 7 MANIPULACI\u00d3N Y ALMACENAMIENTO"}}, "033f6cd6-1d34-4811-930d-2bf9c9062bce": {"node_ids": ["b3e2a960-409d-41cf-ac9c-15f5ff6aa97c"], "metadata": {"document_title": "HOJA DE DATOS DE SEGURIDAD", "metadata_product": "MOBILGREASE XHP 321 MINE", "metadata_description": "Base lubricante y Aditivos", "metadata_recommended_use": "Grasa", "metadata_section": "SECCI\u00d3N 8 CONTROLES DE EXPOSICI\u00d3N / PROTECCI\u00d3N PERSONAL"}}, "ecf6305e-b17c-443e-96ba-06e19059f554": {"node_ids": ["fec69b20-7fef-44ee-b710-d0a6d6ad3744"], "metadata": {"document_title": "HOJA DE DATOS DE SEGURIDAD", "metadata_product": "MOBILGREASE XHP 321 MINE", "metadata_description": "Base lubricante y Aditivos", "metadata_recommended_use": "Grasa", "metadata_section": "SECCI\u00d3N 8 CONTROLES DE EXPOSICI\u00d3N / PROTECCI\u00d3N PERSONAL"}}, "e5bb9ec7-d5a4-4d2d-ae84-b5c71b88d8ac": {"node_ids": ["8e33bbc0-cc14-4e83-8a7f-6b62f90a0aee"], "metadata": {"document_title": "HOJA DE DATOS DE SEGURIDAD", "metadata_product": "MOBILGREASE XHP 321 MINE", "metadata_description": "Base lubricante y Aditivos", "metadata_recommended_use": "Grasa", "metadata_section": "SECCI\u00d3N 8 CONTROLES DE EXPOSICI\u00d3N / PROTECCI\u00d3N PERSONAL"}}, "924f7f40-4b8e-4074-8072-c2555580be05": {"node_ids": ["3883de86-779f-44b9-b49a-0175a4e51ade"], "metadata": {"document_title": "HOJA DE DATOS DE SEGURIDAD", "metadata_product": "MOBILGREASE XHP 321 MINE", "metadata_description": "Base lubricante y Aditivos", "metadata_recommended_use": "Grasa", "metadata_section": "SECCI\u00d3N 10: ESTABILIDAD Y REACTIVIDAD"}}, "cb4a07e3-6dd6-4367-b49f-d341cf881e2d": {"node_ids": ["f11ce370-8a5f-440d-8583-4e8d544c053f"], "metadata": {"document_title": "HOJA DE DATOS DE SEGURIDAD", "metadata_product": " MOBILGREASE XHP 321 MINE", "metadata_description": "Base lubricante y Aditivos", "metadata_recommended_use": "Grasa", "metadata_section": "SECCI\u00d3N 12: INFORMACI\u00d3N ECOL\u00d3GICA"}}}, "docstore/metadata": {"8beb437a-6c3c-4c2f-95d3-86e12b60f4b9": {"doc_hash": "99699ea2440854f5cae2dec9622b771ffca072e86765e86bbe77632989930880", "ref_doc_id": "def32ac7-130f-4e61-9047-07a9416757f5"}, "d89cb9ec-135a-421e-bb85-a5f1e74280b7": {"doc_hash": "f40f0021ead6cf86315d271f56513c0e6bffcbcae8da92ded923bab1d01a35da", "ref_doc_id": "bd99c7c4-db50-464e-854c-62a2848bc622"}, "210f159c-7c90-459d-ad3e-91b16a848c1b": {"doc_hash": "7529bf067be5aa0535e70a123c4351c1a6012ee153939c43ee892d7f018c62f1", "ref_doc_id": "d2e0d7ac-1507-4136-b89b-34cf411678e4"}, "d27f7121-9da1-4f51-b7bb-4c77b95cb3ea": {"doc_hash": "4b91b1d32caff4c7a6da1261b9524d326b0e80f482d313f900166382b52929e6", "ref_doc_id": "7f6ab3b9-75ef-4b05-a32b-634ca74ca80c"}, "853e6f92-bcce-4022-9567-a99e60a001b8": {"doc_hash": "894e217374f7be69492a0300dd4eca32141854257728e3ddda75fc0f00e04be3", "ref_doc_id": "b20a5b70-2998-4396-8145-2076e707ab18"}, "c9c1d20a-5326-4831-b196-56e7e4f4b77f": {"doc_hash": "a9d4d2a22f3b5eeeea3dd6edf46c854d927315b87f352a7dcce0529e126ff183", "ref_doc_id": "92086dc1-93bf-483f-8b00-6fa8ff33c54a"}, "1aa7cc8b-8f21-4569-bb5d-8930740bfb6d": {"doc_hash": "f0506262215ea21da7ca7d955596fe0ed5a7e69d8e999fd4af47c721480730bd", "ref_doc_id": "48fdfb57-2450-47dc-be13-c104f1a321df"}, "415a25d5-0fdb-4330-ab57-448695470971": {"doc_hash": "cc1fd5092417ccedcea587e3f653f094476ee50990b5408c7ec851dbe638757c", "ref_doc_id": "16346bed-a93f-4a01-90ab-ae1c375bba62"}, "b3e2a960-409d-41cf-ac9c-15f5ff6aa97c": {"doc_hash": "834e8dff115b788f16dd36eadda7caa1929d56c9b99b267149703acd85a187c7", "ref_doc_id": "033f6cd6-1d34-4811-930d-2bf9c9062bce"}, "fec69b20-7fef-44ee-b710-d0a6d6ad3744": {"doc_hash": "a7007952ab41ea80f4f6d28b50d54e5f7e43d721de4951642316fa4123fd48cd", "ref_doc_id": "ecf6305e-b17c-443e-96ba-06e19059f554"}, "8e33bbc0-cc14-4e83-8a7f-6b62f90a0aee": {"doc_hash": "718d0e46f90542a8bd5145a479a78e945dde196f693720ad0f8793d25544d3ac", "ref_doc_id": "e5bb9ec7-d5a4-4d2d-ae84-b5c71b88d8ac"}, "3883de86-779f-44b9-b49a-0175a4e51ade": {"doc_hash": "6aac855dcf5d5fb4452c88a9a67d8655fe19c10504184067cc6c5661328aff92", "ref_doc_id": "924f7f40-4b8e-4074-8072-c2555580be05"}, "f11ce370-8a5f-440d-8583-4e8d544c053f": {"doc_hash": "4fcbea191a0b469affdbd75f8798f64a11bbc037530e35acf4845368df6d7aa5", "ref_doc_id": "cb4a07e3-6dd6-4367-b49f-d341cf881e2d"}}}