{"docstore/data": {"118cc783-f380-4c46-b751-709b601c8c18": {"__data__": {"id_": "118cc783-f380-4c46-b751-709b601c8c18", "embedding": null, "metadata": {"document_title": "HOJA DE DATOS DE SEGURIDAD", "metadata_product": "BLOWING PLUS", "metadata_description": "", "metadata_recommended_use": "Limpiador Gaseoso ideal para lentes \u00f3pticas e impresoras, fibra \u00f3ptica, micro mecanismos, Etc.", "metadata_section": "Secci\u00f3n 1: IDENTIFICACI\u00d3N DEL PRODUCTO Y DEL PROVEEDOR"}, "excluded_embed_metadata_keys": [], "excluded_llm_metadata_keys": [], "relationships": {"1": {"node_id": "b144c3c9-e3f0-419d-b0c0-32f6b90f33fa", "node_type": "4", "metadata": {"document_title": "HOJA DE DATOS DE SEGURIDAD", "metadata_product": "BLOWING PLUS", "metadata_description": "", "metadata_recommended_use": "Limpiador Gaseoso ideal para lentes \u00f3pticas e impresoras, fibra \u00f3ptica, micro mecanismos, Etc.", "metadata_section": "Secci\u00f3n 1: IDENTIFICACI\u00d3N DEL PRODUCTO Y DEL PROVEEDOR"}, "hash": "826df9b16cc3efd1ce675caca2ee04438ab5ac66c4d857c4d9c37db0bdc3ec5d", "class_name": "RelatedNodeInfo"}, "3": {"node_id": "a5d7642c-005a-40fb-96ae-e689cfd08cd1", "node_type": "1", "metadata": {"document_title": "HOJA DE DATOS DE SEGURIDAD", "metadata_product": "BLOWING PLUS", "metadata_description": "", "metadata_recommended_use": "Limpiador Gaseoso ideal para lentes \u00f3pticas e impresoras, fibra \u00f3ptica, micro mecanismos, Etc.", "metadata_section": "Seccion 2: IDENTIFICACION DE LOS RIESGOS"}, "hash": "dd0b45ca44651d186856683962bf2b1c8f13947ba604ba2d5f97b0a5b00a7be9", "class_name": "RelatedNodeInfo"}}, "hash": "826df9b16cc3efd1ce675caca2ee04438ab5ac66c4d857c4d9c37db0bdc3ec5d", "text": "IDENTIFICACION S.G.A. DEL PRODUCTO;BLOWING PLUS\nUSO RELEVANTE IDENTIFICADO;Limpiador Gaseoso ideal para lentes \u00f3pticas e impresoras, fibra \u00f3ptica, micro mecanismos, Etc.\nDIRECCI\u00d3N FISCAL;SERVEX ARGENTINA S.R.L.- R\u00edo Cuarto 2525 - (C1292ABG) - Ciudad Aut\u00f3noma de Buenos Aires - Argentina - Tel/Fax: +54 11 4302 6400 - Email: info@servex.com.ar Web Site: www.servex.com.ar\nTel\u00e9fono de Emergencia y Soporte T\u00e9cnico (Accidente/Salud);+54 11 4302 6400", "start_char_idx": null, "end_char_idx": null, "text_template": "{metadata_str}\n\n{content}", "metadata_template": "{key}: {value}", "metadata_seperator": "\n", "class_name": "TextNode"}, "__type__": "1"}, "a5d7642c-005a-40fb-96ae-e689cfd08cd1": {"__data__": {"id_": "a5d7642c-005a-40fb-96ae-e689cfd08cd1", "embedding": null, "metadata": {"document_title": "HOJA DE DATOS DE SEGURIDAD", "metadata_product": "BLOWING PLUS", "metadata_description": "", "metadata_recommended_use": "Limpiador Gaseoso ideal para lentes \u00f3pticas e impresoras, fibra \u00f3ptica, micro mecanismos, Etc.", "metadata_section": "Seccion 2: IDENTIFICACION DE LOS RIESGOS"}, "excluded_embed_metadata_keys": [], "excluded_llm_metadata_keys": [], "relationships": {"1": {"node_id": "6ac93e7f-dbbf-428e-8bd4-e8c23d52cf13", "node_type": "4", "metadata": {"document_title": "HOJA DE DATOS DE SEGURIDAD", "metadata_product": "BLOWING PLUS", "metadata_description": "", "metadata_recommended_use": "Limpiador Gaseoso ideal para lentes \u00f3pticas e impresoras, fibra \u00f3ptica, micro mecanismos, Etc.", "metadata_section": "Seccion 2: IDENTIFICACION DE LOS RIESGOS"}, "hash": "dd0b45ca44651d186856683962bf2b1c8f13947ba604ba2d5f97b0a5b00a7be9", "class_name": "RelatedNodeInfo"}, "2": {"node_id": "118cc783-f380-4c46-b751-709b601c8c18", "node_type": "1", "metadata": {"document_title": "HOJA DE DATOS DE SEGURIDAD", "metadata_product": "BLOWING PLUS", "metadata_description": "", "metadata_recommended_use": "Limpiador Gaseoso ideal para lentes \u00f3pticas e impresoras, fibra \u00f3ptica, micro mecanismos, Etc.", "metadata_section": "Secci\u00f3n 1: IDENTIFICACI\u00d3N DEL PRODUCTO Y DEL PROVEEDOR"}, "hash": "826df9b16cc3efd1ce675caca2ee04438ab5ac66c4d857c4d9c37db0bdc3ec5d", "class_name": "RelatedNodeInfo"}, "3": {"node_id": "a4e751da-0349-4457-a241-fcb62637f3f3", "node_type": "1", "metadata": {"document_title": "HOJA DE DATOS DE SEGURIDAD", "metadata_product": "BLOWING PLUS", "metadata_description": "", "metadata_recommended_use": "Limpiador Gaseoso ideal para lentes \u00f3pticas e impresoras, fibra \u00f3ptica, micro mecanismos, Etc.", "metadata_section": "Seccion 3: COMPOSICION / INFORMACI\u00d3N DE LOS COMPONENTES"}, "hash": "c83e37b6652ee4024f73ecce084ba35f98c8c172ec84883a2a93c1bf58f7a20d", "class_name": "RelatedNodeInfo"}}, "hash": "dd0b45ca44651d186856683962bf2b1c8f13947ba604ba2d5f97b0a5b00a7be9", "text": "Clasificaci\u00f3n de la Sustancia o Mezcla; PICTOGRAMAS Elementos de la etiqueta del SGA Palabra de Advertencia; ATENCION Indicaciones de Peligro;No Inflamable. Puede causar irritaci\u00f3n de ojos y piel, Produce quemaduras por Congelamiento. (L\u00edquido) Consejos de Prudencia;Use guantes de protecci\u00f3n, Use protecci\u00f3n ocular, Use protecci\u00f3n respiratoria, Mantenga alejado de fuentes de calor, No fume, No consuma alimentos mientras manipule el producto, cierre los envases finalizada la tarea Prevenci\u00f3n;GHS04 GHS07 Efectos Agudos en la Piel;Exposici\u00f3n primaria: Puede causar leve irritaci\u00f3n de la piel. Puede provocar dermatitis. Quemadura por congelamiento (L\u00edquido) EFECTOS AGUDOS EN LOS OJOS;Causa irritaci\u00f3n en los ojos. EFECTOS AGUDOS EN LA RESPIRACI\u00d3N;Exposici\u00f3n primaria: Vapores, gases, niebla y/o aerosoles causan irritaci\u00f3n en el aparato respiratorio superior. EFECTOS EN LA INGESTI\u00d3N;Causa irritaci\u00f3n gastrointestinal. Peque\u00f1as cantidades aspiradas durante el v\u00f3mito o ingesti\u00f3n pueden causar da\u00f1os a los pulmones. EFECTO EN EL ORGANISMO;Prolongada y repetida exposici\u00f3n causa resecaci\u00f3n de la piel - tipo dermatitis. SINTOMAS DE LA EXPOSICI\u00d3N;Excesivo contacto con la piel causa perdida de la camada de gordura de la piel o resecaci\u00f3n. Excesiva inhalaci\u00f3n de vapores causan mareos, dolores de cabeza. CONDICIONES M\u00c9DICAS GRAVES ALMACENAMIENTO;Conserve los envases cerrados en lugar fresco y seco, alejado de fuentes de calor, a resguardo de los rayos solares. ELIMINACION;Disponga los residuos/restos y envases conforme a las reglamentaciones locales, Regionales, Nacionales e Internacionales", "start_char_idx": null, "end_char_idx": null, "text_template": "{metadata_str}\n\n{content}", "metadata_template": "{key}: {value}", "metadata_seperator": "\n", "class_name": "TextNode"}, "__type__": "1"}, "a4e751da-0349-4457-a241-fcb62637f3f3": {"__data__": {"id_": "a4e751da-0349-4457-a241-fcb62637f3f3", "embedding": null, "metadata": {"document_title": "HOJA DE DATOS DE SEGURIDAD", "metadata_product": "BLOWING PLUS", "metadata_description": "", "metadata_recommended_use": "Limpiador Gaseoso ideal para lentes \u00f3pticas e impresoras, fibra \u00f3ptica, micro mecanismos, Etc.", "metadata_section": "Seccion 3: COMPOSICION / INFORMACI\u00d3N DE LOS COMPONENTES"}, "excluded_embed_metadata_keys": [], "excluded_llm_metadata_keys": [], "relationships": {"1": {"node_id": "2dac0671-e13f-426e-8866-c1e5c5edc4e7", "node_type": "4", "metadata": {"document_title": "HOJA DE DATOS DE SEGURIDAD", "metadata_product": "BLOWING PLUS", "metadata_description": "", "metadata_recommended_use": "Limpiador Gaseoso ideal para lentes \u00f3pticas e impresoras, fibra \u00f3ptica, micro mecanismos, Etc.", "metadata_section": "Seccion 3: COMPOSICION / INFORMACI\u00d3N DE LOS COMPONENTES"}, "hash": "918c3f237ff6050ead666d588c2797bd6d33f17e4b0aceb6a0293449f1cda407", "class_name": "RelatedNodeInfo"}, "2": {"node_id": "a5d7642c-005a-40fb-96ae-e689cfd08cd1", "node_type": "1", "metadata": {"document_title": "HOJA DE DATOS DE SEGURIDAD", "metadata_product": "BLOWING PLUS", "metadata_description": "", "metadata_recommended_use": "Limpiador Gaseoso ideal para lentes \u00f3pticas e impresoras, fibra \u00f3ptica, micro mecanismos, Etc.", "metadata_section": "Seccion 2: IDENTIFICACION DE LOS RIESGOS"}, "hash": "dd0b45ca44651d186856683962bf2b1c8f13947ba604ba2d5f97b0a5b00a7be9", "class_name": "RelatedNodeInfo"}, "3": {"node_id": "930fdc85-b0c0-4ad1-aa3c-9c786667c823", "node_type": "1", "metadata": {"document_title": "HOJA DE DATOS DE SEGURIDAD", "metadata_product": "BLOWING PLUS", "metadata_description": "", "metadata_recommended_use": "Limpiador Gaseoso ideal para lentes \u00f3pticas e impresoras, fibra \u00f3ptica, micro mecanismos, Etc.", "metadata_section": "Seccion 4: MEDIDAS DE PRIMEROS AUXILIOS"}, "hash": "39327fa7bda01dd119272261ff40ee4c2e7bfeb2bb134a41a61f89d97c3485da", "class_name": "RelatedNodeInfo"}}, "hash": "c83e37b6652ee4024f73ecce084ba35f98c8c172ec84883a2a93c1bf58f7a20d", "text": "SUSTANCIA\nNOMBRE QU\u00cdMICO;1.1.1.2, Tetra Fl\u00faor Etnao - R-134a-\n% P/P (en la Mezcla);97 - 100 %\nCAS n\u00ba;811-97-2\nONU N\u00ba;3159. Los componentes del producto no son considerados cancer\u00edgenos por la National Toxicology Program (NTP) e International Agency for Research on  Cancer (IARC), o por la Occupational Safety and Health Administration (OSHA) y por la Lista de carcinogenesis de la OSHA", "start_char_idx": null, "end_char_idx": null, "text_template": "{metadata_str}\n\n{content}", "metadata_template": "{key}: {value}", "metadata_seperator": "\n", "class_name": "TextNode"}, "__type__": "1"}, "930fdc85-b0c0-4ad1-aa3c-9c786667c823": {"__data__": {"id_": "930fdc85-b0c0-4ad1-aa3c-9c786667c823", "embedding": null, "metadata": {"document_title": "HOJA DE DATOS DE SEGURIDAD", "metadata_product": "BLOWING PLUS", "metadata_description": "", "metadata_recommended_use": "Limpiador Gaseoso ideal para lentes \u00f3pticas e impresoras, fibra \u00f3ptica, micro mecanismos, Etc.", "metadata_section": "Seccion 4: MEDIDAS DE PRIMEROS AUXILIOS"}, "excluded_embed_metadata_keys": [], "excluded_llm_metadata_keys": [], "relationships": {"1": {"node_id": "58296159-b56b-4777-84f0-0ff70a75d63c", "node_type": "4", "metadata": {"document_title": "HOJA DE DATOS DE SEGURIDAD", "metadata_product": "BLOWING PLUS", "metadata_description": "", "metadata_recommended_use": "Limpiador Gaseoso ideal para lentes \u00f3pticas e impresoras, fibra \u00f3ptica, micro mecanismos, Etc.", "metadata_section": "Seccion 4: MEDIDAS DE PRIMEROS AUXILIOS"}, "hash": "39327fa7bda01dd119272261ff40ee4c2e7bfeb2bb134a41a61f89d97c3485da", "class_name": "RelatedNodeInfo"}, "2": {"node_id": "a4e751da-0349-4457-a241-fcb62637f3f3", "node_type": "1", "metadata": {"document_title": "HOJA DE DATOS DE SEGURIDAD", "metadata_product": "BLOWING PLUS", "metadata_description": "", "metadata_recommended_use": "Limpiador Gaseoso ideal para lentes \u00f3pticas e impresoras, fibra \u00f3ptica, micro mecanismos, Etc.", "metadata_section": "Seccion 3: COMPOSICION / INFORMACI\u00d3N DE LOS COMPONENTES"}, "hash": "c83e37b6652ee4024f73ecce084ba35f98c8c172ec84883a2a93c1bf58f7a20d", "class_name": "RelatedNodeInfo"}, "3": {"node_id": "f5dfaff0-4372-4025-b72b-c9dd2ebfdecb", "node_type": "1", "metadata": {"document_title": "HOJA DE DATOS DE SEGURIDAD", "metadata_product": "BLOWING PLUS", "metadata_description": "", "metadata_recommended_use": "Limpiador Gaseoso ideal para lentes \u00f3pticas e impresoras, fibra \u00f3ptica, micro mecanismos, Etc.", "metadata_section": "Seccion 5: MEDIDAS DE EXTINCION DE INCENDIOS"}, "hash": "59d1f5eefb586ee2bf6ea4f2ec93145130abe0d6e9c5ac4d3006897fd565a78a", "class_name": "RelatedNodeInfo"}}, "hash": "39327fa7bda01dd119272261ff40ee4c2e7bfeb2bb134a41a61f89d97c3485da", "text": "CONTACTO CON LA PIEL;Lave el \u00e1rea afectada agua y jab\u00f3n por unos minutos. Puede provocar irritaci\u00f3n, quemadura por congelamiento.\nCONTACTO CON LOS OJOS;Enjuague inmediatamente con agua corriente por 5 minutos por lo menos. Consulte asistencia m\u00e9dica para tratamiento adicional. Produce irritaci\u00f3n.\nINHALACI\u00d3N;Remueva la v\u00edctima del local contaminado. Suelte las ropas, y si es necesario, aplique respiraci\u00f3n artificial. Llame inmediatamente asistencia m\u00e9dica.\nINGESTI\u00d3N;No d\u00e9 nada a la v\u00edctima si est\u00e1 inconsciente o con convulsiones. No induzca el v\u00f3mito. Llame inmediatamente asistencia m\u00e9dica. Si la v\u00edctima est\u00e1 consciente, d\u00e9 de beber 3 a 4 vasos de agua fina lentamente, para diluir el contenido del est\u00f3mago, puede producir bronconeumon\u00eda o edema pulmonar. Dolor estomacal.\nS\u00cdNTOMAS Y EFECTOS MAS IMPORTANTES AGUDOS O RETARDADOS;Ojos: Produce Irritaci\u00f3n / Conjuntivitis Piel: Produce Irritaci\u00f3n / Dermatitis. Inhalaci\u00f3n: Produce Sofocaci\u00f3n, Irritaci\u00f3n, Mareos, Dolor de Cabeza. Ingesti\u00f3n: Produce Irritaci\u00f3n del tracto digestivo, Dolor de Est\u00f3mago\nS\u00cdNTOMAS DE SOBRE EXPOSICI\u00d3N;Ojos: Irritaci\u00f3n, Conjuntivitis. Piel: Dermatitis. Inhalaci\u00f3n: Mareos - Dolor de Cabeza - P\u00e9rdida del Conocimiento. Ingesti\u00f3n: Irritaci\u00f3n de Mucosas\nINDICACIONES PARA EL TRATAMIENTO;Tratar sintom\u00e1ticamente. Contactar un especialista en tratamientos de envenenamiento por abundante ingesti\u00f3n o inhalaci\u00f3n\nTRATAMIENTOS ESPEC\u00cdFICOS;No hay tratamiento asignado.\nMEDIDAS PERSONAL DE PROMEROS AUXILIOS;No se tomar\u00e1 ninguna medida que implique alg\u00fan riesgo al personal o que no contemple un entrenamiento adecuado. Si se sospecha presencia de vapores la persona encargada del rescate debe contar con todos los elementos de protecci\u00f3n pertinente (M\u00e1scara Facial Aut\u00f3noma, Indumentaria Adecuada, Guantes y Botas). No de respiraci\u00f3n boca a boca a la v\u00edctima, Lave su equipo completo antes de quit\u00e1rselo, luego D\u00fachese.", "start_char_idx": null, "end_char_idx": null, "text_template": "{metadata_str}\n\n{content}", "metadata_template": "{key}: {value}", "metadata_seperator": "\n", "class_name": "TextNode"}, "__type__": "1"}, "f5dfaff0-4372-4025-b72b-c9dd2ebfdecb": {"__data__": {"id_": "f5dfaff0-4372-4025-b72b-c9dd2ebfdecb", "embedding": null, "metadata": {"document_title": "HOJA DE DATOS DE SEGURIDAD", "metadata_product": "BLOWING PLUS", "metadata_description": "", "metadata_recommended_use": "Limpiador Gaseoso ideal para lentes \u00f3pticas e impresoras, fibra \u00f3ptica, micro mecanismos, Etc.", "metadata_section": "Seccion 5: MEDIDAS DE EXTINCION DE INCENDIOS"}, "excluded_embed_metadata_keys": [], "excluded_llm_metadata_keys": [], "relationships": {"1": {"node_id": "bb56dff7-001a-42c9-b6ad-a2578c164773", "node_type": "4", "metadata": {"document_title": "HOJA DE DATOS DE SEGURIDAD", "metadata_product": "BLOWING PLUS", "metadata_description": "", "metadata_recommended_use": "Limpiador Gaseoso ideal para lentes \u00f3pticas e impresoras, fibra \u00f3ptica, micro mecanismos, Etc.", "metadata_section": "Seccion 5: MEDIDAS DE EXTINCION DE INCENDIOS"}, "hash": "59d1f5eefb586ee2bf6ea4f2ec93145130abe0d6e9c5ac4d3006897fd565a78a", "class_name": "RelatedNodeInfo"}, "2": {"node_id": "930fdc85-b0c0-4ad1-aa3c-9c786667c823", "node_type": "1", "metadata": {"document_title": "HOJA DE DATOS DE SEGURIDAD", "metadata_product": "BLOWING PLUS", "metadata_description": "", "metadata_recommended_use": "Limpiador Gaseoso ideal para lentes \u00f3pticas e impresoras, fibra \u00f3ptica, micro mecanismos, Etc.", "metadata_section": "Seccion 4: MEDIDAS DE PRIMEROS AUXILIOS"}, "hash": "39327fa7bda01dd119272261ff40ee4c2e7bfeb2bb134a41a61f89d97c3485da", "class_name": "RelatedNodeInfo"}, "3": {"node_id": "105082c3-e8de-418f-b422-b896f465f022", "node_type": "1", "metadata": {"document_title": "HOJA DE DATOS DE SEGURIDAD", "metadata_product": "BLOWING PLUS", "metadata_description": "", "metadata_recommended_use": "Limpiador Gaseoso ideal para lentes \u00f3pticas e impresoras, fibra \u00f3ptica, micro mecanismos, Etc.", "metadata_section": "Seccion 6: MEDIDAS A TOMAR EN EL TRANSCURSO DE DERRAMES ACCIDENTALES"}, "hash": "9e74679518410f8b740c13b3159f45949f3cf8992113738fd5451951a58e610e", "class_name": "RelatedNodeInfo"}}, "hash": "59d1f5eefb586ee2bf6ea4f2ec93145130abe0d6e9c5ac4d3006897fd565a78a", "text": "INSTRUCCIONES DE COMBATE AL FUEGO;No es Inflamable MEDIDOS APROPIADOS DE EXTINCION;No es Inflamable MEDIOS NO APROPIADOS DE EXTINCION;No es Inflamable PEL. ESPEC\u00cdFICOS DEL PROD. QUIMICO;No es Inflamable PRODUCTOS DE DESCOMPOSICI\u00d3N PELIGROSA;\u00d3xidos elementales CO, CO2, HF, Haluros de Carbonilo. PUNTO DE INFLAMACI\u00d3N (\u00b0C);No Posee MEDIDAS ESPECIALES;Evcace y A\u00edsle r\u00e1pidamente la zona, De aviso a los Bomberos, Use Equipo Aut\u00f3nomo, No permita el ingreso de personal no autorizado o entrenado, Libere todo acceso al l\u00edmite, No realice tareas que impliquen m\u00e1s riesgo al personal y a los bienes materiales, Sistemas a pulverizar con agua envases expuestos al fuego y al fuego mismo, nunca act\u00fae solo.", "start_char_idx": null, "end_char_idx": null, "text_template": "{metadata_str}\n\n{content}", "metadata_template": "{key}: {value}", "metadata_seperator": "\n", "class_name": "TextNode"}, "__type__": "1"}, "105082c3-e8de-418f-b422-b896f465f022": {"__data__": {"id_": "105082c3-e8de-418f-b422-b896f465f022", "embedding": null, "metadata": {"document_title": "HOJA DE DATOS DE SEGURIDAD", "metadata_product": "BLOWING PLUS", "metadata_description": "", "metadata_recommended_use": "Limpiador Gaseoso ideal para lentes \u00f3pticas e impresoras, fibra \u00f3ptica, micro mecanismos, Etc.", "metadata_section": "Seccion 6: MEDIDAS A TOMAR EN EL TRANSCURSO DE DERRAMES ACCIDENTALES"}, "excluded_embed_metadata_keys": [], "excluded_llm_metadata_keys": [], "relationships": {"1": {"node_id": "1574943e-1b14-4863-828c-b27f43568b55", "node_type": "4", "metadata": {"document_title": "HOJA DE DATOS DE SEGURIDAD", "metadata_product": "BLOWING PLUS", "metadata_description": "", "metadata_recommended_use": "Limpiador Gaseoso ideal para lentes \u00f3pticas e impresoras, fibra \u00f3ptica, micro mecanismos, Etc.", "metadata_section": "Seccion 6: MEDIDAS A TOMAR EN EL TRANSCURSO DE DERRAMES ACCIDENTALES"}, "hash": "9e74679518410f8b740c13b3159f45949f3cf8992113738fd5451951a58e610e", "class_name": "RelatedNodeInfo"}, "2": {"node_id": "f5dfaff0-4372-4025-b72b-c9dd2ebfdecb", "node_type": "1", "metadata": {"document_title": "HOJA DE DATOS DE SEGURIDAD", "metadata_product": "BLOWING PLUS", "metadata_description": "", "metadata_recommended_use": "Limpiador Gaseoso ideal para lentes \u00f3pticas e impresoras, fibra \u00f3ptica, micro mecanismos, Etc.", "metadata_section": "Seccion 5: MEDIDAS DE EXTINCION DE INCENDIOS"}, "hash": "59d1f5eefb586ee2bf6ea4f2ec93145130abe0d6e9c5ac4d3006897fd565a78a", "class_name": "RelatedNodeInfo"}, "3": {"node_id": "0ba47722-656b-4ed6-82bb-ebc03f22de0a", "node_type": "1", "metadata": {"document_title": "HOJA DE DATOS DE SEGURIDAD", "metadata_product": "BLOWING PLUS", "metadata_description": "", "metadata_recommended_use": "Limpiador Gaseoso ideal para lentes \u00f3pticas e impresoras, fibra \u00f3ptica, micro mecanismos, Etc.", "metadata_section": "Seccion 7: MANEJO Y ALMACENAJE"}, "hash": "65083453c1a109743da5446a661ba121d730ddf124aa6716809b6fa70c32dd6f", "class_name": "RelatedNodeInfo"}}, "hash": "9e74679518410f8b740c13b3159f45949f3cf8992113738fd5451951a58e610e", "text": "CONTENCI\u00d3N DEL DERRAME Y RESPUESTA ANTE LA EMERGENCIA; Aisie Ventile r\u00e1pidamente la zona. No permita el ingreso de personal no autorizado ni con los elementos de protection correspondientes. Use equipo de protecci\u00f3n individual (EPI) M\u00e1scara facial, Ropa adecuada, Guantes y Botas. No camine sobre derrames, contenga y absorba con material absorbente neutro, evite que el alcantarillado. Refi\u00e9rase de la secci\u00f3n. Recojan recipientes rotos y d\u00edgalos. Lave la zona con espuma, puede pulverizarse ablandaci\u00f3n con agua. Ev\u00edtese contacto con la piel, reprod\u00fajase contacto respiratorio especial. PRECAUCIONES AMBIENTALES; El derrame contaminado con el producto sobre la env\u00edada de agua eficiente industrial para tratamiento f\u00edsico - Qu\u00edmico, y equipos de segunda o recogida lap\u00eddan ser\u00e1 el m\u00e1s permitido para disposici\u00f3n de los liquidos tratados. El residuo depositado puede ser considerado como residuo. Inf\u00f3rme a las autoridades pertinentes si el producto ha escurrido al medio ambiente. METODO, MATERIALES USADOS, Y LIMPEZA DE VERTIDOS.; Retire los envases del \u00e1rea del derramce (le atraillarlo (disperse); use elementos de recogida de residuo; asigne y coordine el equipo para la dispesi\u00f3n. Vac\u00ede el recurso al tambo; decante residuos y coloquen recipiente rotulado y a prop; use material tierra (arena, Vermiculita), y aspire luego el residuo; recoja los elementos utilizados en la tarea. (Ver Secci\u00f3n N\u00b01 Contacto de Emergencia y la Secci\u00f3n N\u00b013 Eliminaci\u00f3n de Desechos.)", "start_char_idx": null, "end_char_idx": null, "text_template": "{metadata_str}\n\n{content}", "metadata_template": "{key}: {value}", "metadata_seperator": "\n", "class_name": "TextNode"}, "__type__": "1"}, "0ba47722-656b-4ed6-82bb-ebc03f22de0a": {"__data__": {"id_": "0ba47722-656b-4ed6-82bb-ebc03f22de0a", "embedding": null, "metadata": {"document_title": "HOJA DE DATOS DE SEGURIDAD", "metadata_product": "BLOWING PLUS", "metadata_description": "", "metadata_recommended_use": "Limpiador Gaseoso ideal para lentes \u00f3pticas e impresoras, fibra \u00f3ptica, micro mecanismos, Etc.", "metadata_section": "Seccion 7: MANEJO Y ALMACENAJE"}, "excluded_embed_metadata_keys": [], "excluded_llm_metadata_keys": [], "relationships": {"1": {"node_id": "a870e1b2-ae99-47ce-a501-971b5bc484cf", "node_type": "4", "metadata": {"document_title": "HOJA DE DATOS DE SEGURIDAD", "metadata_product": "BLOWING PLUS", "metadata_description": "", "metadata_recommended_use": "Limpiador Gaseoso ideal para lentes \u00f3pticas e impresoras, fibra \u00f3ptica, micro mecanismos, Etc.", "metadata_section": "Seccion 7: MANEJO Y ALMACENAJE"}, "hash": "65083453c1a109743da5446a661ba121d730ddf124aa6716809b6fa70c32dd6f", "class_name": "RelatedNodeInfo"}, "2": {"node_id": "105082c3-e8de-418f-b422-b896f465f022", "node_type": "1", "metadata": {"document_title": "HOJA DE DATOS DE SEGURIDAD", "metadata_product": "BLOWING PLUS", "metadata_description": "", "metadata_recommended_use": "Limpiador Gaseoso ideal para lentes \u00f3pticas e impresoras, fibra \u00f3ptica, micro mecanismos, Etc.", "metadata_section": "Seccion 6: MEDIDAS A TOMAR EN EL TRANSCURSO DE DERRAMES ACCIDENTALES"}, "hash": "9e74679518410f8b740c13b3159f45949f3cf8992113738fd5451951a58e610e", "class_name": "RelatedNodeInfo"}, "3": {"node_id": "f9434a8b-27b0-4b84-ad60-497650d2972b", "node_type": "1", "metadata": {"document_title": "HOJA DE DATOS DE SEGURIDAD", "metadata_product": "BLOWING PLUS", "metadata_description": "", "metadata_recommended_use": "Limpiador Gaseoso ideal para lentes \u00f3pticas e impresoras, fibra \u00f3ptica, micro mecanismos, Etc.", "metadata_section": "Seccion 8: CONTROL DE EXPOSICI\u00d3N / PROTECCI\u00d3N PERSONAL"}, "hash": "f9ac3879b23b3d546ca551a4a2ae3a271fa581e18aa0f2ff2606a5b6b4dbf19a", "class_name": "RelatedNodeInfo"}}, "hash": "65083453c1a109743da5446a661ba121d730ddf124aa6716809b6fa70c32dd6f", "text": "Medidas de protecci\u00f3n;Precauciones que se deben tomar para garantizar una manipulaci\u00f3n segura;;Use equipo de protecci\u00f3n adecuado; Evite contacto con piel, ojos y la ropa, No ingerir ni inhalar; Ventile siempre la zona de almacenamiento, sobre alemento en cercan\u00edas de productos combustibles, mantenga lejos de fuentes de ignici\u00f3n, Calor, Chispas o Llama estable; No utilice envase contaminados para productos, evite el contacto con productos incompatibles, Minimice los vertidos al medio ambiente ya sean accidentales o no. Los envases deben ser guardados cerrados estando o no estando en uso. Almacenar en local fresco y ventilado.\nOrientaci\u00f3n sobre higiene ocupacional;Prohibido comer, beber o fumar en el sector de trabajo; Lavarse las manos luego de la tarea y Cambiarse la ropa o cualquier parte del equipo contaminado antes de entrar en el comedor\nCondiciones de almacenamiento seguro;Conservar de acuerdo a normas locales. Almacenar en \u00e1rea dise\u00f1ada para almacenaje para tal fin; Los envases deben permanecer siempre tapados y rotulados; Eliminar fuentes de frio / calor, chispas o llama abierta; Mantenga ventilaci\u00f3n permanente; Evite la acumulaci\u00f3n de gases; No estibe con productos incompatibles; Evite exposici\u00f3n directa a los rayos solares; Evite exoposici\u00f3n a la intemperie; No exponga los envases a vibraciones;", "start_char_idx": null, "end_char_idx": null, "text_template": "{metadata_str}\n\n{content}", "metadata_template": "{key}: {value}", "metadata_seperator": "\n", "class_name": "TextNode"}, "__type__": "1"}, "f9434a8b-27b0-4b84-ad60-497650d2972b": {"__data__": {"id_": "f9434a8b-27b0-4b84-ad60-497650d2972b", "embedding": null, "metadata": {"document_title": "HOJA DE DATOS DE SEGURIDAD", "metadata_product": "BLOWING PLUS", "metadata_description": "", "metadata_recommended_use": "Limpiador Gaseoso ideal para lentes \u00f3pticas e impresoras, fibra \u00f3ptica, micro mecanismos, Etc.", "metadata_section": "Seccion 8: CONTROL DE EXPOSICI\u00d3N / PROTECCI\u00d3N PERSONAL"}, "excluded_embed_metadata_keys": [], "excluded_llm_metadata_keys": [], "relationships": {"1": {"node_id": "cd351772-1e8a-4e9a-ab05-ed9a2217acae", "node_type": "4", "metadata": {"document_title": "HOJA DE DATOS DE SEGURIDAD", "metadata_product": "BLOWING PLUS", "metadata_description": "", "metadata_recommended_use": "Limpiador Gaseoso ideal para lentes \u00f3pticas e impresoras, fibra \u00f3ptica, micro mecanismos, Etc.", "metadata_section": "Seccion 8: CONTROL DE EXPOSICI\u00d3N / PROTECCI\u00d3N PERSONAL"}, "hash": "f9ac3879b23b3d546ca551a4a2ae3a271fa581e18aa0f2ff2606a5b6b4dbf19a", "class_name": "RelatedNodeInfo"}, "2": {"node_id": "0ba47722-656b-4ed6-82bb-ebc03f22de0a", "node_type": "1", "metadata": {"document_title": "HOJA DE DATOS DE SEGURIDAD", "metadata_product": "BLOWING PLUS", "metadata_description": "", "metadata_recommended_use": "Limpiador Gaseoso ideal para lentes \u00f3pticas e impresoras, fibra \u00f3ptica, micro mecanismos, Etc.", "metadata_section": "Seccion 7: MANEJO Y ALMACENAJE"}, "hash": "65083453c1a109743da5446a661ba121d730ddf124aa6716809b6fa70c32dd6f", "class_name": "RelatedNodeInfo"}, "3": {"node_id": "a86b037e-d9e7-43c2-814e-1d8e2c903d25", "node_type": "1", "metadata": {"document_title": "HOJA DE DATOS DE SEGURIDAD", "metadata_product": "BLOWING PLUS", "metadata_description": "", "metadata_recommended_use": "Limpiador Gaseoso ideal para lentes \u00f3pticas e impresoras, fibra \u00f3ptica, micro mecanismos, Etc.", "metadata_section": "Seccion 9: PROPIEDADES FISICAS - QUIMICAS"}, "hash": "b8cd11e757040f9e341656eca185a427cda9fe7ec3c8bc6919c1da68a2989af4", "class_name": "RelatedNodeInfo"}}, "hash": "f9ac3879b23b3d546ca551a4a2ae3a271fa581e18aa0f2ff2606a5b6b4dbf19a", "text": "LIMITE DE EXPOSICI\u00d3N\nNOMBRE QUIMICO;TLV (ACGIH);PEL (OSHA)\n1.1.1.2. Tetra Fl\u00faor Etano + R-134 a;No Determinado;No Determinado. CONTROL DE INGENIER\u00cdA;Debe ser mantenida una ventilaci\u00f3n adecuada, mantenter los valores por debajo de los l\u00edmites de exposici\u00f3n EQUIPOS DE PROTECCI\u00d3N INDIVIDUAL; PROTECCI\u00d3N RESPIRATORIA;Use EPI's con Certificados de Aprobaci\u00f3n. PROTECCI\u00d3N DE LA PIEL;Programa de Protecci\u00f3n Respiratoria de acuerdo con OSHA\u2019s 29 CFR 1910, 134 3 ANEX Est.8. Este procedimiento debe ser siempre obligatorio en el local de trabajo. Use respiradores purificadores de aire del sitio local de uso del producto asociado con equipo u otro sistema de suministro de aire. Si el uso determnado purificado de aire es apropiado, use un respirador con filtro para vapores org\u00e1nicos. PROTECCI\u00d3N DE LOS OJOS;Use gafas de prote largo de neopreno o PVC. Despu\u00e9s del manipuleo del producto, lav\u00e9los, se es necesario, cambeios. PROTECCI\u00d3N DEL CUERPO;Use anteojos de seguridad de visi\u00f3n amplia. (Antiparras) ;;Use indumentaria acorde a la tarea a realizar, debe consultar con un especialista.", "start_char_idx": null, "end_char_idx": null, "text_template": "{metadata_str}\n\n{content}", "metadata_template": "{key}: {value}", "metadata_seperator": "\n", "class_name": "TextNode"}, "__type__": "1"}, "a86b037e-d9e7-43c2-814e-1d8e2c903d25": {"__data__": {"id_": "a86b037e-d9e7-43c2-814e-1d8e2c903d25", "embedding": null, "metadata": {"document_title": "HOJA DE DATOS DE SEGURIDAD", "metadata_product": "BLOWING PLUS", "metadata_description": "", "metadata_recommended_use": "Limpiador Gaseoso ideal para lentes \u00f3pticas e impresoras, fibra \u00f3ptica, micro mecanismos, Etc.", "metadata_section": "Seccion 9: PROPIEDADES FISICAS - QUIMICAS"}, "excluded_embed_metadata_keys": [], "excluded_llm_metadata_keys": [], "relationships": {"1": {"node_id": "545a082a-a80c-4c88-9946-86285b7c9a85", "node_type": "4", "metadata": {"document_title": "HOJA DE DATOS DE SEGURIDAD", "metadata_product": "BLOWING PLUS", "metadata_description": "", "metadata_recommended_use": "Limpiador Gaseoso ideal para lentes \u00f3pticas e impresoras, fibra \u00f3ptica, micro mecanismos, Etc.", "metadata_section": "Seccion 9: PROPIEDADES FISICAS - QUIMICAS"}, "hash": "b8cd11e757040f9e341656eca185a427cda9fe7ec3c8bc6919c1da68a2989af4", "class_name": "RelatedNodeInfo"}, "2": {"node_id": "f9434a8b-27b0-4b84-ad60-497650d2972b", "node_type": "1", "metadata": {"document_title": "HOJA DE DATOS DE SEGURIDAD", "metadata_product": "BLOWING PLUS", "metadata_description": "", "metadata_recommended_use": "Limpiador Gaseoso ideal para lentes \u00f3pticas e impresoras, fibra \u00f3ptica, micro mecanismos, Etc.", "metadata_section": "Seccion 8: CONTROL DE EXPOSICI\u00d3N / PROTECCI\u00d3N PERSONAL"}, "hash": "f9ac3879b23b3d546ca551a4a2ae3a271fa581e18aa0f2ff2606a5b6b4dbf19a", "class_name": "RelatedNodeInfo"}, "3": {"node_id": "0a7ecd9f-91cb-46a0-ba48-5e44db739850", "node_type": "1", "metadata": {"document_title": "HOJA DE DATOS DE SEGURIDAD", "metadata_product": "BLOWING PLUS", "metadata_description": "", "metadata_recommended_use": "Limpiador Gaseoso ideal para lentes \u00f3pticas e impresoras, fibra \u00f3ptica, micro mecanismos, Etc.", "metadata_section": "Seccion 10: ESTABILIDAD Y REACTIVIDAD"}, "hash": "2d7027cc08f1865a96f1d7b92b1a21fdfcf7b92b8d3492c976984314455e2f00", "class_name": "RelatedNodeInfo"}}, "hash": "b8cd11e757040f9e341656eca185a427cda9fe7ec3c8bc6919c1da68a2989af4", "text": "APARENCIA Y COLOR;L\u00edquido Transparente\nASPECTO FISICO;L\u00edquido Bajo Presi\u00f3n\nOLOR;D\u00e9bil\nHUMBRAL DE OLOR;No Aplicable\npH (25/ C) Sol 10%;Disponible\nPUNTO DE FUSI\u00d3N (\u00b0C);No Aplicable\nPUNTO DE EBULLICI\u00d3N (\u00b0C);-101\u00b0C\nPUNTO DE INFLAMACI\u00d3N (\u00b0C);-26.2\u00b0C\nTASA DE EVAPORACI\u00d3N (\u00e9ter=1);>1.00\nINFAMMABLIDAD (S\u00f3lido, Gas);No Inflamable\nLIMITE MAX. Y MIN. (PP. EXPLOSI\u00d3N);No Aplica\nPRESION DE VAPOR (a 25\u00b0C);110 kPa\nDENSIDAD DE VAPOR (Aire=1);2.00 Gr/Lts\nDENSIDAD RELATIVA (Gr/Lts.);1.5 Gr/Lts\nSOLUBILIDAD;650 g/L\nCOEF. DE REPARTO (n Octano/Agua);\u226525\u00baC 1,06\nTEMP. DE AUTO IGNICI\u00d3N (\u00baC);log Pow\nTEMP. DE DECOMPOSICI\u00d3N (\u00baC);750\u00b0C\nVISCOSIDAD (cSt): NO", "start_char_idx": null, "end_char_idx": null, "text_template": "{metadata_str}\n\n{content}", "metadata_template": "{key}: {value}", "metadata_seperator": "\n", "class_name": "TextNode"}, "__type__": "1"}, "0a7ecd9f-91cb-46a0-ba48-5e44db739850": {"__data__": {"id_": "0a7ecd9f-91cb-46a0-ba48-5e44db739850", "embedding": null, "metadata": {"document_title": "HOJA DE DATOS DE SEGURIDAD", "metadata_product": "BLOWING PLUS", "metadata_description": "", "metadata_recommended_use": "Limpiador Gaseoso ideal para lentes \u00f3pticas e impresoras, fibra \u00f3ptica, micro mecanismos, Etc.", "metadata_section": "Seccion 10: ESTABILIDAD Y REACTIVIDAD"}, "excluded_embed_metadata_keys": [], "excluded_llm_metadata_keys": [], "relationships": {"1": {"node_id": "aa3e7012-a1e1-4488-b841-95f2099d500e", "node_type": "4", "metadata": {"document_title": "HOJA DE DATOS DE SEGURIDAD", "metadata_product": "BLOWING PLUS", "metadata_description": "", "metadata_recommended_use": "Limpiador Gaseoso ideal para lentes \u00f3pticas e impresoras, fibra \u00f3ptica, micro mecanismos, Etc.", "metadata_section": "Seccion 10: ESTABILIDAD Y REACTIVIDAD"}, "hash": "2d7027cc08f1865a96f1d7b92b1a21fdfcf7b92b8d3492c976984314455e2f00", "class_name": "RelatedNodeInfo"}, "2": {"node_id": "a86b037e-d9e7-43c2-814e-1d8e2c903d25", "node_type": "1", "metadata": {"document_title": "HOJA DE DATOS DE SEGURIDAD", "metadata_product": "BLOWING PLUS", "metadata_description": "", "metadata_recommended_use": "Limpiador Gaseoso ideal para lentes \u00f3pticas e impresoras, fibra \u00f3ptica, micro mecanismos, Etc.", "metadata_section": "Seccion 9: PROPIEDADES FISICAS - QUIMICAS"}, "hash": "b8cd11e757040f9e341656eca185a427cda9fe7ec3c8bc6919c1da68a2989af4", "class_name": "RelatedNodeInfo"}, "3": {"node_id": "64dea528-fec4-4c2a-982d-0d1f0c60ab65", "node_type": "1", "metadata": {"document_title": "HOJA DE DATOS DE SEGURIDAD", "metadata_product": "BLOWING PLUS", "metadata_description": "", "metadata_recommended_use": "Limpiador Gaseoso ideal para lentes \u00f3pticas e impresoras, fibra \u00f3ptica, micro mecanismos, Etc.", "metadata_section": "Seccion 11: INFORMACIONES TOXICOLOGAS"}, "hash": "5670e9dc67883c68ecdfd92bcb00a57d45bd9d93bfdbb8869c4b0dd629ffca96", "class_name": "RelatedNodeInfo"}}, "hash": "2d7027cc08f1865a96f1d7b92b1a21fdfcf7b92b8d3492c976984314455e2f00", "text": "REACTIVIDAD;No existen resultados espec\u00edficos de ensayos respecto a la reactividad de este producto o sus ingredientes. ESTABILIDAD QU\u00cdMICA;El producto es Estable. POSIBILIDAD DE REACCIONES PELIGROSAS;No posee. CONDICIONES QUE DEBEN EVITARSE;Evitar todas las fuentes posibles de Calor (Llama / Radiaci\u00f3n), Evitar la acumulaci\u00f3n de gases. MATERIALES INCOMPATIBLES;Oxidantes Fuertes. PRODUCTOS DE LA DESCOMPOSICI\u00d3N;\u00d3xidos Elementales (\u00d3xidos de Carbono, Fluroor de Hidr\u00f3geno, Haluros de Carbonilo)", "start_char_idx": null, "end_char_idx": null, "text_template": "{metadata_str}\n\n{content}", "metadata_template": "{key}: {value}", "metadata_seperator": "\n", "class_name": "TextNode"}, "__type__": "1"}, "64dea528-fec4-4c2a-982d-0d1f0c60ab65": {"__data__": {"id_": "64dea528-fec4-4c2a-982d-0d1f0c60ab65", "embedding": null, "metadata": {"document_title": "HOJA DE DATOS DE SEGURIDAD", "metadata_product": "BLOWING PLUS", "metadata_description": "", "metadata_recommended_use": "Limpiador Gaseoso ideal para lentes \u00f3pticas e impresoras, fibra \u00f3ptica, micro mecanismos, Etc.", "metadata_section": "Seccion 11: INFORMACIONES TOXICOLOGAS"}, "excluded_embed_metadata_keys": [], "excluded_llm_metadata_keys": [], "relationships": {"1": {"node_id": "4c49b0a0-1b4f-4718-b1f9-1bde8a1ba198", "node_type": "4", "metadata": {"document_title": "HOJA DE DATOS DE SEGURIDAD", "metadata_product": "BLOWING PLUS", "metadata_description": "", "metadata_recommended_use": "Limpiador Gaseoso ideal para lentes \u00f3pticas e impresoras, fibra \u00f3ptica, micro mecanismos, Etc.", "metadata_section": "Seccion 11: INFORMACIONES TOXICOLOGAS"}, "hash": "5670e9dc67883c68ecdfd92bcb00a57d45bd9d93bfdbb8869c4b0dd629ffca96", "class_name": "RelatedNodeInfo"}, "2": {"node_id": "0a7ecd9f-91cb-46a0-ba48-5e44db739850", "node_type": "1", "metadata": {"document_title": "HOJA DE DATOS DE SEGURIDAD", "metadata_product": "BLOWING PLUS", "metadata_description": "", "metadata_recommended_use": "Limpiador Gaseoso ideal para lentes \u00f3pticas e impresoras, fibra \u00f3ptica, micro mecanismos, Etc.", "metadata_section": "Seccion 10: ESTABILIDAD Y REACTIVIDAD"}, "hash": "2d7027cc08f1865a96f1d7b92b1a21fdfcf7b92b8d3492c976984314455e2f00", "class_name": "RelatedNodeInfo"}, "3": {"node_id": "7d8d0c7f-2acc-4c97-9007-8f7292a7adef", "node_type": "1", "metadata": {"document_title": "HOJA DE DATOS DE SEGURIDAD", "metadata_product": "BLOWING PLUS", "metadata_description": "", "metadata_recommended_use": "Limpiador Gaseoso ideal para lentes \u00f3pticas e impresoras, fibra \u00f3ptica, micro mecanismos, Etc.", "metadata_section": "Seccion 12: INFORMACIONES ECO - TOXICOLOGICAS"}, "hash": "cc5ad41da4575f2cb5c844859c676b317058a7ee26d893c0b372516a004ccea4", "class_name": "RelatedNodeInfo"}}, "hash": "5670e9dc67883c68ecdfd92bcb00a57d45bd9d93bfdbb8869c4b0dd629ffca96", "text": "Toxicidad Aguda;;\nIrritaci\u00f3n/Corrosi\u00f3n;No existen datos disponibles\nLesiones Oculares Graves / Irritaci\u00f3n Ocular;No existen datos disponibles\nSensibilizaci\u00f3n Respiratoria o Cut\u00e1nea;No existen datos disponibles\nMutagenicidad de C\u00e9lulas Germinales;No existen datos disponibles\nCarcinogenicidad;No existen datos disponibles\nToxicidad para la Reproducci\u00f3n;No existen datos disponibles\nToxicidad Sist\u00e9mica Espec\u00edfica de \u00d3rganos Diana - Exposici\u00f3n \u00danica;No existen datos disponibles\nToxicidad Sist\u00e9mica Espec\u00edfica de \u00d3rganos Diana - Exposici\u00f3n Repetida;No existen datos disponibles\nPeligro por Aspiraci\u00f3n;No existen datos disponibles\nInformaci\u00f3n sobre las Posibles V\u00edas de Exposici\u00f3n;;\nS\u00edntomas Relacionados con las Caracter\u00edsticas F\u00edsicas, Qu\u00edmicas y Toxicol\u00f3gicas;;\nContacto con los Ojos;Provoca lesiones oculares de consideraci\u00f3n.\nInhalaci\u00f3n;Puede liberar gases irritantes para el sistema respiratorio\nContacto con la Piel;Provoca irritaci\u00f3n severa. (Por congelamiento L\u00edquido)\nIngesti\u00f3n;Provoca irritaci\u00f3n de mucosas.\nEfectos Inmediatos y Retardados as\u00ed como Efectos Cr\u00f3nicos Producidos por una Exposici\u00f3n a Corto y Largo Plazo;;\nExposici\u00f3n a Corto Plazo;;\nEfectos Potenciales Inmediatos;No se conocen efectos significativos o Riesgos Cr\u00edticos.\nEfectos Potenciales Retardados;No se conocen efectos significativos o Riesgos Cr\u00edticos.\nExposici\u00f3n a Largo Plazo;;\nEfectos Potenciales Inmediatos;No se conocen efectos significativos o Riesgos Cr\u00edticos.\nEfectos Potenciales Retardados;No se conocen efectos significativos o Riesgos Cr\u00edticos.\nEfectos Cr\u00f3nicos Potenciales en la salud;;\nGeneral;No se conocen efectos significativos o Riesgos Cr\u00edticos.\nCarcinogenicidad;No se conocen efectos significativos o Riesgos Cr\u00edticos.\nMutagenicidad;No se conocen efectos significativos o Riesgos Cr\u00edticos.\nTeratogenicidad;No se conocen efectos significativos o Riesgos Cr\u00edticos.\nEfectos de Desarrollo;No se conocen efectos significativos o Riesgos Cr\u00edticos.\nEfectos de Fertilidad;No se conocen efectos significativos o Riesgos Cr\u00edticos.\nMedida Num\u00e9rica de la Toxicidad;;\nAcute Toxicity Estimated;No existen datos disponibles", "start_char_idx": null, "end_char_idx": null, "text_template": "{metadata_str}\n\n{content}", "metadata_template": "{key}: {value}", "metadata_seperator": "\n", "class_name": "TextNode"}, "__type__": "1"}, "7d8d0c7f-2acc-4c97-9007-8f7292a7adef": {"__data__": {"id_": "7d8d0c7f-2acc-4c97-9007-8f7292a7adef", "embedding": null, "metadata": {"document_title": "HOJA DE DATOS DE SEGURIDAD", "metadata_product": "BLOWING PLUS", "metadata_description": "", "metadata_recommended_use": "Limpiador Gaseoso ideal para lentes \u00f3pticas e impresoras, fibra \u00f3ptica, micro mecanismos, Etc.", "metadata_section": "Seccion 12: INFORMACIONES ECO - TOXICOLOGICAS"}, "excluded_embed_metadata_keys": [], "excluded_llm_metadata_keys": [], "relationships": {"1": {"node_id": "1396b9ec-bd4e-4265-8332-4d3a38f17b09", "node_type": "4", "metadata": {"document_title": "HOJA DE DATOS DE SEGURIDAD", "metadata_product": "BLOWING PLUS", "metadata_description": "", "metadata_recommended_use": "Limpiador Gaseoso ideal para lentes \u00f3pticas e impresoras, fibra \u00f3ptica, micro mecanismos, Etc.", "metadata_section": "Seccion 12: INFORMACIONES ECO - TOXICOLOGICAS"}, "hash": "cc5ad41da4575f2cb5c844859c676b317058a7ee26d893c0b372516a004ccea4", "class_name": "RelatedNodeInfo"}, "2": {"node_id": "64dea528-fec4-4c2a-982d-0d1f0c60ab65", "node_type": "1", "metadata": {"document_title": "HOJA DE DATOS DE SEGURIDAD", "metadata_product": "BLOWING PLUS", "metadata_description": "", "metadata_recommended_use": "Limpiador Gaseoso ideal para lentes \u00f3pticas e impresoras, fibra \u00f3ptica, micro mecanismos, Etc.", "metadata_section": "Seccion 11: INFORMACIONES TOXICOLOGAS"}, "hash": "5670e9dc67883c68ecdfd92bcb00a57d45bd9d93bfdbb8869c4b0dd629ffca96", "class_name": "RelatedNodeInfo"}, "3": {"node_id": "6e18ffb2-1ee1-40b4-b285-c8b466feda2b", "node_type": "1", "metadata": {"document_title": "HOJA DE DATOS DE SEGURIDAD", "metadata_product": "BLOWING PLUS", "metadata_description": "", "metadata_recommended_use": "Limpiador Gaseoso ideal para lentes \u00f3pticas e impresoras, fibra \u00f3ptica, micro mecanismos, Etc.", "metadata_section": "Seccion: 13: CONSIDERACIONES EN EL MOMENTO DE LA ELIMINACION"}, "hash": "0b05c4c653354aedbb40770d4b029a528160d8d456a6c82ec620f8e6a931b21f", "class_name": "RelatedNodeInfo"}}, "hash": "cc5ad41da4575f2cb5c844859c676b317058a7ee26d893c0b372516a004ccea4", "text": "TOXICIDAD;No Existen datos Disponibles\nPERSISTENCIA Y DEGRADABILIDAD;No Existen datos Disponibles\nPOTENCIAL DE BIOACUMULACION;No Existen datos Disponibles\nMOVILIDAD EN EL SUELO;No Existen datos Disponibles\n(Coeficiente de Repartici\u00f3n tierra / agua (Koc));No Existen datos Disponibles\nOTROS EFECTOS ADVERSOS;No existen datos Disponibles", "start_char_idx": null, "end_char_idx": null, "text_template": "{metadata_str}\n\n{content}", "metadata_template": "{key}: {value}", "metadata_seperator": "\n", "class_name": "TextNode"}, "__type__": "1"}, "6e18ffb2-1ee1-40b4-b285-c8b466feda2b": {"__data__": {"id_": "6e18ffb2-1ee1-40b4-b285-c8b466feda2b", "embedding": null, "metadata": {"document_title": "HOJA DE DATOS DE SEGURIDAD", "metadata_product": "BLOWING PLUS", "metadata_description": "", "metadata_recommended_use": "Limpiador Gaseoso ideal para lentes \u00f3pticas e impresoras, fibra \u00f3ptica, micro mecanismos, Etc.", "metadata_section": "Seccion: 13: CONSIDERACIONES EN EL MOMENTO DE LA ELIMINACION"}, "excluded_embed_metadata_keys": [], "excluded_llm_metadata_keys": [], "relationships": {"1": {"node_id": "611e1742-b269-4794-b289-57f8cd90fa0d", "node_type": "4", "metadata": {"document_title": "HOJA DE DATOS DE SEGURIDAD", "metadata_product": "BLOWING PLUS", "metadata_description": "", "metadata_recommended_use": "Limpiador Gaseoso ideal para lentes \u00f3pticas e impresoras, fibra \u00f3ptica, micro mecanismos, Etc.", "metadata_section": "Seccion: 13: CONSIDERACIONES EN EL MOMENTO DE LA ELIMINACION"}, "hash": "0b05c4c653354aedbb40770d4b029a528160d8d456a6c82ec620f8e6a931b21f", "class_name": "RelatedNodeInfo"}, "2": {"node_id": "7d8d0c7f-2acc-4c97-9007-8f7292a7adef", "node_type": "1", "metadata": {"document_title": "HOJA DE DATOS DE SEGURIDAD", "metadata_product": "BLOWING PLUS", "metadata_description": "", "metadata_recommended_use": "Limpiador Gaseoso ideal para lentes \u00f3pticas e impresoras, fibra \u00f3ptica, micro mecanismos, Etc.", "metadata_section": "Seccion 12: INFORMACIONES ECO - TOXICOLOGICAS"}, "hash": "cc5ad41da4575f2cb5c844859c676b317058a7ee26d893c0b372516a004ccea4", "class_name": "RelatedNodeInfo"}, "3": {"node_id": "373dee5e-1804-49a4-a588-1a2f0561e35c", "node_type": "1", "metadata": {"document_title": "HOJA DE DATOS DE SEGURIDAD", "metadata_product": "BLOWING PLUS", "metadata_description": "", "metadata_recommended_use": "Limpiador Gaseoso ideal para lentes \u00f3pticas e impresoras, fibra \u00f3ptica, micro mecanismos, Etc.", "metadata_section": "Seccion 14: INFORMACIONES RELATIVAS AL TRANSPORTE"}, "hash": "3db1343ae85fb6551c5a59d851ec7adcf1467a5d8b7d27c82c91b13e14863b94", "class_name": "RelatedNodeInfo"}}, "hash": "0b05c4c653354aedbb40770d4b029a528160d8d456a6c82ec620f8e6a931b21f", "text": "METODO DE ELIMINACI\u00d3N: \nSe debe evitar o minimizar la generaci\u00f3n de desechos cuando sea posible. La eliminaci\u00f3n de este producto, sus soluciones, y  cualquier derivado deben cumplir siempre con los requisitos de la legislaci\u00f3n vigente de protecci\u00f3n del medio ambiente y  eliminaci\u00f3n de desechos y todos los requisitos de las autoridades locales. Disponga del sobrante y productos no reciclables por  medio de un contratista autorizado para la eliminaci\u00f3n. Los residuos no se deben tirar por la alcantarilla sin tratar a menos que  sean compatibles con los requisitos de todas las autoridades con jurisdicci\u00f3n. Los envases desechados se deben reciclar. S\u00f3lo  se deben contemplar la incineraci\u00f3n o el enterramiento cuando el reciclaje no sea factible. Elim\u00ednense los residuos del producto  y sus recipientes con todas las precauciones posibles. Se tendr\u00e1 especial cuidado cuando manipulen recipientes vacios que no  se hayan limpiado o enjuagado. Los envases vacios o los revestimientos pueden retener residuos del producto. Evite la dispersi\u00f3n del material derramado, su contacto con el suelo, el medio acu\u00e1tico, los desag\u00fces y las alcantarillas", "start_char_idx": null, "end_char_idx": null, "text_template": "{metadata_str}\n\n{content}", "metadata_template": "{key}: {value}", "metadata_seperator": "\n", "class_name": "TextNode"}, "__type__": "1"}, "373dee5e-1804-49a4-a588-1a2f0561e35c": {"__data__": {"id_": "373dee5e-1804-49a4-a588-1a2f0561e35c", "embedding": null, "metadata": {"document_title": "HOJA DE DATOS DE SEGURIDAD", "metadata_product": "BLOWING PLUS", "metadata_description": "", "metadata_recommended_use": "Limpiador Gaseoso ideal para lentes \u00f3pticas e impresoras, fibra \u00f3ptica, micro mecanismos, Etc.", "metadata_section": "Seccion 14: INFORMACIONES RELATIVAS AL TRANSPORTE"}, "excluded_embed_metadata_keys": [], "excluded_llm_metadata_keys": [], "relationships": {"1": {"node_id": "87fff9c1-60a5-4389-897c-464ea2edd0cf", "node_type": "4", "metadata": {"document_title": "HOJA DE DATOS DE SEGURIDAD", "metadata_product": "BLOWING PLUS", "metadata_description": "", "metadata_recommended_use": "Limpiador Gaseoso ideal para lentes \u00f3pticas e impresoras, fibra \u00f3ptica, micro mecanismos, Etc.", "metadata_section": "Seccion 14: INFORMACIONES RELATIVAS AL TRANSPORTE"}, "hash": "3db1343ae85fb6551c5a59d851ec7adcf1467a5d8b7d27c82c91b13e14863b94", "class_name": "RelatedNodeInfo"}, "2": {"node_id": "6e18ffb2-1ee1-40b4-b285-c8b466feda2b", "node_type": "1", "metadata": {"document_title": "HOJA DE DATOS DE SEGURIDAD", "metadata_product": "BLOWING PLUS", "metadata_description": "", "metadata_recommended_use": "Limpiador Gaseoso ideal para lentes \u00f3pticas e impresoras, fibra \u00f3ptica, micro mecanismos, Etc.", "metadata_section": "Seccion: 13: CONSIDERACIONES EN EL MOMENTO DE LA ELIMINACION"}, "hash": "0b05c4c653354aedbb40770d4b029a528160d8d456a6c82ec620f8e6a931b21f", "class_name": "RelatedNodeInfo"}, "3": {"node_id": "500c83a6-edb6-4ff9-8709-82db04749e3e", "node_type": "1", "metadata": {"document_title": "HOJA DE DATOS DE SEGURIDAD", "metadata_product": "BLOWING PLUS", "metadata_description": "", "metadata_recommended_use": "Limpiador Gaseoso ideal para lentes \u00f3pticas e impresoras, fibra \u00f3ptica, micro mecanismos, Etc.", "metadata_section": "Seccion 15: INFORMACION SOBRE LA REGLAMENTACI\u00d3N"}, "hash": "fdfa1110a9425a871648f4cee031e93f90c4061dcfea5402c1ebbfe26db5883a", "class_name": "RelatedNodeInfo"}}, "hash": "3db1343ae85fb6551c5a59d851ec7adcf1467a5d8b7d27c82c91b13e14863b94", "text": "Transporte Terrestre;Transporte Maritimo / Fluvial;Transporte A\u00e9reo\nADR / RID;IMDG / ADN;IATA / OACI / DGR\nAcuerdo C\u00f3digo;UN 1950;UN 1950;UN 1950\nN\u00b0 ONU;UN 1950;UN 1950;UN 1950\nDesignaci\u00f3n oficial de transporte seg\u00fan ONU;Aerosoles;Aerosoles;Aerosoles\nClase(s) de peligro para el Transporte;2;2;2\nGrupo de Embalaje;-;-;-\nRiesgo;-;-;-\nPeligros Ambientales Especiales;NO;No es Contaminante Marino;NO\nDisposiciones Especiales;NO;63 190 277;NO\nInformaci\u00f3n Adicional;NO;F-D; S-U Categoria E;NO", "start_char_idx": null, "end_char_idx": null, "text_template": "{metadata_str}\n\n{content}", "metadata_template": "{key}: {value}", "metadata_seperator": "\n", "class_name": "TextNode"}, "__type__": "1"}, "500c83a6-edb6-4ff9-8709-82db04749e3e": {"__data__": {"id_": "500c83a6-edb6-4ff9-8709-82db04749e3e", "embedding": null, "metadata": {"document_title": "HOJA DE DATOS DE SEGURIDAD", "metadata_product": "BLOWING PLUS", "metadata_description": "", "metadata_recommended_use": "Limpiador Gaseoso ideal para lentes \u00f3pticas e impresoras, fibra \u00f3ptica, micro mecanismos, Etc.", "metadata_section": "Seccion 15: INFORMACION SOBRE LA REGLAMENTACI\u00d3N"}, "excluded_embed_metadata_keys": [], "excluded_llm_metadata_keys": [], "relationships": {"1": {"node_id": "8bcfc2fa-8a97-44f7-bfa0-c5935223e66f", "node_type": "4", "metadata": {"document_title": "HOJA DE DATOS DE SEGURIDAD", "metadata_product": "BLOWING PLUS", "metadata_description": "", "metadata_recommended_use": "Limpiador Gaseoso ideal para lentes \u00f3pticas e impresoras, fibra \u00f3ptica, micro mecanismos, Etc.", "metadata_section": "Seccion 15: INFORMACION SOBRE LA REGLAMENTACI\u00d3N"}, "hash": "fdfa1110a9425a871648f4cee031e93f90c4061dcfea5402c1ebbfe26db5883a", "class_name": "RelatedNodeInfo"}, "2": {"node_id": "373dee5e-1804-49a4-a588-1a2f0561e35c", "node_type": "1", "metadata": {"document_title": "HOJA DE DATOS DE SEGURIDAD", "metadata_product": "BLOWING PLUS", "metadata_description": "", "metadata_recommended_use": "Limpiador Gaseoso ideal para lentes \u00f3pticas e impresoras, fibra \u00f3ptica, micro mecanismos, Etc.", "metadata_section": "Seccion 14: INFORMACIONES RELATIVAS AL TRANSPORTE"}, "hash": "3db1343ae85fb6551c5a59d851ec7adcf1467a5d8b7d27c82c91b13e14863b94", "class_name": "RelatedNodeInfo"}, "3": {"node_id": "3535a168-f32b-4478-87a6-74052046e0ae", "node_type": "1", "metadata": {"document_title": "HOJA DE DATOS DE SEGURIDAD", "metadata_product": "BLOWING PLUS", "metadata_description": "", "metadata_recommended_use": "Limpiador Gaseoso ideal para lentes \u00f3pticas e impresoras, fibra \u00f3ptica, micro mecanismos, Etc.", "metadata_section": "Seccion 16: OTRAS INFORMACIONES"}, "hash": "5c3594c80dbf3b5e2b7c6d10c439051cbe1fadbfaa2d77666c7cee7db4e53cb5", "class_name": "RelatedNodeInfo"}}, "hash": "fdfa1110a9425a871648f4cee031e93f90c4061dcfea5402c1ebbfe26db5883a", "text": "SGA;Sistema Globalmente Armonizado\nACGIH;American Conference of Governmental Industrial Hygienists.\nCAS;Chemical Abstracts Service.\nOSHA;Occupational Safety and Health Administration\nNTP;National Toxicology Program\nIARC;International Agency for Research on Cancer\nNIOSH;National Occupational Safety and Health\nIATA;Asociaci\u00f3n de Transporte A\u00e9reo Internacional\nIMDG;C\u00f3digo Mar\u00edtimo Internacional de Mercanc\u00edas Peligrosas\nADR;Acuerdo Europeo de Transporte Internacional de Mercanc\u00edas Peligrosas por Carretera.\nRID;Reglamento del transporte Internacional de Mercanc\u00edas Peligrosas por Ferrocarril\nADN;Acuerdo Europeo Relativo Al transporte Internacional de Mercanc\u00edas Peligrosas por v\u00edas de navegaci\u00f3n interior.\nOACI;Organizaci\u00f3n de Aviaci\u00f3n Civil Internacional.\nDGR;Dangerous Goods Regulations", "start_char_idx": null, "end_char_idx": null, "text_template": "{metadata_str}\n\n{content}", "metadata_template": "{key}: {value}", "metadata_seperator": "\n", "class_name": "TextNode"}, "__type__": "1"}, "3535a168-f32b-4478-87a6-74052046e0ae": {"__data__": {"id_": "3535a168-f32b-4478-87a6-74052046e0ae", "embedding": null, "metadata": {"document_title": "HOJA DE DATOS DE SEGURIDAD", "metadata_product": "BLOWING PLUS", "metadata_description": "", "metadata_recommended_use": "Limpiador Gaseoso ideal para lentes \u00f3pticas e impresoras, fibra \u00f3ptica, micro mecanismos, Etc.", "metadata_section": "Seccion 16: OTRAS INFORMACIONES"}, "excluded_embed_metadata_keys": [], "excluded_llm_metadata_keys": [], "relationships": {"1": {"node_id": "d7bf5ad0-84b1-4a52-82e9-ef0872760aa6", "node_type": "4", "metadata": {"document_title": "HOJA DE DATOS DE SEGURIDAD", "metadata_product": "BLOWING PLUS", "metadata_description": "", "metadata_recommended_use": "Limpiador Gaseoso ideal para lentes \u00f3pticas e impresoras, fibra \u00f3ptica, micro mecanismos, Etc.", "metadata_section": "Seccion 16: OTRAS INFORMACIONES"}, "hash": "5c3594c80dbf3b5e2b7c6d10c439051cbe1fadbfaa2d77666c7cee7db4e53cb5", "class_name": "RelatedNodeInfo"}, "2": {"node_id": "500c83a6-edb6-4ff9-8709-82db04749e3e", "node_type": "1", "metadata": {"document_title": "HOJA DE DATOS DE SEGURIDAD", "metadata_product": "BLOWING PLUS", "metadata_description": "", "metadata_recommended_use": "Limpiador Gaseoso ideal para lentes \u00f3pticas e impresoras, fibra \u00f3ptica, micro mecanismos, Etc.", "metadata_section": "Seccion 15: INFORMACION SOBRE LA REGLAMENTACI\u00d3N"}, "hash": "fdfa1110a9425a871648f4cee031e93f90c4061dcfea5402c1ebbfe26db5883a", "class_name": "RelatedNodeInfo"}, "3": {"node_id": "771f0262-3a5c-420b-b80c-421c7f3e1726", "node_type": "1", "metadata": {"document_title": "HOJA DE DATOS DE SEGURIDAD", "metadata_product": "BLOWING PLUS", "metadata_description": "", "metadata_recommended_use": "Limpiador Gaseoso ideal para lentes \u00f3pticas e impresoras, fibra \u00f3ptica, micro mecanismos, Etc.", "metadata_section": "Seccion 16: OTRAS INFORMACIONES"}, "hash": "731706fe969499caa49deb9f99fda7388bd4013845c63d9d19b790912afb44ad", "class_name": "RelatedNodeInfo"}}, "hash": "5c3594c80dbf3b5e2b7c6d10c439051cbe1fadbfaa2d77666c7cee7db4e53cb5", "text": "N/P;N/APLICA\nSALUD;1\nINFLAMABILIDAD;0\nREACTIVIDAD;0\nESPECIAL;\nC\u00d3DIGOS RIESGOS Y C\u00d3DIGOS SEG;0 - EXTREMO;3 - ALTO;2- MODERADO;1- LEVE;(1) EPI's;B\nCORROSIVO;4 - EXTREMO;NAFLAMABLE;TOXICO;ALCALINO;ACIDO;NO USE AGUA;NO RIESGO ESPECIAL\nANTICORROSIVO;0XIDANTE;NO INFLAMABLE;TOX: TOXICO;ALC: ALCALINO;ACI: ACIDO;W.;NO USE AGUA;NO RIESGO NO ESPECIAL\n(1) se refiere a la secci\u00f3n 8 de la M.S.D.S. para recomendaciones de protecci\u00f3n adicional.\nR-36/37/38 Irrita los ojos, la piel y las v\u00edas respiratorias.\nR66 La exposici\u00f3n repetida puede provocar sequedad o formaci\u00f3n de grietas en la piel,\nR67 La inhalaci\u00f3n de vapores puede provocar somnolencia y v\u00e9rtigo.\nS2 Mant\u00e9ngase fuera del alcance de los ni\u00f1os.\nS36/37/39 Lleve indumentaria y guantes adecuados y protecci\u00f3n para los ojos/la cara.\nS26 En caso de contacto con los ojos, enju\u00e1guese con abundancia de agua y acuda inmediatamente al m\u00e9dico.\nS50/51 No lo tire al drenaje ni al desag\u00fce;", "start_char_idx": null, "end_char_idx": null, "text_template": "{metadata_str}\n\n{content}", "metadata_template": "{key}: {value}", "metadata_seperator": "\n", "class_name": "TextNode"}, "__type__": "1"}, "771f0262-3a5c-420b-b80c-421c7f3e1726": {"__data__": {"id_": "771f0262-3a5c-420b-b80c-421c7f3e1726", "embedding": null, "metadata": {"document_title": "HOJA DE DATOS DE SEGURIDAD", "metadata_product": "BLOWING PLUS", "metadata_description": "", "metadata_recommended_use": "Limpiador Gaseoso ideal para lentes \u00f3pticas e impresoras, fibra \u00f3ptica, micro mecanismos, Etc.", "metadata_section": "Seccion 16: OTRAS INFORMACIONES"}, "excluded_embed_metadata_keys": [], "excluded_llm_metadata_keys": [], "relationships": {"1": {"node_id": "529cd2d3-0b09-4a11-aa93-076c86cd1f31", "node_type": "4", "metadata": {"document_title": "HOJA DE DATOS DE SEGURIDAD", "metadata_product": "BLOWING PLUS", "metadata_description": "", "metadata_recommended_use": "Limpiador Gaseoso ideal para lentes \u00f3pticas e impresoras, fibra \u00f3ptica, micro mecanismos, Etc.", "metadata_section": "Seccion 16: OTRAS INFORMACIONES"}, "hash": "731706fe969499caa49deb9f99fda7388bd4013845c63d9d19b790912afb44ad", "class_name": "RelatedNodeInfo"}, "2": {"node_id": "3535a168-f32b-4478-87a6-74052046e0ae", "node_type": "1", "metadata": {"document_title": "HOJA DE DATOS DE SEGURIDAD", "metadata_product": "BLOWING PLUS", "metadata_description": "", "metadata_recommended_use": "Limpiador Gaseoso ideal para lentes \u00f3pticas e impresoras, fibra \u00f3ptica, micro mecanismos, Etc.", "metadata_section": "Seccion 16: OTRAS INFORMACIONES"}, "hash": "5c3594c80dbf3b5e2b7c6d10c439051cbe1fadbfaa2d77666c7cee7db4e53cb5", "class_name": "RelatedNodeInfo"}}, "hash": "731706fe969499caa49deb9f99fda7388bd4013845c63d9d19b790912afb44ad", "text": "elim\u00ednese esta sustancia y su recipiente en un punto de recogida p\u00fablica de residuos especiales o peligrosos.\nS24/25 Evite el contacto con los ojos y la piel.\nS7/9 Mantenga el recipiente bien cerrado y en lugar bien ventilado\nEUH066 - La exposici\u00f3n repetida puede provocar sequedad o formaci\u00f3n de grietas en la piel.\nEUH 210 - Puede solicitarse la M.S.D.S.\nEUH 211 - Se aconseja llevar gafas para personas muy expuestas al producto.\nP101 - En caso de consultar a un m\u00e9dico, tener a mano el envase o la etiqueta.\nP102 - Mantener fuera del alcance de los ni\u00f1os.\nP103 - Mantener el envase etiqeuetado.\nP210 - Lej\u00eda alejada de fuentes de calor, chispas, llamas abiertas o superficies calientes. \u2014 No fumar.\nP261 - Evitar el contacto con los ojos, la piel o la ropa.\nP280 - Llevar gafas, prens/gafas/lunas de su ubicaci\u00f3n.\nP272 - No comer, beber ni fumar durante su pr\u00e1ctica.\nP330 - Enjuagar la boca.\nP331 - NO provocarse el v\u00f3mito.\nP314 - Consultar a un m\u00e9dico en caso de malestar.", "start_char_idx": null, "end_char_idx": null, "text_template": "{metadata_str}\n\n{content}", "metadata_template": "{key}: {value}", "metadata_seperator": "\n", "class_name": "TextNode"}, "__type__": "1"}}, "docstore/ref_doc_info": {"b144c3c9-e3f0-419d-b0c0-32f6b90f33fa": {"node_ids": ["118cc783-f380-4c46-b751-709b601c8c18"], "metadata": {"document_title": "HOJA DE DATOS DE SEGURIDAD", "metadata_product": "BLOWING PLUS", "metadata_description": "", "metadata_recommended_use": "Limpiador Gaseoso ideal para lentes \u00f3pticas e impresoras, fibra \u00f3ptica, micro mecanismos, Etc.", "metadata_section": "Secci\u00f3n 1: IDENTIFICACI\u00d3N DEL PRODUCTO Y DEL PROVEEDOR"}}, "6ac93e7f-dbbf-428e-8bd4-e8c23d52cf13": {"node_ids": ["a5d7642c-005a-40fb-96ae-e689cfd08cd1"], "metadata": {"document_title": "HOJA DE DATOS DE SEGURIDAD", "metadata_product": "BLOWING PLUS", "metadata_description": "", "metadata_recommended_use": "Limpiador Gaseoso ideal para lentes \u00f3pticas e impresoras, fibra \u00f3ptica, micro mecanismos, Etc.", "metadata_section": "Seccion 2: IDENTIFICACION DE LOS RIESGOS"}}, "2dac0671-e13f-426e-8866-c1e5c5edc4e7": {"node_ids": ["a4e751da-0349-4457-a241-fcb62637f3f3"], "metadata": {"document_title": "HOJA DE DATOS DE SEGURIDAD", "metadata_product": "BLOWING PLUS", "metadata_description": "", "metadata_recommended_use": "Limpiador Gaseoso ideal para lentes \u00f3pticas e impresoras, fibra \u00f3ptica, micro mecanismos, Etc.", "metadata_section": "Seccion 3: COMPOSICION / INFORMACI\u00d3N DE LOS COMPONENTES"}}, "58296159-b56b-4777-84f0-0ff70a75d63c": {"node_ids": ["930fdc85-b0c0-4ad1-aa3c-9c786667c823"], "metadata": {"document_title": "HOJA DE DATOS DE SEGURIDAD", "metadata_product": "BLOWING PLUS", "metadata_description": "", "metadata_recommended_use": "Limpiador Gaseoso ideal para lentes \u00f3pticas e impresoras, fibra \u00f3ptica, micro mecanismos, Etc.", "metadata_section": "Seccion 4: MEDIDAS DE PRIMEROS AUXILIOS"}}, "bb56dff7-001a-42c9-b6ad-a2578c164773": {"node_ids": ["f5dfaff0-4372-4025-b72b-c9dd2ebfdecb"], "metadata": {"document_title": "HOJA DE DATOS DE SEGURIDAD", "metadata_product": "BLOWING PLUS", "metadata_description": "", "metadata_recommended_use": "Limpiador Gaseoso ideal para lentes \u00f3pticas e impresoras, fibra \u00f3ptica, micro mecanismos, Etc.", "metadata_section": "Seccion 5: MEDIDAS DE EXTINCION DE INCENDIOS"}}, "1574943e-1b14-4863-828c-b27f43568b55": {"node_ids": ["105082c3-e8de-418f-b422-b896f465f022"], "metadata": {"document_title": "HOJA DE DATOS DE SEGURIDAD", "metadata_product": "BLOWING PLUS", "metadata_description": "", "metadata_recommended_use": "Limpiador Gaseoso ideal para lentes \u00f3pticas e impresoras, fibra \u00f3ptica, micro mecanismos, Etc.", "metadata_section": "Seccion 6: MEDIDAS A TOMAR EN EL TRANSCURSO DE DERRAMES ACCIDENTALES"}}, "a870e1b2-ae99-47ce-a501-971b5bc484cf": {"node_ids": ["0ba47722-656b-4ed6-82bb-ebc03f22de0a"], "metadata": {"document_title": "HOJA DE DATOS DE SEGURIDAD", "metadata_product": "BLOWING PLUS", "metadata_description": "", "metadata_recommended_use": "Limpiador Gaseoso ideal para lentes \u00f3pticas e impresoras, fibra \u00f3ptica, micro mecanismos, Etc.", "metadata_section": "Seccion 7: MANEJO Y ALMACENAJE"}}, "cd351772-1e8a-4e9a-ab05-ed9a2217acae": {"node_ids": ["f9434a8b-27b0-4b84-ad60-497650d2972b"], "metadata": {"document_title": "HOJA DE DATOS DE SEGURIDAD", "metadata_product": "BLOWING PLUS", "metadata_description": "", "metadata_recommended_use": "Limpiador Gaseoso ideal para lentes \u00f3pticas e impresoras, fibra \u00f3ptica, micro mecanismos, Etc.", "metadata_section": "Seccion 8: CONTROL DE EXPOSICI\u00d3N / PROTECCI\u00d3N PERSONAL"}}, "545a082a-a80c-4c88-9946-86285b7c9a85": {"node_ids": ["a86b037e-d9e7-43c2-814e-1d8e2c903d25"], "metadata": {"document_title": "HOJA DE DATOS DE SEGURIDAD", "metadata_product": "BLOWING PLUS", "metadata_description": "", "metadata_recommended_use": "Limpiador Gaseoso ideal para lentes \u00f3pticas e impresoras, fibra \u00f3ptica, micro mecanismos, Etc.", "metadata_section": "Seccion 9: PROPIEDADES FISICAS - QUIMICAS"}}, "aa3e7012-a1e1-4488-b841-95f2099d500e": {"node_ids": ["0a7ecd9f-91cb-46a0-ba48-5e44db739850"], "metadata": {"document_title": "HOJA DE DATOS DE SEGURIDAD", "metadata_product": "BLOWING PLUS", "metadata_description": "", "metadata_recommended_use": "Limpiador Gaseoso ideal para lentes \u00f3pticas e impresoras, fibra \u00f3ptica, micro mecanismos, Etc.", "metadata_section": "Seccion 10: ESTABILIDAD Y REACTIVIDAD"}}, "4c49b0a0-1b4f-4718-b1f9-1bde8a1ba198": {"node_ids": ["64dea528-fec4-4c2a-982d-0d1f0c60ab65"], "metadata": {"document_title": "HOJA DE DATOS DE SEGURIDAD", "metadata_product": "BLOWING PLUS", "metadata_description": "", "metadata_recommended_use": "Limpiador Gaseoso ideal para lentes \u00f3pticas e impresoras, fibra \u00f3ptica, micro mecanismos, Etc.", "metadata_section": "Seccion 11: INFORMACIONES TOXICOLOGAS"}}, "1396b9ec-bd4e-4265-8332-4d3a38f17b09": {"node_ids": ["7d8d0c7f-2acc-4c97-9007-8f7292a7adef"], "metadata": {"document_title": "HOJA DE DATOS DE SEGURIDAD", "metadata_product": "BLOWING PLUS", "metadata_description": "", "metadata_recommended_use": "Limpiador Gaseoso ideal para lentes \u00f3pticas e impresoras, fibra \u00f3ptica, micro mecanismos, Etc.", "metadata_section": "Seccion 12: INFORMACIONES ECO - TOXICOLOGICAS"}}, "611e1742-b269-4794-b289-57f8cd90fa0d": {"node_ids": ["6e18ffb2-1ee1-40b4-b285-c8b466feda2b"], "metadata": {"document_title": "HOJA DE DATOS DE SEGURIDAD", "metadata_product": "BLOWING PLUS", "metadata_description": "", "metadata_recommended_use": "Limpiador Gaseoso ideal para lentes \u00f3pticas e impresoras, fibra \u00f3ptica, micro mecanismos, Etc.", "metadata_section": "Seccion: 13: CONSIDERACIONES EN EL MOMENTO DE LA ELIMINACION"}}, "87fff9c1-60a5-4389-897c-464ea2edd0cf": {"node_ids": ["373dee5e-1804-49a4-a588-1a2f0561e35c"], "metadata": {"document_title": "HOJA DE DATOS DE SEGURIDAD", "metadata_product": "BLOWING PLUS", "metadata_description": "", "metadata_recommended_use": "Limpiador Gaseoso ideal para lentes \u00f3pticas e impresoras, fibra \u00f3ptica, micro mecanismos, Etc.", "metadata_section": "Seccion 14: INFORMACIONES RELATIVAS AL TRANSPORTE"}}, "8bcfc2fa-8a97-44f7-bfa0-c5935223e66f": {"node_ids": ["500c83a6-edb6-4ff9-8709-82db04749e3e"], "metadata": {"document_title": "HOJA DE DATOS DE SEGURIDAD", "metadata_product": "BLOWING PLUS", "metadata_description": "", "metadata_recommended_use": "Limpiador Gaseoso ideal para lentes \u00f3pticas e impresoras, fibra \u00f3ptica, micro mecanismos, Etc.", "metadata_section": "Seccion 15: INFORMACION SOBRE LA REGLAMENTACI\u00d3N"}}, "d7bf5ad0-84b1-4a52-82e9-ef0872760aa6": {"node_ids": ["3535a168-f32b-4478-87a6-74052046e0ae"], "metadata": {"document_title": "HOJA DE DATOS DE SEGURIDAD", "metadata_product": "BLOWING PLUS", "metadata_description": "", "metadata_recommended_use": "Limpiador Gaseoso ideal para lentes \u00f3pticas e impresoras, fibra \u00f3ptica, micro mecanismos, Etc.", "metadata_section": "Seccion 16: OTRAS INFORMACIONES"}}, "529cd2d3-0b09-4a11-aa93-076c86cd1f31": {"node_ids": ["771f0262-3a5c-420b-b80c-421c7f3e1726"], "metadata": {"document_title": "HOJA DE DATOS DE SEGURIDAD", "metadata_product": "BLOWING PLUS", "metadata_description": "", "metadata_recommended_use": "Limpiador Gaseoso ideal para lentes \u00f3pticas e impresoras, fibra \u00f3ptica, micro mecanismos, Etc.", "metadata_section": "Seccion 16: OTRAS INFORMACIONES"}}}, "docstore/metadata": {"118cc783-f380-4c46-b751-709b601c8c18": {"doc_hash": "826df9b16cc3efd1ce675caca2ee04438ab5ac66c4d857c4d9c37db0bdc3ec5d", "ref_doc_id": "b144c3c9-e3f0-419d-b0c0-32f6b90f33fa"}, "a5d7642c-005a-40fb-96ae-e689cfd08cd1": {"doc_hash": "dd0b45ca44651d186856683962bf2b1c8f13947ba604ba2d5f97b0a5b00a7be9", "ref_doc_id": "6ac93e7f-dbbf-428e-8bd4-e8c23d52cf13"}, "a4e751da-0349-4457-a241-fcb62637f3f3": {"doc_hash": "c83e37b6652ee4024f73ecce084ba35f98c8c172ec84883a2a93c1bf58f7a20d", "ref_doc_id": "2dac0671-e13f-426e-8866-c1e5c5edc4e7"}, "930fdc85-b0c0-4ad1-aa3c-9c786667c823": {"doc_hash": "39327fa7bda01dd119272261ff40ee4c2e7bfeb2bb134a41a61f89d97c3485da", "ref_doc_id": "58296159-b56b-4777-84f0-0ff70a75d63c"}, "f5dfaff0-4372-4025-b72b-c9dd2ebfdecb": {"doc_hash": "59d1f5eefb586ee2bf6ea4f2ec93145130abe0d6e9c5ac4d3006897fd565a78a", "ref_doc_id": "bb56dff7-001a-42c9-b6ad-a2578c164773"}, "105082c3-e8de-418f-b422-b896f465f022": {"doc_hash": "9e74679518410f8b740c13b3159f45949f3cf8992113738fd5451951a58e610e", "ref_doc_id": "1574943e-1b14-4863-828c-b27f43568b55"}, "0ba47722-656b-4ed6-82bb-ebc03f22de0a": {"doc_hash": "65083453c1a109743da5446a661ba121d730ddf124aa6716809b6fa70c32dd6f", "ref_doc_id": "a870e1b2-ae99-47ce-a501-971b5bc484cf"}, "f9434a8b-27b0-4b84-ad60-497650d2972b": {"doc_hash": "f9ac3879b23b3d546ca551a4a2ae3a271fa581e18aa0f2ff2606a5b6b4dbf19a", "ref_doc_id": "cd351772-1e8a-4e9a-ab05-ed9a2217acae"}, "a86b037e-d9e7-43c2-814e-1d8e2c903d25": {"doc_hash": "b8cd11e757040f9e341656eca185a427cda9fe7ec3c8bc6919c1da68a2989af4", "ref_doc_id": "545a082a-a80c-4c88-9946-86285b7c9a85"}, "0a7ecd9f-91cb-46a0-ba48-5e44db739850": {"doc_hash": "2d7027cc08f1865a96f1d7b92b1a21fdfcf7b92b8d3492c976984314455e2f00", "ref_doc_id": "aa3e7012-a1e1-4488-b841-95f2099d500e"}, "64dea528-fec4-4c2a-982d-0d1f0c60ab65": {"doc_hash": "5670e9dc67883c68ecdfd92bcb00a57d45bd9d93bfdbb8869c4b0dd629ffca96", "ref_doc_id": "4c49b0a0-1b4f-4718-b1f9-1bde8a1ba198"}, "7d8d0c7f-2acc-4c97-9007-8f7292a7adef": {"doc_hash": "cc5ad41da4575f2cb5c844859c676b317058a7ee26d893c0b372516a004ccea4", "ref_doc_id": "1396b9ec-bd4e-4265-8332-4d3a38f17b09"}, "6e18ffb2-1ee1-40b4-b285-c8b466feda2b": {"doc_hash": "0b05c4c653354aedbb40770d4b029a528160d8d456a6c82ec620f8e6a931b21f", "ref_doc_id": "611e1742-b269-4794-b289-57f8cd90fa0d"}, "373dee5e-1804-49a4-a588-1a2f0561e35c": {"doc_hash": "3db1343ae85fb6551c5a59d851ec7adcf1467a5d8b7d27c82c91b13e14863b94", "ref_doc_id": "87fff9c1-60a5-4389-897c-464ea2edd0cf"}, "500c83a6-edb6-4ff9-8709-82db04749e3e": {"doc_hash": "fdfa1110a9425a871648f4cee031e93f90c4061dcfea5402c1ebbfe26db5883a", "ref_doc_id": "8bcfc2fa-8a97-44f7-bfa0-c5935223e66f"}, "3535a168-f32b-4478-87a6-74052046e0ae": {"doc_hash": "5c3594c80dbf3b5e2b7c6d10c439051cbe1fadbfaa2d77666c7cee7db4e53cb5", "ref_doc_id": "d7bf5ad0-84b1-4a52-82e9-ef0872760aa6"}, "771f0262-3a5c-420b-b80c-421c7f3e1726": {"doc_hash": "731706fe969499caa49deb9f99fda7388bd4013845c63d9d19b790912afb44ad", "ref_doc_id": "529cd2d3-0b09-4a11-aa93-076c86cd1f31"}}}