{"docstore/data": {"df866fe8-83f3-4e85-ad9a-3038fefca1bf": {"__data__": {"id_": "df866fe8-83f3-4e85-ad9a-3038fefca1bf", "embedding": null, "metadata": {"document_title": "HOJA DE DATOS DE SEGURIDAD.", "metadata_product": "MOBIL SHC GEAR 680", "metadata_description": "Bases y aditivos sint\u00e9ticos", "metadata_recommended_use": "Aceite para engranajes", "metadata_section": "SECCI\u00d3N 1: IDENTIFICACI\u00d3N DEL PRODUCTO QU\u00cdMICO Y DE LA EMPRESA"}, "excluded_embed_metadata_keys": [], "excluded_llm_metadata_keys": [], "relationships": {"1": {"node_id": "c1445e08-9423-40b9-aa38-d131337bc7f9", "node_type": "4", "metadata": {"document_title": "HOJA DE DATOS DE SEGURIDAD.", "metadata_product": "MOBIL SHC GEAR 680", "metadata_description": "Bases y aditivos sint\u00e9ticos", "metadata_recommended_use": "Aceite para engranajes", "metadata_section": "SECCI\u00d3N 1: IDENTIFICACI\u00d3N DEL PRODUCTO QU\u00cdMICO Y DE LA EMPRESA"}, "hash": "abc146729f852d16c9b0750584ee7087d049da4c7ddf0cc1f58063ac2ea996c7", "class_name": "RelatedNodeInfo"}, "3": {"node_id": "563ef70f-7d89-4320-81c5-5c61fa7add41", "node_type": "1", "metadata": {"document_title": "HOJA DE DATOS DE SEGURIDAD", "metadata_product": "MOBIL SHC GEAR 680", "metadata_description": "Bases y aditivos sint\u00e9ticos", "metadata_recommended_use": "Aceite para engranajes", "metadata_section": "SECCI\u00d3N 2: IDENTIFICACI\u00d3N DE LOS PELIGROS"}, "hash": "f40f0021ead6cf86315d271f56513c0e6bffcbcae8da92ded923bab1d01a35da", "class_name": "RelatedNodeInfo"}}, "hash": "814ec14ab5bb07e673aea2c9e86d0a985f1682e435eba7f1535802d797ee965f", "text": "De acuerdo a la fecha de revisi\u00f3n arriba indicada, esta (M)SDS cumple con las regulaciones en Chile. - PRODUCTO:- Nombre del producto: MOBIL SHC GEAR 680. - Descripci\u00f3n del producto: Bases y aditivos sint\u00e9ticos. - C\u00f3digo del producto: 201560409060, 615070-00. - Usos Recomendados: Aceite para engranajes. - IDENTIFICACION DE LA COMPA\u00d1IA:  Nombre del Proveedor: Compa\u00f1\u00eda de Petroleos de Chile - COPEC S.A. Isidora Goyenechea 2915, Santiago Chile. N\u00famero de Tel\u00e9fono de Informaci\u00f3n Toxicol\u00f3gica 24 Horas: (56) 2-27771994. N\u00famero de Tel\u00e9fono del Proveedor: (56) 2-26907000. N\u00famero de tel\u00e9fono de emergencia 24 horas: (56) 2-26753713.", "start_char_idx": null, "end_char_idx": null, "text_template": "{metadata_str}\n\n{content}", "metadata_template": "{key}: {value}", "metadata_seperator": "\n", "class_name": "TextNode"}, "__type__": "1"}, "563ef70f-7d89-4320-81c5-5c61fa7add41": {"__data__": {"id_": "563ef70f-7d89-4320-81c5-5c61fa7add41", "embedding": null, "metadata": {"document_title": "HOJA DE DATOS DE SEGURIDAD", "metadata_product": "MOBIL SHC GEAR 680", "metadata_description": "Bases y aditivos sint\u00e9ticos", "metadata_recommended_use": "Aceite para engranajes", "metadata_section": "SECCI\u00d3N 2: IDENTIFICACI\u00d3N DE LOS PELIGROS"}, "excluded_embed_metadata_keys": [], "excluded_llm_metadata_keys": [], "relationships": {"1": {"node_id": "1a3fa7d6-447b-45c3-acd2-f93ae6fc7adc", "node_type": "4", "metadata": {"document_title": "HOJA DE DATOS DE SEGURIDAD", "metadata_product": "MOBIL SHC GEAR 680", "metadata_description": "Bases y aditivos sint\u00e9ticos", "metadata_recommended_use": "Aceite para engranajes", "metadata_section": "SECCI\u00d3N 2: IDENTIFICACI\u00d3N DE LOS PELIGROS"}, "hash": "c82b73a6b4b8682fc9a6de4659ce88e26115271313933a909bc0b2b31f8f4398", "class_name": "RelatedNodeInfo"}, "2": {"node_id": "df866fe8-83f3-4e85-ad9a-3038fefca1bf", "node_type": "1", "metadata": {"document_title": "HOJA DE DATOS DE SEGURIDAD.", "metadata_product": "MOBIL SHC GEAR 680", "metadata_description": "Bases y aditivos sint\u00e9ticos", "metadata_recommended_use": "Aceite para engranajes", "metadata_section": "SECCI\u00d3N 1: IDENTIFICACI\u00d3N DEL PRODUCTO QU\u00cdMICO Y DE LA EMPRESA"}, "hash": "814ec14ab5bb07e673aea2c9e86d0a985f1682e435eba7f1535802d797ee965f", "class_name": "RelatedNodeInfo"}, "3": {"node_id": "6f223ffa-2259-483e-9d54-3d5b92a7d483", "node_type": "1", "metadata": {"document_title": "HOJA DE DATOS DE SEGURIDAD", "metadata_product": "MOBIL SHC GEAR 680", "metadata_description": "Bases y aditivos sint\u00e9ticos", "metadata_recommended_use": "Aceite para engranajes", "metadata_section": "SECCI\u00d3N 3: COMPOSICI\u00d3N / INFORMACI\u00d3N DE LOS COMPONENTES"}, "hash": "80dcd11be9e8c6b7c6b45f61b3949dfcc8d31edfdfcf7b16ff6ecf7723f40e05", "class_name": "RelatedNodeInfo"}}, "hash": "f40f0021ead6cf86315d271f56513c0e6bffcbcae8da92ded923bab1d01a35da", "text": "El siguiente enlace correponde a la imagen del rombo de seguridad del producto https://i.imgur.com/s9UQg5h.png \nEl rombo tiene cuatro secciones, cada una de las cuales representa un tipo de peligro:\nSalud: El n\u00famero 0 en la secci\u00f3n de salud significa que la grasa no es peligrosa para la salud, incluso en caso de exposici\u00f3n prolongada o repetida.\nInflamabilidad: El n\u00famero 1 en la secci\u00f3n de inflamabilidad significa que la grasa es un material inflamable. La grasa puede incendiarse en contacto con una fuente de calor o una llama abierta.\nReactividad: El n\u00famero 0 en la secci\u00f3n de reactividad significa que la grasa no es un material reactivo. La grasa no es susceptible de reaccionar con otras sustancias para formar productos peligrosos.", "start_char_idx": null, "end_char_idx": null, "text_template": "{metadata_str}\n\n{content}", "metadata_template": "{key}: {value}", "metadata_seperator": "\n", "class_name": "TextNode"}, "__type__": "1"}, "6f223ffa-2259-483e-9d54-3d5b92a7d483": {"__data__": {"id_": "6f223ffa-2259-483e-9d54-3d5b92a7d483", "embedding": null, "metadata": {"document_title": "HOJA DE DATOS DE SEGURIDAD", "metadata_product": "MOBIL SHC GEAR 680", "metadata_description": "Bases y aditivos sint\u00e9ticos", "metadata_recommended_use": "Aceite para engranajes", "metadata_section": "SECCI\u00d3N 3: COMPOSICI\u00d3N / INFORMACI\u00d3N DE LOS COMPONENTES"}, "excluded_embed_metadata_keys": [], "excluded_llm_metadata_keys": [], "relationships": {"1": {"node_id": "95bb2c35-8e8c-4c2d-a1d8-66af2df41e5f", "node_type": "4", "metadata": {"document_title": "HOJA DE DATOS DE SEGURIDAD", "metadata_product": "MOBIL SHC GEAR 680", "metadata_description": "Bases y aditivos sint\u00e9ticos", "metadata_recommended_use": "Aceite para engranajes", "metadata_section": "SECCI\u00d3N 3: COMPOSICI\u00d3N / INFORMACI\u00d3N DE LOS COMPONENTES"}, "hash": "80dcd11be9e8c6b7c6b45f61b3949dfcc8d31edfdfcf7b16ff6ecf7723f40e05", "class_name": "RelatedNodeInfo"}, "2": {"node_id": "563ef70f-7d89-4320-81c5-5c61fa7add41", "node_type": "1", "metadata": {"document_title": "HOJA DE DATOS DE SEGURIDAD", "metadata_product": "MOBIL SHC GEAR 680", "metadata_description": "Bases y aditivos sint\u00e9ticos", "metadata_recommended_use": "Aceite para engranajes", "metadata_section": "SECCI\u00d3N 2: IDENTIFICACI\u00d3N DE LOS PELIGROS"}, "hash": "f40f0021ead6cf86315d271f56513c0e6bffcbcae8da92ded923bab1d01a35da", "class_name": "RelatedNodeInfo"}, "3": {"node_id": "b9ad608d-bd3f-4936-b215-a3b197f903b2", "node_type": "1", "metadata": {"document_title": "HOJA DE DATOS DE SEGURIDAD", "metadata_product": "MOBIL SHC GEAR 680", "metadata_description": "Bases y aditivos sint\u00e9ticos", "metadata_recommended_use": "Aceite para engranajes", "metadata_section": "SECCI\u00d3N 4 PRIMEROS AUXILIOS"}, "hash": "8df928bacc51228e2100328b60463de6bf9ac315c9039249e904ad6508de0320", "class_name": "RelatedNodeInfo"}}, "hash": "80dcd11be9e8c6b7c6b45f61b3949dfcc8d31edfdfcf7b16ff6ecf7723f40e05", "text": "Este material est\u00e1 definido como una mezcla. La siguiente informaci\u00f3n esta escrita en formato tabla: Sustancia(s) Peligrosa(s) o Sustancia(s) Compleja(s) que requiere divulgaci\u00f3n. - Nombre: BENCENO, C10-14-ALQUIL DERIVS. CAS#: 68442-69-3. Concentraci\u00f3n*: 0.1 - < 1%. C\u00f3digos SGA de Peligro: H304, H315, H400(M factor 1). - Nombre: ITRIDECIL ADIPATO. CAS#:16958-92-2. 10 - < 20%. C\u00f3digos SGA de  Peligro: Ninguno. *Todas las concentraciones est\u00e1n en porcentaje en peso a menos que el ingrediente sea un gas. Las concentraciones de gases est\u00e1n en porcentaje por volumen.", "start_char_idx": null, "end_char_idx": null, "text_template": "{metadata_str}\n\n{content}", "metadata_template": "{key}: {value}", "metadata_seperator": "\n", "class_name": "TextNode"}, "__type__": "1"}, "b9ad608d-bd3f-4936-b215-a3b197f903b2": {"__data__": {"id_": "b9ad608d-bd3f-4936-b215-a3b197f903b2", "embedding": null, "metadata": {"document_title": "HOJA DE DATOS DE SEGURIDAD", "metadata_product": "MOBIL SHC GEAR 680", "metadata_description": "Bases y aditivos sint\u00e9ticos", "metadata_recommended_use": "Aceite para engranajes", "metadata_section": "SECCI\u00d3N 4 PRIMEROS AUXILIOS"}, "excluded_embed_metadata_keys": [], "excluded_llm_metadata_keys": [], "relationships": {"1": {"node_id": "820afb37-98e9-4ef7-b691-48b0c01fdcb3", "node_type": "4", "metadata": {"document_title": "HOJA DE DATOS DE SEGURIDAD", "metadata_product": "MOBIL SHC GEAR 680", "metadata_description": "Bases y aditivos sint\u00e9ticos", "metadata_recommended_use": "Aceite para engranajes", "metadata_section": "SECCI\u00d3N 4 PRIMEROS AUXILIOS"}, "hash": "8df928bacc51228e2100328b60463de6bf9ac315c9039249e904ad6508de0320", "class_name": "RelatedNodeInfo"}, "2": {"node_id": "6f223ffa-2259-483e-9d54-3d5b92a7d483", "node_type": "1", "metadata": {"document_title": "HOJA DE DATOS DE SEGURIDAD", "metadata_product": "MOBIL SHC GEAR 680", "metadata_description": "Bases y aditivos sint\u00e9ticos", "metadata_recommended_use": "Aceite para engranajes", "metadata_section": "SECCI\u00d3N 3: COMPOSICI\u00d3N / INFORMACI\u00d3N DE LOS COMPONENTES"}, "hash": "80dcd11be9e8c6b7c6b45f61b3949dfcc8d31edfdfcf7b16ff6ecf7723f40e05", "class_name": "RelatedNodeInfo"}, "3": {"node_id": "a335a715-13c0-4662-9e17-fbd3353da8de", "node_type": "1", "metadata": {"document_title": "HOJA DE DATOS DE SEGURIDAD", "metadata_product": "MOBIL SHC GEAR 680", "metadata_description": "Bases y aditivos sint\u00e9ticos", "metadata_recommended_use": "Aceite para engranajes", "metadata_section": "SECCI\u00d3N 5 MEDIDAS PARA LUCHA CONTRA INCENDIOS"}, "hash": "469192a98155301978e5810649c70d49f96fd6f9b2775c0ab6832779b4ce0a79", "class_name": "RelatedNodeInfo"}}, "hash": "8df928bacc51228e2100328b60463de6bf9ac315c9039249e904ad6508de0320", "text": "- INHALACI\u00d3N: Ret\u00edrese de alguna exposici\u00f3n posterior. Para quienes proporcionan asistencia, eviten la exposici\u00f3n de ustedes mismos o de otros. Use protecci\u00f3n respiratoria adecuada. Si se presenta irritaci\u00f3n respiratoria, mareo, n\u00e1usea o inconsciencia, busque asistencia m\u00e9dica inmediata. Si se ha detenido la respiraci\u00f3n, asista la ventilaci\u00f3n con un elemento mec\u00e1nico o use resucitaci\u00f3n boca a boca. - CONTACTO CON LA PIEL: Lave las \u00e1reas de contacto con agua y jab\u00f3n. Si el producto se inyecta dentro o debajo de la piel, o en cualquier parte del cuerpo, independientemente de la apariencia del \u00e1rea lastimada o su tama\u00f1o, el individuo debe ser evaluado inmediatamente por un m\u00e9dico como una emergencia quir\u00fargica. A\u00fan cuando los s\u00edntomas iniciales de la inyecci\u00f3n a alta presi\u00f3n sean m\u00ednimos o ausentes, el tratamiento quir\u00fargico dentro de las primeras horas puede reducir en \u00faltimas el grado de lesi\u00f3n en forma significativa. - CONTACTO CON EL OJO: Enjuague completamente con agua. Si se presenta irritaci\u00f3n, obtenga asistencia m\u00e9dica. - INGESTI\u00d3N: Normalmente no se requieren primeros auxilios. Si ocurre alg\u00fan malestar busque atenci\u00f3n m\u00e9dica. - LOS S\u00cdNTOMAS Y EFECTOS AGUDOS Y RETARDADOS MAS IMPORTANTES: Necrosis local evidenciada por la aparici\u00f3n retardada de dolor y da\u00f1os en los tejidos unas pocas horas despu\u00e9s de la inyecci\u00f3n. Para medidas de protecci\u00f3n personal al personal que brinda los primeros auxilios, por favor vea la Secci\u00f3n 8 Para una descripci\u00f3n de los efectos agudos y retardados previstos, por favor vea la Secci\u00f3n 2.", "start_char_idx": null, "end_char_idx": null, "text_template": "{metadata_str}\n\n{content}", "metadata_template": "{key}: {value}", "metadata_seperator": "\n", "class_name": "TextNode"}, "__type__": "1"}, "a335a715-13c0-4662-9e17-fbd3353da8de": {"__data__": {"id_": "a335a715-13c0-4662-9e17-fbd3353da8de", "embedding": null, "metadata": {"document_title": "HOJA DE DATOS DE SEGURIDAD", "metadata_product": "MOBIL SHC GEAR 680", "metadata_description": "Bases y aditivos sint\u00e9ticos", "metadata_recommended_use": "Aceite para engranajes", "metadata_section": "SECCI\u00d3N 5 MEDIDAS PARA LUCHA CONTRA INCENDIOS"}, "excluded_embed_metadata_keys": [], "excluded_llm_metadata_keys": [], "relationships": {"1": {"node_id": "518e17e8-a591-44bf-896e-bed71cae4086", "node_type": "4", "metadata": {"document_title": "HOJA DE DATOS DE SEGURIDAD", "metadata_product": "MOBIL SHC GEAR 680", "metadata_description": "Bases y aditivos sint\u00e9ticos", "metadata_recommended_use": "Aceite para engranajes", "metadata_section": "SECCI\u00d3N 5 MEDIDAS PARA LUCHA CONTRA INCENDIOS"}, "hash": "469192a98155301978e5810649c70d49f96fd6f9b2775c0ab6832779b4ce0a79", "class_name": "RelatedNodeInfo"}, "2": {"node_id": "b9ad608d-bd3f-4936-b215-a3b197f903b2", "node_type": "1", "metadata": {"document_title": "HOJA DE DATOS DE SEGURIDAD", "metadata_product": "MOBIL SHC GEAR 680", "metadata_description": "Bases y aditivos sint\u00e9ticos", "metadata_recommended_use": "Aceite para engranajes", "metadata_section": "SECCI\u00d3N 4 PRIMEROS AUXILIOS"}, "hash": "8df928bacc51228e2100328b60463de6bf9ac315c9039249e904ad6508de0320", "class_name": "RelatedNodeInfo"}, "3": {"node_id": "40e829db-b500-450b-8df8-ffbce92b7838", "node_type": "1", "metadata": {"document_title": "HOJA DE DATOS DE SEGURIDAD", "metadata_product": "MOBIL SHC GEAR 680", "metadata_description": "Bases y aditivos sint\u00e9ticos", "metadata_recommended_use": "Aceite para engranajes", "metadata_section": "SECCI\u00d3N 6 MEDIDAS QUE SE DEBEN TOMAR EN CASO DE DERRAME  ACCIDENTAL"}, "hash": "39aa2d4548da48723d9ad271db1ad3cd85e4f24dbbf92f8898a43c31ed02e7d8", "class_name": "RelatedNodeInfo"}}, "hash": "469192a98155301978e5810649c70d49f96fd6f9b2775c0ab6832779b4ce0a79", "text": "- MEDIO DE EXTINCION: Medio de extinci\u00f3n adecuado: Use niebla de agua, espuma, qu\u00edmico seco o di\u00f3xido de carb\u00f3n (CO2) para  extinguir las lamas. - Medio de extinci\u00f3n inadecuado: Corrientes directas de agua. - CONTRA INCENDIOS: Instrucciones contra incendios: Evacue el \u00e1rea. Prevenga que el producto fluya fuera del \u00e1rea controlada por incendio o la diluci\u00f3n hacia fuentes de entrada, alcantarillados o suministro de agua potable. Los bomberos deben utilizar equipo de protecci\u00f3n est\u00e1ndar y en espacios cerrados, equipo de respiraci\u00f3n aut\u00f3nomo (SCBA). Utilice agua en roc\u00edo para enfriar las superficies expuestas al fuego y para proteger al personal. Productos de combusti\u00f3n peligrosos: Aldeh\u00eddos, Productos de combusti\u00f3n incompleta, \u00d3xidos de carb\u00f3n, Humo, \u00d3xidos de azufre. La exposici\u00f3n a los productos de combusti\u00f3n puede generar efectos t\u00f3xicos adversos y/o irritaci\u00f3n. - PROPIEDADES INFLAMABLES  Punto de inflamaci\u00f3n [M\u00e9todo]: >210\u00b0C (410\u00b0F) [ASTM D-92]. L\u00edmites de inflamabilidad (% aproximado de volumen en el aire): LIE: 0.9 LSE: 7.0. Temperatura de auto inflamaci\u00f3n: N/D.", "start_char_idx": null, "end_char_idx": null, "text_template": "{metadata_str}\n\n{content}", "metadata_template": "{key}: {value}", "metadata_seperator": "\n", "class_name": "TextNode"}, "__type__": "1"}, "40e829db-b500-450b-8df8-ffbce92b7838": {"__data__": {"id_": "40e829db-b500-450b-8df8-ffbce92b7838", "embedding": null, "metadata": {"document_title": "HOJA DE DATOS DE SEGURIDAD", "metadata_product": "MOBIL SHC GEAR 680", "metadata_description": "Bases y aditivos sint\u00e9ticos", "metadata_recommended_use": "Aceite para engranajes", "metadata_section": "SECCI\u00d3N 6 MEDIDAS QUE SE DEBEN TOMAR EN CASO DE DERRAME  ACCIDENTAL"}, "excluded_embed_metadata_keys": [], "excluded_llm_metadata_keys": [], "relationships": {"1": {"node_id": "ef2597d3-3644-4882-9eaf-c5a960f9c263", "node_type": "4", "metadata": {"document_title": "HOJA DE DATOS DE SEGURIDAD", "metadata_product": "MOBIL SHC GEAR 680", "metadata_description": "Bases y aditivos sint\u00e9ticos", "metadata_recommended_use": "Aceite para engranajes", "metadata_section": "SECCI\u00d3N 6 MEDIDAS QUE SE DEBEN TOMAR EN CASO DE DERRAME  ACCIDENTAL"}, "hash": "ff68992679ff2d6da178bb609181555fb346f57bf47b50235c3214188940cfe2", "class_name": "RelatedNodeInfo"}, "2": {"node_id": "a335a715-13c0-4662-9e17-fbd3353da8de", "node_type": "1", "metadata": {"document_title": "HOJA DE DATOS DE SEGURIDAD", "metadata_product": "MOBIL SHC GEAR 680", "metadata_description": "Bases y aditivos sint\u00e9ticos", "metadata_recommended_use": "Aceite para engranajes", "metadata_section": "SECCI\u00d3N 5 MEDIDAS PARA LUCHA CONTRA INCENDIOS"}, "hash": "469192a98155301978e5810649c70d49f96fd6f9b2775c0ab6832779b4ce0a79", "class_name": "RelatedNodeInfo"}, "3": {"node_id": "01081d2f-02f8-42d7-b1bd-ae15439bfd60", "node_type": "1", "metadata": {"document_title": "HOJA DE DATOS DE SEGURIDAD", "metadata_product": "MOBIL SHC GEAR 680", "metadata_description": "Bases y aditivos sint\u00e9ticos", "metadata_recommended_use": "Aceite para engranajes", "metadata_section": "SECCI\u00d3N 7: MANIPULACI\u00d3N Y ALMACENAMIENTO"}, "hash": "14b35aad4f26c985bcc9c8ad4429212f6564a269e16131e08727f0793112bb20", "class_name": "RelatedNodeInfo"}}, "hash": "39aa2d4548da48723d9ad271db1ad3cd85e4f24dbbf92f8898a43c31ed02e7d8", "text": "- PROCEDIMIENTOS DE NOTIFICACI\u00d3N: En el caso de un derrame o emisi\u00f3n accidental, notifique a las autoridades pertinentes de acuerdo con todos los reglamentos aplicables. - MEDIDAS DE PROTECCI\u00d3N: Evite el contacto con el material derramado. Consulte la Secci\u00f3n 5 sobre informaci\u00f3n contra incendios. Consulte la Secci\u00f3n sobre Identificaci\u00f3n de Peligros para peligros significativos. Consulte la Secci\u00f3n 4 para recomendaciones sobre primeros auxilios. Consulte la Secci\u00f3n 8 sobre los m\u00ednimos requisitos para el equipo de Protecci\u00f3n Personal. Medidas de protecci\u00f3n adicional pueden ser necesarias dependiendo de las circunstancias espec\u00edficas y/o del an\u00e1lisis experto del personal que atiende la emergencia. - MANEJO DE DERRAMES: Derrame en tierra: Si puede hacerlo sin riesgo detenga la fuga. Recup\u00e9relo por bombeo o con un absorbente adecuado. Derrame en agua: Si puede hacerlo sin riesgo detenga la fuga. Confine el derrame inmediatamente usando barreras flotantes. Advierta a otras embarcaciones Remu\u00e9valo de la superficie por desnatado o usando absorbentes adecuados. Busque la asistencia de un especialista antes de usar dispersantes. Las recomendaciones para derrames en agua y en tierra se basan en el escenario m\u00e1s factible para este material; sin embargo, las condiciones geogr\u00e1ficas, el viento, la temperatura, (y en caso de derrames en agua) la direcci\u00f3n y velocidad de olas, pueden influenciar en forma importante la acci\u00f3n apropiada que deba tomarse. Por esta raz\u00f3n, se deben consultar los expertos locales. Nota: Las regulaciones locales pueden prescribir o limitar la acci\u00f3n a tomarse. - PRECAUCIONES MEDIO AMBIENTALES: Derrames grandes: Contenga mediante un dique localizado adelante y a gran distancia del derrame para su recuperaci\u00f3n y posterior eliminaci\u00f3n. Derrames grandes: Evite la entrada en corrientes de agua, alcantarillados, s\u00f3tanos o \u00e1reas confinadas. Para disposici\u00f3n final por favor ver la secci\u00f3n 13.", "start_char_idx": null, "end_char_idx": null, "text_template": "{metadata_str}\n\n{content}", "metadata_template": "{key}: {value}", "metadata_seperator": "\n", "class_name": "TextNode"}, "__type__": "1"}, "01081d2f-02f8-42d7-b1bd-ae15439bfd60": {"__data__": {"id_": "01081d2f-02f8-42d7-b1bd-ae15439bfd60", "embedding": null, "metadata": {"document_title": "HOJA DE DATOS DE SEGURIDAD", "metadata_product": "MOBIL SHC GEAR 680", "metadata_description": "Bases y aditivos sint\u00e9ticos", "metadata_recommended_use": "Aceite para engranajes", "metadata_section": "SECCI\u00d3N 7: MANIPULACI\u00d3N Y ALMACENAMIENTO"}, "excluded_embed_metadata_keys": [], "excluded_llm_metadata_keys": [], "relationships": {"1": {"node_id": "58120463-a0ac-4f89-a43e-ea4cf2c7a122", "node_type": "4", "metadata": {"document_title": "HOJA DE DATOS DE SEGURIDAD", "metadata_product": "MOBIL SHC GEAR 680", "metadata_description": "Bases y aditivos sint\u00e9ticos", "metadata_recommended_use": "Aceite para engranajes", "metadata_section": "SECCI\u00d3N 7: MANIPULACI\u00d3N Y ALMACENAMIENTO"}, "hash": "885c747f0d94870072767f921d2a3344076ee3da6c75ef53560af7d89cf1ee16", "class_name": "RelatedNodeInfo"}, "2": {"node_id": "40e829db-b500-450b-8df8-ffbce92b7838", "node_type": "1", "metadata": {"document_title": "HOJA DE DATOS DE SEGURIDAD", "metadata_product": "MOBIL SHC GEAR 680", "metadata_description": "Bases y aditivos sint\u00e9ticos", "metadata_recommended_use": "Aceite para engranajes", "metadata_section": "SECCI\u00d3N 6 MEDIDAS QUE SE DEBEN TOMAR EN CASO DE DERRAME  ACCIDENTAL"}, "hash": "39aa2d4548da48723d9ad271db1ad3cd85e4f24dbbf92f8898a43c31ed02e7d8", "class_name": "RelatedNodeInfo"}, "3": {"node_id": "e3f48727-517a-4a75-b7ab-4e0163102ab8", "node_type": "1", "metadata": {"document_title": "HOJA DE DATOS DE SEGURIDAD", "metadata_product": "MOBIL SHC GEAR 680", "metadata_description": "Bases y aditivos sint\u00e9ticos", "metadata_recommended_use": "Aceite para engranajes", "metadata_section": "SECCI\u00d3N 8: CONTROLES DE EXPOSICI\u00d3N / PROTECCI\u00d3N PERSONAL"}, "hash": "1801772f24844b14cf906bc138a3a919a48bda801fc209d0ea47f0258bb50246", "class_name": "RelatedNodeInfo"}}, "hash": "14b35aad4f26c985bcc9c8ad4429212f6564a269e16131e08727f0793112bb20", "text": "- MANIPULACI\u00d3N, MEDIDAS OPERACIONALES Y T\u00c9CNICAS APLICABLES: Evite peque\u00f1os derrames y fugas para evitar riesgos de resbalamiento. El material puede acumular cargas est\u00e1ticas que pueden causar una chispa el\u00e9ctrica (fuente de ignici\u00f3n). Cuando el material se maneja a granel, una chispa el\u00e9ctrica puede encender los vapores de l\u00edquidos inflamables o residuos que puedan estar presentes (por ejemplo, durante las operaciones de cambio de carga). Use procedimientos adecuados para amarre y conexi\u00f3n a tierra. Sin embargo, los amarres y las conexiones a tierra pueden no eliminar el peligro de la acumulaci\u00f3n de est\u00e1tica. Consulte las normas locales aplicables para orientaci\u00f3n. Referencias adicionales \nincluyen El Instituto Americano del Petr\u00f3leo 2003 (Protecci\u00f3n contra igniciones provenientes de Est\u00e1tica, Rayos y Corrientes Par\u00e1sitas) o National Fire Protection Agency 77 (pr\u00e1ctica recomendada en la electricidad est\u00e1tica) o CENELEC CLC / TR 50404 (Electrost\u00e1tica - C\u00f3digo de conducta para evitar los riesgos debidos a la electricidad est\u00e1tica). - Acumulador est\u00e1tico: Este material es un acumulador est\u00e1tico. - Otras medidas de precauci\u00f3n apropiadas: No es aplicable. - ALMACENAMIENTO: El tipo de contenedor usado para almacenar el material puede afectar la acumulaci\u00f3n y disipaci\u00f3n de est\u00e1tica.  No almacene en recipientes abiertos o sin identificar. Para medidas operacionales y controles de ingenier\u00eda por favor ver la Secci\u00f3n 8. Para Materiales incompatibles por favor vea la Secci\u00f3n 10", "start_char_idx": null, "end_char_idx": null, "text_template": "{metadata_str}\n\n{content}", "metadata_template": "{key}: {value}", "metadata_seperator": "\n", "class_name": "TextNode"}, "__type__": "1"}, "e3f48727-517a-4a75-b7ab-4e0163102ab8": {"__data__": {"id_": "e3f48727-517a-4a75-b7ab-4e0163102ab8", "embedding": null, "metadata": {"document_title": "HOJA DE DATOS DE SEGURIDAD", "metadata_product": "MOBIL SHC GEAR 680", "metadata_description": "Bases y aditivos sint\u00e9ticos", "metadata_recommended_use": "Aceite para engranajes", "metadata_section": "SECCI\u00d3N 8: CONTROLES DE EXPOSICI\u00d3N / PROTECCI\u00d3N PERSONAL"}, "excluded_embed_metadata_keys": [], "excluded_llm_metadata_keys": [], "relationships": {"1": {"node_id": "56bd75c6-68ae-4b03-8f65-4f873aa9f6bf", "node_type": "4", "metadata": {"document_title": "HOJA DE DATOS DE SEGURIDAD", "metadata_product": "MOBIL SHC GEAR 680", "metadata_description": "Bases y aditivos sint\u00e9ticos", "metadata_recommended_use": "Aceite para engranajes", "metadata_section": "SECCI\u00d3N 8: CONTROLES DE EXPOSICI\u00d3N / PROTECCI\u00d3N PERSONAL"}, "hash": "1801772f24844b14cf906bc138a3a919a48bda801fc209d0ea47f0258bb50246", "class_name": "RelatedNodeInfo"}, "2": {"node_id": "01081d2f-02f8-42d7-b1bd-ae15439bfd60", "node_type": "1", "metadata": {"document_title": "HOJA DE DATOS DE SEGURIDAD", "metadata_product": "MOBIL SHC GEAR 680", "metadata_description": "Bases y aditivos sint\u00e9ticos", "metadata_recommended_use": "Aceite para engranajes", "metadata_section": "SECCI\u00d3N 7: MANIPULACI\u00d3N Y ALMACENAMIENTO"}, "hash": "14b35aad4f26c985bcc9c8ad4429212f6564a269e16131e08727f0793112bb20", "class_name": "RelatedNodeInfo"}, "3": {"node_id": "b5f7068b-03ab-4d27-bee0-6a92b74db97d", "node_type": "1", "metadata": {"document_title": "HOJA DE DATOS DE SEGURIDAD", "metadata_product": "MOBIL SHC GEAR 680", "metadata_description": " Bases y aditivos sint\u00e9ticos", "metadata_recommended_use": "Usos Recomendados: Aceite para engranajes", "metadata_section": "SECCI\u00d3N 8: CONTROLES DE EXPOSICI\u00d3N / PROTECCI\u00d3N PERSONAL"}, "hash": "65f033f64964aa8da4b514eb3f3abca5e8ad929143908cab0cf7b4e0fd23bf4e", "class_name": "RelatedNodeInfo"}}, "hash": "1801772f24844b14cf906bc138a3a919a48bda801fc209d0ea47f0258bb50246", "text": "VALORES DE EXPOSICI\u00d3N L\u00cdMITE: L\u00edmites de exposici\u00f3n/est\u00e1ndares (Nota: Los l\u00edmites de exposici\u00f3n no son aditivos). - Nombre de la sustancia: DITRIDECIL ADIPATO. Forma: -. L\u00edmite: TWA. -Norma: 5 mg/m3. Nota: N/A. Fuente: ExxonMobil. - L\u00edmites y est\u00e1ndares de exposici\u00f3n para los materiales que pueden formarse durante el manejo de este producto: Cuando se pueda presentar niebla/aerosoles se recomienda lo siguiente: 5 mg/m\u00b3 - ACGIH TLV (fracci\u00f3n inhalable), 5 mg/m\u00b3 - OSHA PEL. NOTA: Los l\u00edmites y est\u00e1ndares se muestran \u00fanicamente como gu\u00eda. Siga las regulaciones aplicables. - CONTROLES DE INGENIERIA Y MEDIDAS OPERACIONALES APLICABLES: El nivel de protecci\u00f3n y los tipos de controles necesarios variar\u00e1n dependiendo del potencial de las condiciones de exposici\u00f3n. Medidas de control a considerar: Ning\u00fan requisito especial bajo condiciones normales de uso y con ventilaci\u00f3n adecuada. CONTROLES MEDIO AMBIENTALES: Cumplir con las reglamentaciones medioambientales limitando la eliminaci\u00f3n al aire, agua y suelo. Proteger el medio ambiente aplicando medidas de control apropiadas para prevenir o limitar las emisiones.", "start_char_idx": null, "end_char_idx": null, "text_template": "{metadata_str}\n\n{content}", "metadata_template": "{key}: {value}", "metadata_seperator": "\n", "class_name": "TextNode"}, "__type__": "1"}, "b5f7068b-03ab-4d27-bee0-6a92b74db97d": {"__data__": {"id_": "b5f7068b-03ab-4d27-bee0-6a92b74db97d", "embedding": null, "metadata": {"document_title": "HOJA DE DATOS DE SEGURIDAD", "metadata_product": "MOBIL SHC GEAR 680", "metadata_description": " Bases y aditivos sint\u00e9ticos", "metadata_recommended_use": "Usos Recomendados: Aceite para engranajes", "metadata_section": "SECCI\u00d3N 8: CONTROLES DE EXPOSICI\u00d3N / PROTECCI\u00d3N PERSONAL"}, "excluded_embed_metadata_keys": [], "excluded_llm_metadata_keys": [], "relationships": {"1": {"node_id": "f6dea5a3-8e5b-473d-9a27-e6925fd36636", "node_type": "4", "metadata": {"document_title": "HOJA DE DATOS DE SEGURIDAD", "metadata_product": "MOBIL SHC GEAR 680", "metadata_description": " Bases y aditivos sint\u00e9ticos", "metadata_recommended_use": "Usos Recomendados: Aceite para engranajes", "metadata_section": "SECCI\u00d3N 8: CONTROLES DE EXPOSICI\u00d3N / PROTECCI\u00d3N PERSONAL"}, "hash": "65f033f64964aa8da4b514eb3f3abca5e8ad929143908cab0cf7b4e0fd23bf4e", "class_name": "RelatedNodeInfo"}, "2": {"node_id": "e3f48727-517a-4a75-b7ab-4e0163102ab8", "node_type": "1", "metadata": {"document_title": "HOJA DE DATOS DE SEGURIDAD", "metadata_product": "MOBIL SHC GEAR 680", "metadata_description": "Bases y aditivos sint\u00e9ticos", "metadata_recommended_use": "Aceite para engranajes", "metadata_section": "SECCI\u00d3N 8: CONTROLES DE EXPOSICI\u00d3N / PROTECCI\u00d3N PERSONAL"}, "hash": "1801772f24844b14cf906bc138a3a919a48bda801fc209d0ea47f0258bb50246", "class_name": "RelatedNodeInfo"}, "3": {"node_id": "7330b781-49a1-40a2-9fbc-8c55d5dac053", "node_type": "1", "metadata": {"document_title": "HOJA DE DATOS DE SEGURIDAD", "metadata_product": "MOBIL SHC GEAR 680", "metadata_description": "Bases y aditivos sint\u00e9ticos", "metadata_recommended_use": "Aceite para engranajes", "metadata_section": "SECCI\u00d3N 8: CONTROLES DE EXPOSICI\u00d3N / PROTECCI\u00d3N PERSONAL"}, "hash": "ae06efdf4abd521e5e930dce032b7bde267a09ffe84633171eff0ea282ac4514", "class_name": "RelatedNodeInfo"}}, "hash": "65f033f64964aa8da4b514eb3f3abca5e8ad929143908cab0cf7b4e0fd23bf4e", "text": "- PROTECCI\u00d3N PERSONAL: Las selecciones del equipo de protecci\u00f3n personal var\u00edan dependiendo de las condiciones potenciales de exposici\u00f3n tales como aplicaciones, pr\u00e1cticas de manejo, concentraci\u00f3n y ventilaci\u00f3n. La informaci\u00f3n sobre la selecci\u00f3n del equipo de protecci\u00f3n a usarse con este material, como se indica mas abajo, se basa en el uso normal previsto. Protecci\u00f3n respiratoria: Si los controles de ingenier\u00eda no mantienen las concentraciones de contaminantes \nen el aire a niveles que sean adecuados para proteger la salud del trabajador, puede ser adecuado el uso de un respirador aprobado. Si aplica, la selecci\u00f3n, el uso y el mantenimiento del respirador debe cumplir con los requerimientos regulatorios. Los tipos de respiradores a ser considerados para este tipo de material incluyen: - Ning\u00fan requisito especial bajo condiciones normales de uso y con ventilaci\u00f3n adecuada. \nPara altas concentraciones en el aire, utilice un respirador con suministro de aire aprobado, operado en el modo de presi\u00f3n positiva. Los respiradores con suministro de aire con botella de escape pueden ser apropiados cuando los niveles de ox\u00edgeno son inadecuados, las propiedades de alerta de vapor / gas son \ndeficientes o si puede haberse excedido la capacidad o el \u00edndice del filtro purificador de aire.", "start_char_idx": null, "end_char_idx": null, "text_template": "{metadata_str}\n\n{content}", "metadata_template": "{key}: {value}", "metadata_seperator": "\n", "class_name": "TextNode"}, "__type__": "1"}, "7330b781-49a1-40a2-9fbc-8c55d5dac053": {"__data__": {"id_": "7330b781-49a1-40a2-9fbc-8c55d5dac053", "embedding": null, "metadata": {"document_title": "HOJA DE DATOS DE SEGURIDAD", "metadata_product": "MOBIL SHC GEAR 680", "metadata_description": "Bases y aditivos sint\u00e9ticos", "metadata_recommended_use": "Aceite para engranajes", "metadata_section": "SECCI\u00d3N 8: CONTROLES DE EXPOSICI\u00d3N / PROTECCI\u00d3N PERSONAL"}, "excluded_embed_metadata_keys": [], "excluded_llm_metadata_keys": [], "relationships": {"1": {"node_id": "4a4e88d4-eaa1-4b0a-8916-1bd511a6877c", "node_type": "4", "metadata": {"document_title": "HOJA DE DATOS DE SEGURIDAD", "metadata_product": "MOBIL SHC GEAR 680", "metadata_description": "Bases y aditivos sint\u00e9ticos", "metadata_recommended_use": "Aceite para engranajes", "metadata_section": "SECCI\u00d3N 8: CONTROLES DE EXPOSICI\u00d3N / PROTECCI\u00d3N PERSONAL"}, "hash": "ae06efdf4abd521e5e930dce032b7bde267a09ffe84633171eff0ea282ac4514", "class_name": "RelatedNodeInfo"}, "2": {"node_id": "b5f7068b-03ab-4d27-bee0-6a92b74db97d", "node_type": "1", "metadata": {"document_title": "HOJA DE DATOS DE SEGURIDAD", "metadata_product": "MOBIL SHC GEAR 680", "metadata_description": " Bases y aditivos sint\u00e9ticos", "metadata_recommended_use": "Usos Recomendados: Aceite para engranajes", "metadata_section": "SECCI\u00d3N 8: CONTROLES DE EXPOSICI\u00d3N / PROTECCI\u00d3N PERSONAL"}, "hash": "65f033f64964aa8da4b514eb3f3abca5e8ad929143908cab0cf7b4e0fd23bf4e", "class_name": "RelatedNodeInfo"}, "3": {"node_id": "b4ac5414-7274-4f56-8a55-b5534799cc48", "node_type": "1", "metadata": {"document_title": "HOJA DE DATOS DE SEGURIDAD", "metadata_product": "MOBIL SHC GEAR 680", "metadata_description": "Bases y aditivos sint\u00e9ticos", "metadata_recommended_use": "Aceite para engranajes", "metadata_section": "SECCI\u00d3N 10: ESTABILIDAD Y REACTIVIDAD"}, "hash": "6069ece58c9df5c21dcf5090c54bdf1967ad7d05a90ea1c08ac99f8683032375", "class_name": "RelatedNodeInfo"}}, "hash": "ae06efdf4abd521e5e930dce032b7bde267a09ffe84633171eff0ea282ac4514", "text": "- Protecci\u00f3n para las manos: Cualquier informaci\u00f3n espec\u00edfica proporcionada sobre los guantes est\u00e1 basada en literatura publicada y datos del fabricante. Las condiciones de trabajo pueden afectar considerablemente el estado y la durabilidad del guante. Contacte al fabricante del guante para informaci\u00f3n espec\u00edfica en selecci\u00f3n y durabilidad para sus condiciones de uso. Inspeccione y reemplace los guantes gastados o da\u00f1ados. Los tipos de guantes considerados para este material incluyen: Generalmente no se requiere protecci\u00f3n bajo condiciones normales de uso.\n- Protecci\u00f3n para los ojos: Si el contacto es probable, se recomiendan anteojos de seguridad con protecciones laterales.\n- Protecci\u00f3n de la piel y el cuerpo: Cualquier informaci\u00f3n proporcionada sobre prendas espec\u00edficas se basa en la literatura publicada o datos del fabricante. Los tipos de prendas a considerar para este material incluyen: Bajo condiciones normales de uso no se requiere generalmente protecci\u00f3n para la piel . De acuerdo \ncon las buenas pr\u00e1cticas de higiene industrial, se deben tomar precauciones para evitar el contacto.\n- Medidas de higiene espec\u00edficas: Observe siempre las buenas pr\u00e1cticas de higiene personal, como lavarse despu\u00e9s de manejar el material y antes de comer, beber y/o fumar. Rutinariamente lave la ropa de trabajo y el equipo de protecci\u00f3n para remover los contaminantes. Deseche la ropa y el calzado contaminados que no se puedan limpiar. Mantenga unas buenas pr\u00e1cticas de aseo.", "start_char_idx": null, "end_char_idx": null, "text_template": "{metadata_str}\n\n{content}", "metadata_template": "{key}: {value}", "metadata_seperator": "\n", "class_name": "TextNode"}, "__type__": "1"}, "b4ac5414-7274-4f56-8a55-b5534799cc48": {"__data__": {"id_": "b4ac5414-7274-4f56-8a55-b5534799cc48", "embedding": null, "metadata": {"document_title": "HOJA DE DATOS DE SEGURIDAD", "metadata_product": "MOBIL SHC GEAR 680", "metadata_description": "Bases y aditivos sint\u00e9ticos", "metadata_recommended_use": "Aceite para engranajes", "metadata_section": "SECCI\u00d3N 10: ESTABILIDAD Y REACTIVIDAD"}, "excluded_embed_metadata_keys": [], "excluded_llm_metadata_keys": [], "relationships": {"1": {"node_id": "6640bf18-df5b-4196-a25f-dc86322df278", "node_type": "4", "metadata": {"document_title": "HOJA DE DATOS DE SEGURIDAD", "metadata_product": "MOBIL SHC GEAR 680", "metadata_description": "Bases y aditivos sint\u00e9ticos", "metadata_recommended_use": "Aceite para engranajes", "metadata_section": "SECCI\u00d3N 10: ESTABILIDAD Y REACTIVIDAD"}, "hash": "6069ece58c9df5c21dcf5090c54bdf1967ad7d05a90ea1c08ac99f8683032375", "class_name": "RelatedNodeInfo"}, "2": {"node_id": "7330b781-49a1-40a2-9fbc-8c55d5dac053", "node_type": "1", "metadata": {"document_title": "HOJA DE DATOS DE SEGURIDAD", "metadata_product": "MOBIL SHC GEAR 680", "metadata_description": "Bases y aditivos sint\u00e9ticos", "metadata_recommended_use": "Aceite para engranajes", "metadata_section": "SECCI\u00d3N 8: CONTROLES DE EXPOSICI\u00d3N / PROTECCI\u00d3N PERSONAL"}, "hash": "ae06efdf4abd521e5e930dce032b7bde267a09ffe84633171eff0ea282ac4514", "class_name": "RelatedNodeInfo"}, "3": {"node_id": "dd6b8008-260b-4e2e-b662-d0628bde20ff", "node_type": "1", "metadata": {"document_title": "HOJA DE DATOS DE SEGURIDAD", "metadata_product": "MOBIL SHC GEAR 680", "metadata_description": "Bases y aditivos sint\u00e9ticos", "metadata_recommended_use": "Aceite para engranajes", "metadata_section": "SECCI\u00d3N 12: INFORMACI\u00d3N ECOL\u00d3GICA"}, "hash": "ccb41bd66282163e0ab194794530d31787f26ef28e883ef04dd30b11283dd3e3", "class_name": "RelatedNodeInfo"}}, "hash": "6069ece58c9df5c21dcf5090c54bdf1967ad7d05a90ea1c08ac99f8683032375", "text": "- REACTIVIDAD: Ver abajo sub-secciones. - ESTABILIDAD: Bajo condiciones normales, el material es estable. - CONDICIONES A EVITAR: Calor excesivo. Fuentes de ignici\u00f3n de alta energ\u00eda. - MATERIALES A EVITAR: Oxidantes fuertes. - PRODUCTOS DE DESCOMPOSICI\u00d3N PELIGROSOS: El material no se descompone a temperaturas ambiente. - POSIBILIDAD DE REACCIONES PELIGROSAS: No se producir\u00e1 polimerizaci\u00f3n peligrosa.", "start_char_idx": null, "end_char_idx": null, "text_template": "{metadata_str}\n\n{content}", "metadata_template": "{key}: {value}", "metadata_seperator": "\n", "class_name": "TextNode"}, "__type__": "1"}, "dd6b8008-260b-4e2e-b662-d0628bde20ff": {"__data__": {"id_": "dd6b8008-260b-4e2e-b662-d0628bde20ff", "embedding": null, "metadata": {"document_title": "HOJA DE DATOS DE SEGURIDAD", "metadata_product": "MOBIL SHC GEAR 680", "metadata_description": "Bases y aditivos sint\u00e9ticos", "metadata_recommended_use": "Aceite para engranajes", "metadata_section": "SECCI\u00d3N 12: INFORMACI\u00d3N ECOL\u00d3GICA"}, "excluded_embed_metadata_keys": [], "excluded_llm_metadata_keys": [], "relationships": {"1": {"node_id": "d498151f-731b-4306-bbaa-3d24daffd84b", "node_type": "4", "metadata": {"document_title": "HOJA DE DATOS DE SEGURIDAD", "metadata_product": "MOBIL SHC GEAR 680", "metadata_description": "Bases y aditivos sint\u00e9ticos", "metadata_recommended_use": "Aceite para engranajes", "metadata_section": "SECCI\u00d3N 12: INFORMACI\u00d3N ECOL\u00d3GICA"}, "hash": "ccb41bd66282163e0ab194794530d31787f26ef28e883ef04dd30b11283dd3e3", "class_name": "RelatedNodeInfo"}, "2": {"node_id": "b4ac5414-7274-4f56-8a55-b5534799cc48", "node_type": "1", "metadata": {"document_title": "HOJA DE DATOS DE SEGURIDAD", "metadata_product": "MOBIL SHC GEAR 680", "metadata_description": "Bases y aditivos sint\u00e9ticos", "metadata_recommended_use": "Aceite para engranajes", "metadata_section": "SECCI\u00d3N 10: ESTABILIDAD Y REACTIVIDAD"}, "hash": "6069ece58c9df5c21dcf5090c54bdf1967ad7d05a90ea1c08ac99f8683032375", "class_name": "RelatedNodeInfo"}}, "hash": "ccb41bd66282163e0ab194794530d31787f26ef28e883ef04dd30b11283dd3e3", "text": "La informaci\u00f3n suministrada se basa en datos disponibles para el material mismo, los componentes del material y  materiales similares mediante la aplicaci\u00f3n del principio de enlaces. - ECOTOXICIDAD: Material -- No se espera que sea nocivo para los organismos acu\u00e1ticos. - MOVILIDAD: Componente de base lubricante -- Baja solubilidad, flota y se espera que migre del agua a la tierra. Se espera que se reparta a sedimento y a s\u00f3lidos del agua residual. - PERSISTENCIA Y DEGRADABILIDAD No determinado. - POTENCIAL DE BIOACUMULACI\u00d3N No determinado. - DATOS ECOL\u00d3GICOS: Si este material o alguno similar ha sido objeto del test ecol\u00f3gico, los resultados de dicho test se incluir\u00e1n en una tabla abajo. Si no ha sido objeto del test, la informaci\u00f3n no est\u00e1 disponible.", "start_char_idx": null, "end_char_idx": null, "text_template": "{metadata_str}\n\n{content}", "metadata_template": "{key}: {value}", "metadata_seperator": "\n", "class_name": "TextNode"}, "__type__": "1"}}, "docstore/ref_doc_info": {"c1445e08-9423-40b9-aa38-d131337bc7f9": {"node_ids": ["df866fe8-83f3-4e85-ad9a-3038fefca1bf"], "metadata": {"document_title": "HOJA DE DATOS DE SEGURIDAD.", "metadata_product": "MOBIL SHC GEAR 680", "metadata_description": "Bases y aditivos sint\u00e9ticos", "metadata_recommended_use": "Aceite para engranajes", "metadata_section": "SECCI\u00d3N 1: IDENTIFICACI\u00d3N DEL PRODUCTO QU\u00cdMICO Y DE LA EMPRESA"}}, "1a3fa7d6-447b-45c3-acd2-f93ae6fc7adc": {"node_ids": ["563ef70f-7d89-4320-81c5-5c61fa7add41"], "metadata": {"document_title": "HOJA DE DATOS DE SEGURIDAD", "metadata_product": "MOBIL SHC GEAR 680", "metadata_description": "Bases y aditivos sint\u00e9ticos", "metadata_recommended_use": "Aceite para engranajes", "metadata_section": "SECCI\u00d3N 2: IDENTIFICACI\u00d3N DE LOS PELIGROS"}}, "95bb2c35-8e8c-4c2d-a1d8-66af2df41e5f": {"node_ids": ["6f223ffa-2259-483e-9d54-3d5b92a7d483"], "metadata": {"document_title": "HOJA DE DATOS DE SEGURIDAD", "metadata_product": "MOBIL SHC GEAR 680", "metadata_description": "Bases y aditivos sint\u00e9ticos", "metadata_recommended_use": "Aceite para engranajes", "metadata_section": "SECCI\u00d3N 3: COMPOSICI\u00d3N / INFORMACI\u00d3N DE LOS COMPONENTES"}}, "820afb37-98e9-4ef7-b691-48b0c01fdcb3": {"node_ids": ["b9ad608d-bd3f-4936-b215-a3b197f903b2"], "metadata": {"document_title": "HOJA DE DATOS DE SEGURIDAD", "metadata_product": "MOBIL SHC GEAR 680", "metadata_description": "Bases y aditivos sint\u00e9ticos", "metadata_recommended_use": "Aceite para engranajes", "metadata_section": "SECCI\u00d3N 4 PRIMEROS AUXILIOS"}}, "518e17e8-a591-44bf-896e-bed71cae4086": {"node_ids": ["a335a715-13c0-4662-9e17-fbd3353da8de"], "metadata": {"document_title": "HOJA DE DATOS DE SEGURIDAD", "metadata_product": "MOBIL SHC GEAR 680", "metadata_description": "Bases y aditivos sint\u00e9ticos", "metadata_recommended_use": "Aceite para engranajes", "metadata_section": "SECCI\u00d3N 5 MEDIDAS PARA LUCHA CONTRA INCENDIOS"}}, "ef2597d3-3644-4882-9eaf-c5a960f9c263": {"node_ids": ["40e829db-b500-450b-8df8-ffbce92b7838"], "metadata": {"document_title": "HOJA DE DATOS DE SEGURIDAD", "metadata_product": "MOBIL SHC GEAR 680", "metadata_description": "Bases y aditivos sint\u00e9ticos", "metadata_recommended_use": "Aceite para engranajes", "metadata_section": "SECCI\u00d3N 6 MEDIDAS QUE SE DEBEN TOMAR EN CASO DE DERRAME  ACCIDENTAL"}}, "58120463-a0ac-4f89-a43e-ea4cf2c7a122": {"node_ids": ["01081d2f-02f8-42d7-b1bd-ae15439bfd60"], "metadata": {"document_title": "HOJA DE DATOS DE SEGURIDAD", "metadata_product": "MOBIL SHC GEAR 680", "metadata_description": "Bases y aditivos sint\u00e9ticos", "metadata_recommended_use": "Aceite para engranajes", "metadata_section": "SECCI\u00d3N 7: MANIPULACI\u00d3N Y ALMACENAMIENTO"}}, "56bd75c6-68ae-4b03-8f65-4f873aa9f6bf": {"node_ids": ["e3f48727-517a-4a75-b7ab-4e0163102ab8"], "metadata": {"document_title": "HOJA DE DATOS DE SEGURIDAD", "metadata_product": "MOBIL SHC GEAR 680", "metadata_description": "Bases y aditivos sint\u00e9ticos", "metadata_recommended_use": "Aceite para engranajes", "metadata_section": "SECCI\u00d3N 8: CONTROLES DE EXPOSICI\u00d3N / PROTECCI\u00d3N PERSONAL"}}, "f6dea5a3-8e5b-473d-9a27-e6925fd36636": {"node_ids": ["b5f7068b-03ab-4d27-bee0-6a92b74db97d"], "metadata": {"document_title": "HOJA DE DATOS DE SEGURIDAD", "metadata_product": "MOBIL SHC GEAR 680", "metadata_description": " Bases y aditivos sint\u00e9ticos", "metadata_recommended_use": "Usos Recomendados: Aceite para engranajes", "metadata_section": "SECCI\u00d3N 8: CONTROLES DE EXPOSICI\u00d3N / PROTECCI\u00d3N PERSONAL"}}, "4a4e88d4-eaa1-4b0a-8916-1bd511a6877c": {"node_ids": ["7330b781-49a1-40a2-9fbc-8c55d5dac053"], "metadata": {"document_title": "HOJA DE DATOS DE SEGURIDAD", "metadata_product": "MOBIL SHC GEAR 680", "metadata_description": "Bases y aditivos sint\u00e9ticos", "metadata_recommended_use": "Aceite para engranajes", "metadata_section": "SECCI\u00d3N 8: CONTROLES DE EXPOSICI\u00d3N / PROTECCI\u00d3N PERSONAL"}}, "6640bf18-df5b-4196-a25f-dc86322df278": {"node_ids": ["b4ac5414-7274-4f56-8a55-b5534799cc48"], "metadata": {"document_title": "HOJA DE DATOS DE SEGURIDAD", "metadata_product": "MOBIL SHC GEAR 680", "metadata_description": "Bases y aditivos sint\u00e9ticos", "metadata_recommended_use": "Aceite para engranajes", "metadata_section": "SECCI\u00d3N 10: ESTABILIDAD Y REACTIVIDAD"}}, "d498151f-731b-4306-bbaa-3d24daffd84b": {"node_ids": ["dd6b8008-260b-4e2e-b662-d0628bde20ff"], "metadata": {"document_title": "HOJA DE DATOS DE SEGURIDAD", "metadata_product": "MOBIL SHC GEAR 680", "metadata_description": "Bases y aditivos sint\u00e9ticos", "metadata_recommended_use": "Aceite para engranajes", "metadata_section": "SECCI\u00d3N 12: INFORMACI\u00d3N ECOL\u00d3GICA"}}}, "docstore/metadata": {"df866fe8-83f3-4e85-ad9a-3038fefca1bf": {"doc_hash": "814ec14ab5bb07e673aea2c9e86d0a985f1682e435eba7f1535802d797ee965f", "ref_doc_id": "c1445e08-9423-40b9-aa38-d131337bc7f9"}, "563ef70f-7d89-4320-81c5-5c61fa7add41": {"doc_hash": "f40f0021ead6cf86315d271f56513c0e6bffcbcae8da92ded923bab1d01a35da", "ref_doc_id": "1a3fa7d6-447b-45c3-acd2-f93ae6fc7adc"}, "6f223ffa-2259-483e-9d54-3d5b92a7d483": {"doc_hash": "80dcd11be9e8c6b7c6b45f61b3949dfcc8d31edfdfcf7b16ff6ecf7723f40e05", "ref_doc_id": "95bb2c35-8e8c-4c2d-a1d8-66af2df41e5f"}, "b9ad608d-bd3f-4936-b215-a3b197f903b2": {"doc_hash": "8df928bacc51228e2100328b60463de6bf9ac315c9039249e904ad6508de0320", "ref_doc_id": "820afb37-98e9-4ef7-b691-48b0c01fdcb3"}, "a335a715-13c0-4662-9e17-fbd3353da8de": {"doc_hash": "469192a98155301978e5810649c70d49f96fd6f9b2775c0ab6832779b4ce0a79", "ref_doc_id": "518e17e8-a591-44bf-896e-bed71cae4086"}, "40e829db-b500-450b-8df8-ffbce92b7838": {"doc_hash": "39aa2d4548da48723d9ad271db1ad3cd85e4f24dbbf92f8898a43c31ed02e7d8", "ref_doc_id": "ef2597d3-3644-4882-9eaf-c5a960f9c263"}, "01081d2f-02f8-42d7-b1bd-ae15439bfd60": {"doc_hash": "14b35aad4f26c985bcc9c8ad4429212f6564a269e16131e08727f0793112bb20", "ref_doc_id": "58120463-a0ac-4f89-a43e-ea4cf2c7a122"}, "e3f48727-517a-4a75-b7ab-4e0163102ab8": {"doc_hash": "1801772f24844b14cf906bc138a3a919a48bda801fc209d0ea47f0258bb50246", "ref_doc_id": "56bd75c6-68ae-4b03-8f65-4f873aa9f6bf"}, "b5f7068b-03ab-4d27-bee0-6a92b74db97d": {"doc_hash": "65f033f64964aa8da4b514eb3f3abca5e8ad929143908cab0cf7b4e0fd23bf4e", "ref_doc_id": "f6dea5a3-8e5b-473d-9a27-e6925fd36636"}, "7330b781-49a1-40a2-9fbc-8c55d5dac053": {"doc_hash": "ae06efdf4abd521e5e930dce032b7bde267a09ffe84633171eff0ea282ac4514", "ref_doc_id": "4a4e88d4-eaa1-4b0a-8916-1bd511a6877c"}, "b4ac5414-7274-4f56-8a55-b5534799cc48": {"doc_hash": "6069ece58c9df5c21dcf5090c54bdf1967ad7d05a90ea1c08ac99f8683032375", "ref_doc_id": "6640bf18-df5b-4196-a25f-dc86322df278"}, "dd6b8008-260b-4e2e-b662-d0628bde20ff": {"doc_hash": "ccb41bd66282163e0ab194794530d31787f26ef28e883ef04dd30b11283dd3e3", "ref_doc_id": "d498151f-731b-4306-bbaa-3d24daffd84b"}}}