{"docstore/data": {"8cd083a5-3834-4891-90ad-c0231a50c51a": {"__data__": {"id_": "8cd083a5-3834-4891-90ad-c0231a50c51a", "embedding": null, "metadata": {"document_title": "HOJA DE DATOS DE SEGURIDAD", "metadata_product": "VASILINA S\u00d3LIDA BLANCA", "metadata_description": "Aceite Mineral", "metadata_recommended_use": "", "metadata_section": "Seccion 1: IDENTIFICACI\u00d3N DEL PRODUCTO"}, "excluded_embed_metadata_keys": [], "excluded_llm_metadata_keys": [], "relationships": {"1": {"node_id": "1231df15-d924-4680-bb2f-275ae5f77c92", "node_type": "4", "metadata": {"document_title": "HOJA DE DATOS DE SEGURIDAD", "metadata_product": "VASILINA S\u00d3LIDA BLANCA", "metadata_description": "Aceite Mineral", "metadata_recommended_use": "", "metadata_section": "Seccion 1: IDENTIFICACI\u00d3N DEL PRODUCTO"}, "hash": "e69da55afb763098c4151d357caa96037de931573f0e85217f762a1bd5fe1988", "class_name": "RelatedNodeInfo"}, "3": {"node_id": "b2e5311c-3d21-4d73-a7aa-9b32ec03d6b6", "node_type": "1", "metadata": {"document_title": "HOJA DE DATOS DE SEGURIDAD", "metadata_product": "VASILINA S\u00d3LIDA BLANCA", "metadata_description": "Aceite Mineral", "metadata_recommended_use": "", "metadata_section": "Seccion 2: IDENTIFICACI\u00d3N DE LOS PELIGROS"}, "hash": "dd4d726a5f080f8c01f6a5a5e0e8847f786a71326ebd1983b5cad89ac1c09a04", "class_name": "RelatedNodeInfo"}}, "hash": "e69da55afb763098c4151d357caa96037de931573f0e85217f762a1bd5fe1988", "text": "Nombre del producto;VASILINA S\u00d3LIDA BLANCA\nNombre Qu\u00edmico (IUPAC);Aceite Mineral\nF\u00f3rmula Qu\u00edmica;Mezcla compleja de hidrocarburos\nUso recomendado;Proveedor\nProveedor;Droguer\u00eda Michelson S.A.\nDirecci\u00f3n Proveedor;Antonio Secchi 037, \u00d1u\u00f1oa, Santiago\nTel\u00e9fono Proveedor;225566098\nTel\u00e9fonos Emergencia;Ambulancia 131\n;Bomberos 132\n;Carabineros 133\nInformaci\u00f3n Toxicol\u00f3gica;226353800\nDirecci\u00f3n electr\u00f3nica Proveedor;www.drogueriamichelson.cl\n;drogueria.direcciontecnica@gmail.com", "start_char_idx": null, "end_char_idx": null, "text_template": "{metadata_str}\n\n{content}", "metadata_template": "{key}: {value}", "metadata_seperator": "\n", "class_name": "TextNode"}, "__type__": "1"}, "b2e5311c-3d21-4d73-a7aa-9b32ec03d6b6": {"__data__": {"id_": "b2e5311c-3d21-4d73-a7aa-9b32ec03d6b6", "embedding": null, "metadata": {"document_title": "HOJA DE DATOS DE SEGURIDAD", "metadata_product": "VASILINA S\u00d3LIDA BLANCA", "metadata_description": "Aceite Mineral", "metadata_recommended_use": "", "metadata_section": "Seccion 2: IDENTIFICACI\u00d3N DE LOS PELIGROS"}, "excluded_embed_metadata_keys": [], "excluded_llm_metadata_keys": [], "relationships": {"1": {"node_id": "c02bed46-9944-405a-b0f7-f66c216d3164", "node_type": "4", "metadata": {"document_title": "HOJA DE DATOS DE SEGURIDAD", "metadata_product": "VASILINA S\u00d3LIDA BLANCA", "metadata_description": "Aceite Mineral", "metadata_recommended_use": "", "metadata_section": "Seccion 2: IDENTIFICACI\u00d3N DE LOS PELIGROS"}, "hash": "dd4d726a5f080f8c01f6a5a5e0e8847f786a71326ebd1983b5cad89ac1c09a04", "class_name": "RelatedNodeInfo"}, "2": {"node_id": "8cd083a5-3834-4891-90ad-c0231a50c51a", "node_type": "1", "metadata": {"document_title": "HOJA DE DATOS DE SEGURIDAD", "metadata_product": "VASILINA S\u00d3LIDA BLANCA", "metadata_description": "Aceite Mineral", "metadata_recommended_use": "", "metadata_section": "Seccion 1: IDENTIFICACI\u00d3N DEL PRODUCTO"}, "hash": "e69da55afb763098c4151d357caa96037de931573f0e85217f762a1bd5fe1988", "class_name": "RelatedNodeInfo"}, "3": {"node_id": "1e69fbb2-22a3-4fba-82d9-c2c15f898e0a", "node_type": "1", "metadata": {"document_title": "HOJA DE DATOS DE SEGURIDAD", "metadata_product": "VASILINA S\u00d3LIDA BLANCA", "metadata_description": "Aceite Mineral", "metadata_recommended_use": "", "metadata_section": "Seccion 3: Composici\u00f3n/Informaci\u00f3n de los componentes"}, "hash": "b97af1746e82baa99e2f6f2d7659a1e8bfe683e6a48916b2662aae4e33462e41", "class_name": "RelatedNodeInfo"}}, "hash": "dd4d726a5f080f8c01f6a5a5e0e8847f786a71326ebd1983b5cad89ac1c09a04", "text": "Clasificaci\u00f3n seg\u00fan NCh 382;Producto No peligroso\nDistintivo seg\u00fan NCh 2190;Producto No peligroso\nRiesgos para la salud de las personas:\nEfectos de un sobre-exposici\u00f3n agudo (por una vez); Este material no se considera peligroso bajo condiciones normales de uso\nInhalaci\u00f3n: Este producto tiene una baja presi\u00f3n de vapor y no se anticipa que presente un peligro de inhalaci\u00f3n en condiciones ambiente.\nContacto con la piel: No se espera que sea irritante bajo condiciones normales de uso. No se han informado efectos da\u00f1inos por absorci\u00f3n en la piel.\nContacto con los ojos: Este producto no tiene un efecto irritante.\nIngesti\u00f3n: No debe ingerirse. Este producto es no-toxico por ingesti\u00f3n.\nEfectos de un sobre-exposici\u00f3n cr\u00f3nico (largo plazo): El petrolato o vaselina es una cera micro cristalina con un contenido definido en aceite mineral. Ceras micro cristalinas consisten principalmente en iso y ciclo-parafinas con anillos hidrocarburos arom\u00e1ticos alquilados. Los petrolatos no son t\u00f3xicos y algunos han sido aprobados para su uso en la preparaci\u00f3n de alimentos y medicamentos. La exposici\u00f3n a petrolatos en una dosis alta o en dosis m\u00e1s bajas pero repetidas por inhalaci\u00f3n, aspiraci\u00f3n o ingesti\u00f3n que resulten en aspiraci\u00f3n, puede causar pulmon\u00eda l\u00edpido o granuloma l\u00edpido en los pulmones. Estas reacciones son leves, cr\u00f3nicas y localizadas en los tejidos. Dificultad en respirar y tos son los s\u00edntomas m\u00e1s comunes.\nCondiciones m\u00e9dicas que se ver\u00e1n agravadas con la exposici\u00f3n del producto: No hay informaci\u00f3n disponible.\nRiesgos para el medio ambiente: No hay informaci\u00f3n disponible\nRiesgos especiales de la sustancia: No hay informaci\u00f3n disponible", "start_char_idx": null, "end_char_idx": null, "text_template": "{metadata_str}\n\n{content}", "metadata_template": "{key}: {value}", "metadata_seperator": "\n", "class_name": "TextNode"}, "__type__": "1"}, "1e69fbb2-22a3-4fba-82d9-c2c15f898e0a": {"__data__": {"id_": "1e69fbb2-22a3-4fba-82d9-c2c15f898e0a", "embedding": null, "metadata": {"document_title": "HOJA DE DATOS DE SEGURIDAD", "metadata_product": "VASILINA S\u00d3LIDA BLANCA", "metadata_description": "Aceite Mineral", "metadata_recommended_use": "", "metadata_section": "Seccion 3: Composici\u00f3n/Informaci\u00f3n de los componentes"}, "excluded_embed_metadata_keys": [], "excluded_llm_metadata_keys": [], "relationships": {"1": {"node_id": "3a9fc8f1-0a52-4e05-8ffe-dccbd45b0d08", "node_type": "4", "metadata": {"document_title": "HOJA DE DATOS DE SEGURIDAD", "metadata_product": "VASILINA S\u00d3LIDA BLANCA", "metadata_description": "Aceite Mineral", "metadata_recommended_use": "", "metadata_section": "Seccion 3: Composici\u00f3n/Informaci\u00f3n de los componentes"}, "hash": "b97af1746e82baa99e2f6f2d7659a1e8bfe683e6a48916b2662aae4e33462e41", "class_name": "RelatedNodeInfo"}, "2": {"node_id": "b2e5311c-3d21-4d73-a7aa-9b32ec03d6b6", "node_type": "1", "metadata": {"document_title": "HOJA DE DATOS DE SEGURIDAD", "metadata_product": "VASILINA S\u00d3LIDA BLANCA", "metadata_description": "Aceite Mineral", "metadata_recommended_use": "", "metadata_section": "Seccion 2: IDENTIFICACI\u00d3N DE LOS PELIGROS"}, "hash": "dd4d726a5f080f8c01f6a5a5e0e8847f786a71326ebd1983b5cad89ac1c09a04", "class_name": "RelatedNodeInfo"}, "3": {"node_id": "aaf70418-f0ec-40c2-8126-eab97c9ed31a", "node_type": "1", "metadata": {"document_title": "HOJA DE DATOS DE SEGURIDAD", "metadata_product": "VASILINA S\u00d3LIDA BLANCA", "metadata_description": "Aceite Mineral", "metadata_recommended_use": "", "metadata_section": "Seccion 4: PRIMEROS AUXILIOS"}, "hash": "8ce456675b3b9fa995a839df99c71fcc46c4ab4379bfbf279492e1207e53a22e", "class_name": "RelatedNodeInfo"}}, "hash": "b97af1746e82baa99e2f6f2d7659a1e8bfe683e6a48916b2662aae4e33462e41", "text": "Nombre Qu\u00edmico (IUPAC): Aceite Mineral\nF\u00f3rmula Qu\u00edmica: Mezcla compleja de hidrocarburos\nN\u00ba CAS: 8009-03-8\nN\u00ba NU: No aplica\nComponentes que contribuyen: Este producto no est\u00e1 clasificado como sustancia No Peligrosa al riesgo.", "start_char_idx": null, "end_char_idx": null, "text_template": "{metadata_str}\n\n{content}", "metadata_template": "{key}: {value}", "metadata_seperator": "\n", "class_name": "TextNode"}, "__type__": "1"}, "aaf70418-f0ec-40c2-8126-eab97c9ed31a": {"__data__": {"id_": "aaf70418-f0ec-40c2-8126-eab97c9ed31a", "embedding": null, "metadata": {"document_title": "HOJA DE DATOS DE SEGURIDAD", "metadata_product": "VASILINA S\u00d3LIDA BLANCA", "metadata_description": "Aceite Mineral", "metadata_recommended_use": "", "metadata_section": "Seccion 4: PRIMEROS AUXILIOS"}, "excluded_embed_metadata_keys": [], "excluded_llm_metadata_keys": [], "relationships": {"1": {"node_id": "21f8037a-9b12-47ab-99e4-c2fb6b01bd91", "node_type": "4", "metadata": {"document_title": "HOJA DE DATOS DE SEGURIDAD", "metadata_product": "VASILINA S\u00d3LIDA BLANCA", "metadata_description": "Aceite Mineral", "metadata_recommended_use": "", "metadata_section": "Seccion 4: PRIMEROS AUXILIOS"}, "hash": "8ce456675b3b9fa995a839df99c71fcc46c4ab4379bfbf279492e1207e53a22e", "class_name": "RelatedNodeInfo"}, "2": {"node_id": "1e69fbb2-22a3-4fba-82d9-c2c15f898e0a", "node_type": "1", "metadata": {"document_title": "HOJA DE DATOS DE SEGURIDAD", "metadata_product": "VASILINA S\u00d3LIDA BLANCA", "metadata_description": "Aceite Mineral", "metadata_recommended_use": "", "metadata_section": "Seccion 3: Composici\u00f3n/Informaci\u00f3n de los componentes"}, "hash": "b97af1746e82baa99e2f6f2d7659a1e8bfe683e6a48916b2662aae4e33462e41", "class_name": "RelatedNodeInfo"}, "3": {"node_id": "ae697649-e133-48d3-8f66-aa786507a288", "node_type": "1", "metadata": {"document_title": "HOJA DE DATOS DE SEGURIDAD", "metadata_product": "VASILINA S\u00d3LIDA BLANCA", "metadata_description": "Aceite Mineral", "metadata_recommended_use": "", "metadata_section": "Seccion 5: MEDIDAS PARA LUCHAR CONTRA EL FUEGO"}, "hash": "1e83dc7f4806282c05043fd17bcbfde2b16c357dd38d3efbc77a8b25f5fc2dd3", "class_name": "RelatedNodeInfo"}}, "hash": "8ce456675b3b9fa995a839df99c71fcc46c4ab4379bfbf279492e1207e53a22e", "text": "En caso de contacto accidental con el producto, proceder de acuerdo con: Inhalaci\u00f3n: Este material tiene una baja presi\u00f3n de vapor y no se anticipa que presente un peligro por inhalaci\u00f3n bajo condiciones ambiente. Si se genera vapor o neblina cuando el material se calienta o maneja a alta temperatura, llevar a la v\u00edctima al aire fresco, si existen problemas de respirar, llevar inmediatamente a un centro asistencial. Contacto con la piel: Qu\u00edtarse la ropa contaminada, lavar el \u00e1rea expuesta minuciosamente con agua y jab\u00f3n, si el material est\u00e1 caliente, sumergir la zona lesionada en agua fr\u00eda. Si la v\u00edctima ha sufrido quemaduras severas, llevarla inmediatamente a un centro asistencial. Contacto con los ojos: Si la exposici\u00f3n a los humos de material fundido desarrolla irritaci\u00f3n u ojos rojos, retire al afectado hacia un sitio con aire fresco. Enju\u00e1g\u00fce con agua limpia. Ingesti\u00f3n: No inducir al vomito. Colocar a la v\u00edctima con la cabeza entre las piernas, para evitar en el caso de v\u00f3mitos espont\u00e1neos que se produzca una aspiraci\u00f3n. Nota para el m\u00e9dico tratante: No hay informaci\u00f3n disponible.", "start_char_idx": null, "end_char_idx": null, "text_template": "{metadata_str}\n\n{content}", "metadata_template": "{key}: {value}", "metadata_seperator": "\n", "class_name": "TextNode"}, "__type__": "1"}, "ae697649-e133-48d3-8f66-aa786507a288": {"__data__": {"id_": "ae697649-e133-48d3-8f66-aa786507a288", "embedding": null, "metadata": {"document_title": "HOJA DE DATOS DE SEGURIDAD", "metadata_product": "VASILINA S\u00d3LIDA BLANCA", "metadata_description": "Aceite Mineral", "metadata_recommended_use": "", "metadata_section": "Seccion 5: MEDIDAS PARA LUCHAR CONTRA EL FUEGO"}, "excluded_embed_metadata_keys": [], "excluded_llm_metadata_keys": [], "relationships": {"1": {"node_id": "99122420-de22-4f17-82d7-cedbc059abda", "node_type": "4", "metadata": {"document_title": "HOJA DE DATOS DE SEGURIDAD", "metadata_product": "VASILINA S\u00d3LIDA BLANCA", "metadata_description": "Aceite Mineral", "metadata_recommended_use": "", "metadata_section": "Seccion 5: MEDIDAS PARA LUCHAR CONTRA EL FUEGO"}, "hash": "1e83dc7f4806282c05043fd17bcbfde2b16c357dd38d3efbc77a8b25f5fc2dd3", "class_name": "RelatedNodeInfo"}, "2": {"node_id": "aaf70418-f0ec-40c2-8126-eab97c9ed31a", "node_type": "1", "metadata": {"document_title": "HOJA DE DATOS DE SEGURIDAD", "metadata_product": "VASILINA S\u00d3LIDA BLANCA", "metadata_description": "Aceite Mineral", "metadata_recommended_use": "", "metadata_section": "Seccion 4: PRIMEROS AUXILIOS"}, "hash": "8ce456675b3b9fa995a839df99c71fcc46c4ab4379bfbf279492e1207e53a22e", "class_name": "RelatedNodeInfo"}, "3": {"node_id": "39ac7e38-4601-4f92-a136-b1cc0e14a9c5", "node_type": "1", "metadata": {"document_title": "HOJA DE DATOS DE SEGURIDAD", "metadata_product": "VASILINA S\u00d3LIDA BLANCA", "metadata_description": "Aceite Mineral", "metadata_recommended_use": "", "metadata_section": "Seccion 6: MEDIDAS PARA CONTROLAR DERRAMES O FUGAS"}, "hash": "6c993a63bbe74b2992c0b26f0f04e87c221e8003f637df14de0c793244ae2487", "class_name": "RelatedNodeInfo"}}, "hash": "1e83dc7f4806282c05043fd17bcbfde2b16c357dd38d3efbc77a8b25f5fc2dd3", "text": "Agentes de extinci\u00f3n: Polvo Qu\u00edmico seco, Espuma o CO2. Procedimientos especiales para combatir el fuego: El agua puede resultar ineficaz, pero puede usarse para enfriar recipientes expuestos al calor o llama. Se debe tener cuidado al usar agua o espuma, ya que puede ocurrir espumaci\u00f3n, particularmente si se roc\u00eda dentro de recipientes que contengan l\u00edquido caliente en combusti\u00f3n. Equipos de protecci\u00f3n personal para el combate del fuego: Ropa de goma, y equipo de respiraci\u00f3n aut\u00f3noma.", "start_char_idx": null, "end_char_idx": null, "text_template": "{metadata_str}\n\n{content}", "metadata_template": "{key}: {value}", "metadata_seperator": "\n", "class_name": "TextNode"}, "__type__": "1"}, "39ac7e38-4601-4f92-a136-b1cc0e14a9c5": {"__data__": {"id_": "39ac7e38-4601-4f92-a136-b1cc0e14a9c5", "embedding": null, "metadata": {"document_title": "HOJA DE DATOS DE SEGURIDAD", "metadata_product": "VASILINA S\u00d3LIDA BLANCA", "metadata_description": "Aceite Mineral", "metadata_recommended_use": "", "metadata_section": "Seccion 6: MEDIDAS PARA CONTROLAR DERRAMES O FUGAS"}, "excluded_embed_metadata_keys": [], "excluded_llm_metadata_keys": [], "relationships": {"1": {"node_id": "1c1a42ff-0fb3-4033-8f7c-4b97ee12c881", "node_type": "4", "metadata": {"document_title": "HOJA DE DATOS DE SEGURIDAD", "metadata_product": "VASILINA S\u00d3LIDA BLANCA", "metadata_description": "Aceite Mineral", "metadata_recommended_use": "", "metadata_section": "Seccion 6: MEDIDAS PARA CONTROLAR DERRAMES O FUGAS"}, "hash": "6c993a63bbe74b2992c0b26f0f04e87c221e8003f637df14de0c793244ae2487", "class_name": "RelatedNodeInfo"}, "2": {"node_id": "ae697649-e133-48d3-8f66-aa786507a288", "node_type": "1", "metadata": {"document_title": "HOJA DE DATOS DE SEGURIDAD", "metadata_product": "VASILINA S\u00d3LIDA BLANCA", "metadata_description": "Aceite Mineral", "metadata_recommended_use": "", "metadata_section": "Seccion 5: MEDIDAS PARA LUCHAR CONTRA EL FUEGO"}, "hash": "1e83dc7f4806282c05043fd17bcbfde2b16c357dd38d3efbc77a8b25f5fc2dd3", "class_name": "RelatedNodeInfo"}, "3": {"node_id": "c7c11004-4ec1-40d9-8fba-9d9ee4ad3d5b", "node_type": "1", "metadata": {"document_title": "HOJA DE DATOS DE SEGURIDAD", "metadata_product": "VASILINA S\u00d3LIDA BLANCA", "metadata_description": "Aceite Mineral", "metadata_recommended_use": "", "metadata_section": "Seccion 7: MANIPULACI\u00d3N Y ALMACENAMIENTO"}, "hash": "306dea939cf00f31a35af6cced843c0c59c402b97cb02453f3b4f2f8cf40950f", "class_name": "RelatedNodeInfo"}}, "hash": "6c993a63bbe74b2992c0b26f0f04e87c221e8003f637df14de0c793244ae2487", "text": "Medidas de emergencia a tomar si hay derrame de material: Tratar de contener si es posible, alejar o apagar todas las fuentes de ignici\u00f3n. Equipos de protecci\u00f3n personal para atacar la emergencia: Lentes de seguridad y ropa impermeable. Precauciones a tomar para evitar da\u00f1os al ambiente: Evitar que el derrame llegue a las cloacas y v\u00edas fluviales, as\u00ed como a terrenos agr\u00edcolas. M\u00e9todos de limpieza: Cubrir con material absorbente de parte adecuado, tal como arena. Si es muy grande el derrame se puede recoger con bombas de vac\u00edo, baldes, u otros medios y colocarse en tambores u otros recipientes adecuados. M\u00e9todo de eliminaci\u00f3n de desechos: Inciner\u00e1ndolo en lugar autorizado para tal efecto, o bien deposit\u00e1ndolo en vertedero autorizado. De ser posible el reciclaje, privilegiar este camino.", "start_char_idx": null, "end_char_idx": null, "text_template": "{metadata_str}\n\n{content}", "metadata_template": "{key}: {value}", "metadata_seperator": "\n", "class_name": "TextNode"}, "__type__": "1"}, "c7c11004-4ec1-40d9-8fba-9d9ee4ad3d5b": {"__data__": {"id_": "c7c11004-4ec1-40d9-8fba-9d9ee4ad3d5b", "embedding": null, "metadata": {"document_title": "HOJA DE DATOS DE SEGURIDAD", "metadata_product": "VASILINA S\u00d3LIDA BLANCA", "metadata_description": "Aceite Mineral", "metadata_recommended_use": "", "metadata_section": "Seccion 7: MANIPULACI\u00d3N Y ALMACENAMIENTO"}, "excluded_embed_metadata_keys": [], "excluded_llm_metadata_keys": [], "relationships": {"1": {"node_id": "34bdd586-02fd-4bba-954d-f10b2d29b4c6", "node_type": "4", "metadata": {"document_title": "HOJA DE DATOS DE SEGURIDAD", "metadata_product": "VASILINA S\u00d3LIDA BLANCA", "metadata_description": "Aceite Mineral", "metadata_recommended_use": "", "metadata_section": "Seccion 7: MANIPULACI\u00d3N Y ALMACENAMIENTO"}, "hash": "306dea939cf00f31a35af6cced843c0c59c402b97cb02453f3b4f2f8cf40950f", "class_name": "RelatedNodeInfo"}, "2": {"node_id": "39ac7e38-4601-4f92-a136-b1cc0e14a9c5", "node_type": "1", "metadata": {"document_title": "HOJA DE DATOS DE SEGURIDAD", "metadata_product": "VASILINA S\u00d3LIDA BLANCA", "metadata_description": "Aceite Mineral", "metadata_recommended_use": "", "metadata_section": "Seccion 6: MEDIDAS PARA CONTROLAR DERRAMES O FUGAS"}, "hash": "6c993a63bbe74b2992c0b26f0f04e87c221e8003f637df14de0c793244ae2487", "class_name": "RelatedNodeInfo"}, "3": {"node_id": "258d4b3c-9657-46ba-8aea-933aaac9e914", "node_type": "1", "metadata": {"document_title": "HOJA DE DATOS DE SEGURIDAD", "metadata_product": "VASILINA S\u00d3LIDA BLANCA", "metadata_description": "Aceite Mineral", "metadata_recommended_use": "", "metadata_section": "Seccion 8: CONTROL DE EXPOSICI\u00d3N, PROTECCI\u00d3N AMBIENTAL"}, "hash": "b34f6d651959cb9e8f59016105cb9e2adcf083fc6d00abab01e003e1f09a2551", "class_name": "RelatedNodeInfo"}}, "hash": "306dea939cf00f31a35af6cced843c0c59c402b97cb02453f3b4f2f8cf40950f", "text": "Recomendaciones T\u00e9cnicas: No transferir a recipientes no rotulados adecuadamente. Precauciones a tomar: Alejar de fuentes de ignici\u00f3n y agentes oxidantes. Recomendaciones sobre manipulaci\u00f3n segura, espec\u00edfica: En lugares ventilados y lentes de seguridad. Condiciones de almacenamiento: Recipientes bien cerrados. Embalajes recomendados y no adecuados por el proveedor: Tambores de fierro, pintados interiormente con tapa de palanca.", "start_char_idx": null, "end_char_idx": null, "text_template": "{metadata_str}\n\n{content}", "metadata_template": "{key}: {value}", "metadata_seperator": "\n", "class_name": "TextNode"}, "__type__": "1"}, "258d4b3c-9657-46ba-8aea-933aaac9e914": {"__data__": {"id_": "258d4b3c-9657-46ba-8aea-933aaac9e914", "embedding": null, "metadata": {"document_title": "HOJA DE DATOS DE SEGURIDAD", "metadata_product": "VASILINA S\u00d3LIDA BLANCA", "metadata_description": "Aceite Mineral", "metadata_recommended_use": "", "metadata_section": "Seccion 8: CONTROL DE EXPOSICI\u00d3N, PROTECCI\u00d3N AMBIENTAL"}, "excluded_embed_metadata_keys": [], "excluded_llm_metadata_keys": [], "relationships": {"1": {"node_id": "58d8dd2f-291e-49b7-a60b-fb94fc16252a", "node_type": "4", "metadata": {"document_title": "HOJA DE DATOS DE SEGURIDAD", "metadata_product": "VASILINA S\u00d3LIDA BLANCA", "metadata_description": "Aceite Mineral", "metadata_recommended_use": "", "metadata_section": "Seccion 8: CONTROL DE EXPOSICI\u00d3N, PROTECCI\u00d3N AMBIENTAL"}, "hash": "b34f6d651959cb9e8f59016105cb9e2adcf083fc6d00abab01e003e1f09a2551", "class_name": "RelatedNodeInfo"}, "2": {"node_id": "c7c11004-4ec1-40d9-8fba-9d9ee4ad3d5b", "node_type": "1", "metadata": {"document_title": "HOJA DE DATOS DE SEGURIDAD", "metadata_product": "VASILINA S\u00d3LIDA BLANCA", "metadata_description": "Aceite Mineral", "metadata_recommended_use": "", "metadata_section": "Seccion 7: MANIPULACI\u00d3N Y ALMACENAMIENTO"}, "hash": "306dea939cf00f31a35af6cced843c0c59c402b97cb02453f3b4f2f8cf40950f", "class_name": "RelatedNodeInfo"}, "3": {"node_id": "d9eff0cf-fd30-4b08-a6d3-79cf6c01ea09", "node_type": "1", "metadata": {"document_title": "HOJA DE DATOS DE SEGURIDAD", "metadata_product": "VASILINA S\u00d3LIDA BLANCA", "metadata_description": "Aceite Mineral", "metadata_recommended_use": "", "metadata_section": "Seccion 9: PROPIEDADES F\u00cdSICAS Y QU\u00cdMICAS"}, "hash": "1bc9c324cb3fe4d3a1164bf48ce5eaaee85fc9f64c1c00aae81af95bd4e8ae1e", "class_name": "RelatedNodeInfo"}}, "hash": "b34f6d651959cb9e8f59016105cb9e2adcf083fc6d00abab01e003e1f09a2551", "text": "Medidas para reducir la posibilidad de exposici\u00f3n: Usar lentes de seguridad y ropa de protecci\u00f3n. Par\u00e1metros para control: No hay informaci\u00f3n disponible L\u00edmite permisible ponderado (LPP) y absoluto (LPA) y temporal (LPT): 5 mg/m3 (TLV) (como neblina aceitosa) Protecci\u00f3n respiratoria: No se requiere bajo condiciones normales de uso. Si se genera vapor o neblina cuando se calienta o maneja el material, usar una careta anti vapor org\u00e1nico con filtro de polvo y neblina. No usar ox\u00edgeno comprimido en ambiente de hidrocarburos. Guantes de protecci\u00f3n: Impermeables y aislados en caso de manipulaci\u00f3n del producto caliente Protecci\u00f3n de la vista: Lentes de seguridad o mascara facial anti salpicaduras. Otros equipos de protecci\u00f3n: Durante exposiciones prolongadas o repetidas usar ropa impermeable, botas, guantes y delantales. Lavar la ropa sucia. Desechar apropiadamente los art\u00edculos de cuero contaminados, incluso zapatos que no puedan ser descontaminados. Ventilaci\u00f3n: En caso de generarse vapor o neblina al calentarse o manejarse el material, de manera una concentraci\u00f3n inferior al TLV.", "start_char_idx": null, "end_char_idx": null, "text_template": "{metadata_str}\n\n{content}", "metadata_template": "{key}: {value}", "metadata_seperator": "\n", "class_name": "TextNode"}, "__type__": "1"}, "d9eff0cf-fd30-4b08-a6d3-79cf6c01ea09": {"__data__": {"id_": "d9eff0cf-fd30-4b08-a6d3-79cf6c01ea09", "embedding": null, "metadata": {"document_title": "HOJA DE DATOS DE SEGURIDAD", "metadata_product": "VASILINA S\u00d3LIDA BLANCA", "metadata_description": "Aceite Mineral", "metadata_recommended_use": "", "metadata_section": "Seccion 9: PROPIEDADES F\u00cdSICAS Y QU\u00cdMICAS"}, "excluded_embed_metadata_keys": [], "excluded_llm_metadata_keys": [], "relationships": {"1": {"node_id": "90ca2dcb-c805-40e2-8c62-36f260448452", "node_type": "4", "metadata": {"document_title": "HOJA DE DATOS DE SEGURIDAD", "metadata_product": "VASILINA S\u00d3LIDA BLANCA", "metadata_description": "Aceite Mineral", "metadata_recommended_use": "", "metadata_section": "Seccion 9: PROPIEDADES F\u00cdSICAS Y QU\u00cdMICAS"}, "hash": "1bc9c324cb3fe4d3a1164bf48ce5eaaee85fc9f64c1c00aae81af95bd4e8ae1e", "class_name": "RelatedNodeInfo"}, "2": {"node_id": "258d4b3c-9657-46ba-8aea-933aaac9e914", "node_type": "1", "metadata": {"document_title": "HOJA DE DATOS DE SEGURIDAD", "metadata_product": "VASILINA S\u00d3LIDA BLANCA", "metadata_description": "Aceite Mineral", "metadata_recommended_use": "", "metadata_section": "Seccion 8: CONTROL DE EXPOSICI\u00d3N, PROTECCI\u00d3N AMBIENTAL"}, "hash": "b34f6d651959cb9e8f59016105cb9e2adcf083fc6d00abab01e003e1f09a2551", "class_name": "RelatedNodeInfo"}, "3": {"node_id": "6fdce96a-6c84-4748-becf-7c86e37db209", "node_type": "1", "metadata": {"document_title": "HOJA DE DATOS DE SEGURIDAD", "metadata_product": "VASILINA S\u00d3LIDA BLANCA", "metadata_description": "Aceite Mineral", "metadata_recommended_use": "", "metadata_section": "Seccion 10: ESTABILIDAD Y REACTIVIDAD"}, "hash": "1639e787239acd9fe74960a60271d630f47eec37cd25038b5505c3b06605ca77", "class_name": "RelatedNodeInfo"}}, "hash": "1bc9c324cb3fe4d3a1164bf48ce5eaaee85fc9f64c1c00aae81af95bd4e8ae1e", "text": "Estado f\u00edsico;Pasta viscosa (Semi s\u00f3lido)\nApariencia y olor;Semi-s\u00f3lido blanco opaco y sin olor\nConcentraci\u00f3n;100 %\npH;No hay informaci\u00f3n disponible\nPunto de inflamaci\u00f3n;> 204\u00baC\nTemperatura de auto ignici\u00f3n;No hay informaci\u00f3n disponible\nPunto de fusi\u00f3n;49\u00ba - 60\u00ba C\nPeligros de fuego o explosi\u00f3n;Ligeramente combustible en presencia de altas temperaturas.\nPresi\u00f3n de vapor a 20\u00baC;< 1 mm Hg\nDensidad de vapor;No hay informaci\u00f3n disponible\nDensidad a 20 \u00ba C;0.86 aprox. A 15.6 \u00ba C\nSolubilidad en agua y otros solventes;Soluble en hidrocarburos Insoluble en agua.", "start_char_idx": null, "end_char_idx": null, "text_template": "{metadata_str}\n\n{content}", "metadata_template": "{key}: {value}", "metadata_seperator": "\n", "class_name": "TextNode"}, "__type__": "1"}, "6fdce96a-6c84-4748-becf-7c86e37db209": {"__data__": {"id_": "6fdce96a-6c84-4748-becf-7c86e37db209", "embedding": null, "metadata": {"document_title": "HOJA DE DATOS DE SEGURIDAD", "metadata_product": "VASILINA S\u00d3LIDA BLANCA", "metadata_description": "Aceite Mineral", "metadata_recommended_use": "", "metadata_section": "Seccion 10: ESTABILIDAD Y REACTIVIDAD"}, "excluded_embed_metadata_keys": [], "excluded_llm_metadata_keys": [], "relationships": {"1": {"node_id": "c6274e43-af7f-41a4-a62c-fe85c630c64a", "node_type": "4", "metadata": {"document_title": "HOJA DE DATOS DE SEGURIDAD", "metadata_product": "VASILINA S\u00d3LIDA BLANCA", "metadata_description": "Aceite Mineral", "metadata_recommended_use": "", "metadata_section": "Seccion 10: ESTABILIDAD Y REACTIVIDAD"}, "hash": "1639e787239acd9fe74960a60271d630f47eec37cd25038b5505c3b06605ca77", "class_name": "RelatedNodeInfo"}, "2": {"node_id": "d9eff0cf-fd30-4b08-a6d3-79cf6c01ea09", "node_type": "1", "metadata": {"document_title": "HOJA DE DATOS DE SEGURIDAD", "metadata_product": "VASILINA S\u00d3LIDA BLANCA", "metadata_description": "Aceite Mineral", "metadata_recommended_use": "", "metadata_section": "Seccion 9: PROPIEDADES F\u00cdSICAS Y QU\u00cdMICAS"}, "hash": "1bc9c324cb3fe4d3a1164bf48ce5eaaee85fc9f64c1c00aae81af95bd4e8ae1e", "class_name": "RelatedNodeInfo"}, "3": {"node_id": "ae385fae-7c14-4b35-9058-f98d031f9e13", "node_type": "1", "metadata": {"document_title": "HOJA DE DATOS DE SEGURIDAD", "metadata_product": "VASILINA S\u00d3LIDA BLANCA", "metadata_description": "Aceite Mineral", "metadata_recommended_use": "", "metadata_section": "Seccion 11: INFORMACI\u00d3N TOXICOL\u00d3GICA"}, "hash": "96b5017814327f5825457a0ce30e1b88cae3f98bb1f9d0c7d922c6c8d035f17b", "class_name": "RelatedNodeInfo"}}, "hash": "1639e787239acd9fe74960a60271d630f47eec37cd25038b5505c3b06605ca77", "text": "Estabilidad;Estable en condiciones normales de temperatura y presi\u00f3n.\nCondiciones que se deben evitar;Calor y llamas directas\nIncompatibilidad (materiales que se deben evitar);Agentes oxidantes\nProductos peligrosos de la descomposici\u00f3n;No hay informaci\u00f3n disponible\nProductos peligrosos de la combusti\u00f3n;CO, CO2 y \u00f3xidos t\u00f3xicos\nPolimerizaci\u00f3n peligrosa;No ocurrir\u00e1", "start_char_idx": null, "end_char_idx": null, "text_template": "{metadata_str}\n\n{content}", "metadata_template": "{key}: {value}", "metadata_seperator": "\n", "class_name": "TextNode"}, "__type__": "1"}, "ae385fae-7c14-4b35-9058-f98d031f9e13": {"__data__": {"id_": "ae385fae-7c14-4b35-9058-f98d031f9e13", "embedding": null, "metadata": {"document_title": "HOJA DE DATOS DE SEGURIDAD", "metadata_product": "VASILINA S\u00d3LIDA BLANCA", "metadata_description": "Aceite Mineral", "metadata_recommended_use": "", "metadata_section": "Seccion 11: INFORMACI\u00d3N TOXICOL\u00d3GICA"}, "excluded_embed_metadata_keys": [], "excluded_llm_metadata_keys": [], "relationships": {"1": {"node_id": "d0832e66-4338-4ba4-87c2-9ced7370de8c", "node_type": "4", "metadata": {"document_title": "HOJA DE DATOS DE SEGURIDAD", "metadata_product": "VASILINA S\u00d3LIDA BLANCA", "metadata_description": "Aceite Mineral", "metadata_recommended_use": "", "metadata_section": "Seccion 11: INFORMACI\u00d3N TOXICOL\u00d3GICA"}, "hash": "96b5017814327f5825457a0ce30e1b88cae3f98bb1f9d0c7d922c6c8d035f17b", "class_name": "RelatedNodeInfo"}, "2": {"node_id": "6fdce96a-6c84-4748-becf-7c86e37db209", "node_type": "1", "metadata": {"document_title": "HOJA DE DATOS DE SEGURIDAD", "metadata_product": "VASILINA S\u00d3LIDA BLANCA", "metadata_description": "Aceite Mineral", "metadata_recommended_use": "", "metadata_section": "Seccion 10: ESTABILIDAD Y REACTIVIDAD"}, "hash": "1639e787239acd9fe74960a60271d630f47eec37cd25038b5505c3b06605ca77", "class_name": "RelatedNodeInfo"}, "3": {"node_id": "15c63dc9-426a-452b-95e8-9b6713bd3b26", "node_type": "1", "metadata": {"document_title": "HOJA DE DATOS DE SEGURIDAD", "metadata_product": "VASILINA S\u00d3LIDA BLANCA", "metadata_description": "Aceite Mineral", "metadata_recommended_use": "", "metadata_section": "Seccion 12: INFORMACI\u00d3N ECOL\u00d3GICA"}, "hash": "182655dd585d0d674f80f9c6970108d3c30dfb8a237075dab2d14a29997c995c", "class_name": "RelatedNodeInfo"}}, "hash": "96b5017814327f5825457a0ce30e1b88cae3f98bb1f9d0c7d922c6c8d035f17b", "text": "Toxicidad a corto plazo;Para animales LD50> 5 g/kg (Rata basado en mat. Similares)\nToxicidad a largo plazo;No hay informaci\u00f3n disponible\nEfectos locales o sist\u00e9micos;No hay informaci\u00f3n disponible\nSensibilidad al\u00e9rgica;No hay informaci\u00f3n disponible", "start_char_idx": null, "end_char_idx": null, "text_template": "{metadata_str}\n\n{content}", "metadata_template": "{key}: {value}", "metadata_seperator": "\n", "class_name": "TextNode"}, "__type__": "1"}, "15c63dc9-426a-452b-95e8-9b6713bd3b26": {"__data__": {"id_": "15c63dc9-426a-452b-95e8-9b6713bd3b26", "embedding": null, "metadata": {"document_title": "HOJA DE DATOS DE SEGURIDAD", "metadata_product": "VASILINA S\u00d3LIDA BLANCA", "metadata_description": "Aceite Mineral", "metadata_recommended_use": "", "metadata_section": "Seccion 12: INFORMACI\u00d3N ECOL\u00d3GICA"}, "excluded_embed_metadata_keys": [], "excluded_llm_metadata_keys": [], "relationships": {"1": {"node_id": "71bbd579-c33b-4059-96d9-d9b471693439", "node_type": "4", "metadata": {"document_title": "HOJA DE DATOS DE SEGURIDAD", "metadata_product": "VASILINA S\u00d3LIDA BLANCA", "metadata_description": "Aceite Mineral", "metadata_recommended_use": "", "metadata_section": "Seccion 12: INFORMACI\u00d3N ECOL\u00d3GICA"}, "hash": "182655dd585d0d674f80f9c6970108d3c30dfb8a237075dab2d14a29997c995c", "class_name": "RelatedNodeInfo"}, "2": {"node_id": "ae385fae-7c14-4b35-9058-f98d031f9e13", "node_type": "1", "metadata": {"document_title": "HOJA DE DATOS DE SEGURIDAD", "metadata_product": "VASILINA S\u00d3LIDA BLANCA", "metadata_description": "Aceite Mineral", "metadata_recommended_use": "", "metadata_section": "Seccion 11: INFORMACI\u00d3N TOXICOL\u00d3GICA"}, "hash": "96b5017814327f5825457a0ce30e1b88cae3f98bb1f9d0c7d922c6c8d035f17b", "class_name": "RelatedNodeInfo"}, "3": {"node_id": "7910d0e2-8351-4a5d-9a66-e0d1bedbfd2b", "node_type": "1", "metadata": {"document_title": "HOJAS DE DATOS DE SEGURIDAD", "metadata_product": "VASILINA S\u00d3LIDA BLANCA", "metadata_description": "Aceite Mineral", "metadata_recommended_use": "", "metadata_section": "Seccion 13: CONSIDERACIONES SOBRE DISPOSICI\u00d3N FINAL"}, "hash": "e59e75a78e9a96af1ba530e796444369fa29e508cc49c0a8d2211f41023d440a", "class_name": "RelatedNodeInfo"}}, "hash": "182655dd585d0d674f80f9c6970108d3c30dfb8a237075dab2d14a29997c995c", "text": "Inestabilidad;El material es estable\nPersistencia/Degradabilidad;El material no ha sido ensayado en persistencia y Degradabilidad; bio concentraci\u00f3n, absorci\u00f3n de suelo y movilidad.\nBio-acumulacion;No hay informaci\u00f3n disponible\nEfectos sobre el ambiente;Contaminantes de aguas y suelo", "start_char_idx": null, "end_char_idx": null, "text_template": "{metadata_str}\n\n{content}", "metadata_template": "{key}: {value}", "metadata_seperator": "\n", "class_name": "TextNode"}, "__type__": "1"}, "7910d0e2-8351-4a5d-9a66-e0d1bedbfd2b": {"__data__": {"id_": "7910d0e2-8351-4a5d-9a66-e0d1bedbfd2b", "embedding": null, "metadata": {"document_title": "HOJAS DE DATOS DE SEGURIDAD", "metadata_product": "VASILINA S\u00d3LIDA BLANCA", "metadata_description": "Aceite Mineral", "metadata_recommended_use": "", "metadata_section": "Seccion 13: CONSIDERACIONES SOBRE DISPOSICI\u00d3N FINAL"}, "excluded_embed_metadata_keys": [], "excluded_llm_metadata_keys": [], "relationships": {"1": {"node_id": "96da6fce-461e-4d6a-837f-1082101a629b", "node_type": "4", "metadata": {"document_title": "HOJAS DE DATOS DE SEGURIDAD", "metadata_product": "VASILINA S\u00d3LIDA BLANCA", "metadata_description": "Aceite Mineral", "metadata_recommended_use": "", "metadata_section": "Seccion 13: CONSIDERACIONES SOBRE DISPOSICI\u00d3N FINAL"}, "hash": "e59e75a78e9a96af1ba530e796444369fa29e508cc49c0a8d2211f41023d440a", "class_name": "RelatedNodeInfo"}, "2": {"node_id": "15c63dc9-426a-452b-95e8-9b6713bd3b26", "node_type": "1", "metadata": {"document_title": "HOJA DE DATOS DE SEGURIDAD", "metadata_product": "VASILINA S\u00d3LIDA BLANCA", "metadata_description": "Aceite Mineral", "metadata_recommended_use": "", "metadata_section": "Seccion 12: INFORMACI\u00d3N ECOL\u00d3GICA"}, "hash": "182655dd585d0d674f80f9c6970108d3c30dfb8a237075dab2d14a29997c995c", "class_name": "RelatedNodeInfo"}, "3": {"node_id": "65eb3bbf-3044-49ab-999f-786d5fe36d1c", "node_type": "1", "metadata": {"document_title": "HOJA DE DATOS DE SEGURIDAD", "metadata_product": "VASILINA S\u00d3LIDA BLANCA", "metadata_description": "Aceite Mineral", "metadata_recommended_use": "", "metadata_section": "Seccion 14: INFORMACION SOBRE EL TRANSPORTE"}, "hash": "e6a38133557d576189e05050c752734e9998837e52d9141e0c2a48bf70c997ec", "class_name": "RelatedNodeInfo"}}, "hash": "e59e75a78e9a96af1ba530e796444369fa29e508cc49c0a8d2211f41023d440a", "text": "M\u00e9todos recomendados y aprobados por la Normativa chilena para disponer de la sustancia: INCINERACION. M\u00e9todos recomendados y aprobados por la normativa chilena para la eliminaci\u00f3n de envases/embalajes contaminados: VERTEDEROS AUTORIZADOS.", "start_char_idx": null, "end_char_idx": null, "text_template": "{metadata_str}\n\n{content}", "metadata_template": "{key}: {value}", "metadata_seperator": "\n", "class_name": "TextNode"}, "__type__": "1"}, "65eb3bbf-3044-49ab-999f-786d5fe36d1c": {"__data__": {"id_": "65eb3bbf-3044-49ab-999f-786d5fe36d1c", "embedding": null, "metadata": {"document_title": "HOJA DE DATOS DE SEGURIDAD", "metadata_product": "VASILINA S\u00d3LIDA BLANCA", "metadata_description": "Aceite Mineral", "metadata_recommended_use": "", "metadata_section": "Seccion 14: INFORMACION SOBRE EL TRANSPORTE"}, "excluded_embed_metadata_keys": [], "excluded_llm_metadata_keys": [], "relationships": {"1": {"node_id": "1a5dd3a7-e698-437c-9156-1e166bd9b6bb", "node_type": "4", "metadata": {"document_title": "HOJA DE DATOS DE SEGURIDAD", "metadata_product": "VASILINA S\u00d3LIDA BLANCA", "metadata_description": "Aceite Mineral", "metadata_recommended_use": "", "metadata_section": "Seccion 14: INFORMACION SOBRE EL TRANSPORTE"}, "hash": "e6a38133557d576189e05050c752734e9998837e52d9141e0c2a48bf70c997ec", "class_name": "RelatedNodeInfo"}, "2": {"node_id": "7910d0e2-8351-4a5d-9a66-e0d1bedbfd2b", "node_type": "1", "metadata": {"document_title": "HOJAS DE DATOS DE SEGURIDAD", "metadata_product": "VASILINA S\u00d3LIDA BLANCA", "metadata_description": "Aceite Mineral", "metadata_recommended_use": "", "metadata_section": "Seccion 13: CONSIDERACIONES SOBRE DISPOSICI\u00d3N FINAL"}, "hash": "e59e75a78e9a96af1ba530e796444369fa29e508cc49c0a8d2211f41023d440a", "class_name": "RelatedNodeInfo"}, "3": {"node_id": "81e96fde-710e-4e6d-bb14-11767e0d16f4", "node_type": "1", "metadata": {"document_title": "HOJA DE DATOS DE SEGURIDAD", "metadata_product": "VASILINA S\u00d3LIDA BLANCA", "metadata_description": "Aceite Mineral", "metadata_recommended_use": "", "metadata_section": "Seccion 15: NORMAS VIGENTES"}, "hash": "27c1536a9e4455f7d985d5157c2e37932c3194f0fcb3101ef25d73f1e3343f97", "class_name": "RelatedNodeInfo"}}, "hash": "e6a38133557d576189e05050c752734e9998837e52d9141e0c2a48bf70c997ec", "text": "MODALIDAD DE;TRANSPORTE TERRESTRE;TRANSPORTE MARITIMA;TRANSPORTE AEREA;REGULACIONES;Numero NU;N / A;N / A;N / A;Designaci\u00f3n oficial de;N / A;N / A;N / A;Transporte;Clasificaci\u00f3n de peligro;N / A;N / A;N / A;Primario NU;Clasificaci\u00f3n de peligro;N / A;N / A;N / A;Secundario NU;Grupo de Embalaje /;N / A;N / A;N / A;Envase;Peligros Ambientales;No;No;No;Precauciones;No;No;No;especiales", "start_char_idx": null, "end_char_idx": null, "text_template": "{metadata_str}\n\n{content}", "metadata_template": "{key}: {value}", "metadata_seperator": "\n", "class_name": "TextNode"}, "__type__": "1"}, "81e96fde-710e-4e6d-bb14-11767e0d16f4": {"__data__": {"id_": "81e96fde-710e-4e6d-bb14-11767e0d16f4", "embedding": null, "metadata": {"document_title": "HOJA DE DATOS DE SEGURIDAD", "metadata_product": "VASILINA S\u00d3LIDA BLANCA", "metadata_description": "Aceite Mineral", "metadata_recommended_use": "", "metadata_section": "Seccion 15: NORMAS VIGENTES"}, "excluded_embed_metadata_keys": [], "excluded_llm_metadata_keys": [], "relationships": {"1": {"node_id": "6b97fa2c-f72c-4527-a6b2-3badee3ec7c1", "node_type": "4", "metadata": {"document_title": "HOJA DE DATOS DE SEGURIDAD", "metadata_product": "VASILINA S\u00d3LIDA BLANCA", "metadata_description": "Aceite Mineral", "metadata_recommended_use": "", "metadata_section": "Seccion 15: NORMAS VIGENTES"}, "hash": "27c1536a9e4455f7d985d5157c2e37932c3194f0fcb3101ef25d73f1e3343f97", "class_name": "RelatedNodeInfo"}, "2": {"node_id": "65eb3bbf-3044-49ab-999f-786d5fe36d1c", "node_type": "1", "metadata": {"document_title": "HOJA DE DATOS DE SEGURIDAD", "metadata_product": "VASILINA S\u00d3LIDA BLANCA", "metadata_description": "Aceite Mineral", "metadata_recommended_use": "", "metadata_section": "Seccion 14: INFORMACION SOBRE EL TRANSPORTE"}, "hash": "e6a38133557d576189e05050c752734e9998837e52d9141e0c2a48bf70c997ec", "class_name": "RelatedNodeInfo"}, "3": {"node_id": "de077d98-7469-45e7-81ef-e18620429db2", "node_type": "1", "metadata": {"document_title": "HOJA DE DATOS DE SEGURIDAD", "metadata_product": "VASILINA S\u00d3LIDA BLANCA", "metadata_description": "Aceite Mineral", "metadata_recommended_use": "", "metadata_section": "Seccion 16: INFORMACI\u00d3N COMPLEMENTARIA"}, "hash": "229b1b6fe71d16bd6df072015a8e9c773c5d5305e6621d92ec0263f3472666bb", "class_name": "RelatedNodeInfo"}}, "hash": "27c1536a9e4455f7d985d5157c2e37932c3194f0fcb3101ef25d73f1e3343f97", "text": "Normas Nacionales Aplicables\nMarca en Etiqueta", "start_char_idx": null, "end_char_idx": null, "text_template": "{metadata_str}\n\n{content}", "metadata_template": "{key}: {value}", "metadata_seperator": "\n", "class_name": "TextNode"}, "__type__": "1"}, "de077d98-7469-45e7-81ef-e18620429db2": {"__data__": {"id_": "de077d98-7469-45e7-81ef-e18620429db2", "embedding": null, "metadata": {"document_title": "HOJA DE DATOS DE SEGURIDAD", "metadata_product": "VASILINA S\u00d3LIDA BLANCA", "metadata_description": "Aceite Mineral", "metadata_recommended_use": "", "metadata_section": "Seccion 16: INFORMACI\u00d3N COMPLEMENTARIA"}, "excluded_embed_metadata_keys": [], "excluded_llm_metadata_keys": [], "relationships": {"1": {"node_id": "5bde5ca8-7b01-4201-84a9-ffaa6a63ff53", "node_type": "4", "metadata": {"document_title": "HOJA DE DATOS DE SEGURIDAD", "metadata_product": "VASILINA S\u00d3LIDA BLANCA", "metadata_description": "Aceite Mineral", "metadata_recommended_use": "", "metadata_section": "Seccion 16: INFORMACI\u00d3N COMPLEMENTARIA"}, "hash": "229b1b6fe71d16bd6df072015a8e9c773c5d5305e6621d92ec0263f3472666bb", "class_name": "RelatedNodeInfo"}, "2": {"node_id": "81e96fde-710e-4e6d-bb14-11767e0d16f4", "node_type": "1", "metadata": {"document_title": "HOJA DE DATOS DE SEGURIDAD", "metadata_product": "VASILINA S\u00d3LIDA BLANCA", "metadata_description": "Aceite Mineral", "metadata_recommended_use": "", "metadata_section": "Seccion 15: NORMAS VIGENTES"}, "hash": "27c1536a9e4455f7d985d5157c2e37932c3194f0fcb3101ef25d73f1e3343f97", "class_name": "RelatedNodeInfo"}}, "hash": "229b1b6fe71d16bd6df072015a8e9c773c5d5305e6621d92ec0263f3472666bb", "text": "En Caso de siniestro, actuar de la siguiente forma:\n- No entrar en contacto con el producto\n- Seguir instrucciones que se le indiquen\n- Entregar HDS a las autoridades\n- Preste toda la colaboraci\u00f3n necesaria para controlar el siniestro.", "start_char_idx": null, "end_char_idx": null, "text_template": "{metadata_str}\n\n{content}", "metadata_template": "{key}: {value}", "metadata_seperator": "\n", "class_name": "TextNode"}, "__type__": "1"}}, "docstore/ref_doc_info": {"1231df15-d924-4680-bb2f-275ae5f77c92": {"node_ids": ["8cd083a5-3834-4891-90ad-c0231a50c51a"], "metadata": {"document_title": "HOJA DE DATOS DE SEGURIDAD", "metadata_product": "VASILINA S\u00d3LIDA BLANCA", "metadata_description": "Aceite Mineral", "metadata_recommended_use": "", "metadata_section": "Seccion 1: IDENTIFICACI\u00d3N DEL PRODUCTO"}}, "c02bed46-9944-405a-b0f7-f66c216d3164": {"node_ids": ["b2e5311c-3d21-4d73-a7aa-9b32ec03d6b6"], "metadata": {"document_title": "HOJA DE DATOS DE SEGURIDAD", "metadata_product": "VASILINA S\u00d3LIDA BLANCA", "metadata_description": "Aceite Mineral", "metadata_recommended_use": "", "metadata_section": "Seccion 2: IDENTIFICACI\u00d3N DE LOS PELIGROS"}}, "3a9fc8f1-0a52-4e05-8ffe-dccbd45b0d08": {"node_ids": ["1e69fbb2-22a3-4fba-82d9-c2c15f898e0a"], "metadata": {"document_title": "HOJA DE DATOS DE SEGURIDAD", "metadata_product": "VASILINA S\u00d3LIDA BLANCA", "metadata_description": "Aceite Mineral", "metadata_recommended_use": "", "metadata_section": "Seccion 3: Composici\u00f3n/Informaci\u00f3n de los componentes"}}, "21f8037a-9b12-47ab-99e4-c2fb6b01bd91": {"node_ids": ["aaf70418-f0ec-40c2-8126-eab97c9ed31a"], "metadata": {"document_title": "HOJA DE DATOS DE SEGURIDAD", "metadata_product": "VASILINA S\u00d3LIDA BLANCA", "metadata_description": "Aceite Mineral", "metadata_recommended_use": "", "metadata_section": "Seccion 4: PRIMEROS AUXILIOS"}}, "99122420-de22-4f17-82d7-cedbc059abda": {"node_ids": ["ae697649-e133-48d3-8f66-aa786507a288"], "metadata": {"document_title": "HOJA DE DATOS DE SEGURIDAD", "metadata_product": "VASILINA S\u00d3LIDA BLANCA", "metadata_description": "Aceite Mineral", "metadata_recommended_use": "", "metadata_section": "Seccion 5: MEDIDAS PARA LUCHAR CONTRA EL FUEGO"}}, "1c1a42ff-0fb3-4033-8f7c-4b97ee12c881": {"node_ids": ["39ac7e38-4601-4f92-a136-b1cc0e14a9c5"], "metadata": {"document_title": "HOJA DE DATOS DE SEGURIDAD", "metadata_product": "VASILINA S\u00d3LIDA BLANCA", "metadata_description": "Aceite Mineral", "metadata_recommended_use": "", "metadata_section": "Seccion 6: MEDIDAS PARA CONTROLAR DERRAMES O FUGAS"}}, "34bdd586-02fd-4bba-954d-f10b2d29b4c6": {"node_ids": ["c7c11004-4ec1-40d9-8fba-9d9ee4ad3d5b"], "metadata": {"document_title": "HOJA DE DATOS DE SEGURIDAD", "metadata_product": "VASILINA S\u00d3LIDA BLANCA", "metadata_description": "Aceite Mineral", "metadata_recommended_use": "", "metadata_section": "Seccion 7: MANIPULACI\u00d3N Y ALMACENAMIENTO"}}, "58d8dd2f-291e-49b7-a60b-fb94fc16252a": {"node_ids": ["258d4b3c-9657-46ba-8aea-933aaac9e914"], "metadata": {"document_title": "HOJA DE DATOS DE SEGURIDAD", "metadata_product": "VASILINA S\u00d3LIDA BLANCA", "metadata_description": "Aceite Mineral", "metadata_recommended_use": "", "metadata_section": "Seccion 8: CONTROL DE EXPOSICI\u00d3N, PROTECCI\u00d3N AMBIENTAL"}}, "90ca2dcb-c805-40e2-8c62-36f260448452": {"node_ids": ["d9eff0cf-fd30-4b08-a6d3-79cf6c01ea09"], "metadata": {"document_title": "HOJA DE DATOS DE SEGURIDAD", "metadata_product": "VASILINA S\u00d3LIDA BLANCA", "metadata_description": "Aceite Mineral", "metadata_recommended_use": "", "metadata_section": "Seccion 9: PROPIEDADES F\u00cdSICAS Y QU\u00cdMICAS"}}, "c6274e43-af7f-41a4-a62c-fe85c630c64a": {"node_ids": ["6fdce96a-6c84-4748-becf-7c86e37db209"], "metadata": {"document_title": "HOJA DE DATOS DE SEGURIDAD", "metadata_product": "VASILINA S\u00d3LIDA BLANCA", "metadata_description": "Aceite Mineral", "metadata_recommended_use": "", "metadata_section": "Seccion 10: ESTABILIDAD Y REACTIVIDAD"}}, "d0832e66-4338-4ba4-87c2-9ced7370de8c": {"node_ids": ["ae385fae-7c14-4b35-9058-f98d031f9e13"], "metadata": {"document_title": "HOJA DE DATOS DE SEGURIDAD", "metadata_product": "VASILINA S\u00d3LIDA BLANCA", "metadata_description": "Aceite Mineral", "metadata_recommended_use": "", "metadata_section": "Seccion 11: INFORMACI\u00d3N TOXICOL\u00d3GICA"}}, "71bbd579-c33b-4059-96d9-d9b471693439": {"node_ids": ["15c63dc9-426a-452b-95e8-9b6713bd3b26"], "metadata": {"document_title": "HOJA DE DATOS DE SEGURIDAD", "metadata_product": "VASILINA S\u00d3LIDA BLANCA", "metadata_description": "Aceite Mineral", "metadata_recommended_use": "", "metadata_section": "Seccion 12: INFORMACI\u00d3N ECOL\u00d3GICA"}}, "96da6fce-461e-4d6a-837f-1082101a629b": {"node_ids": ["7910d0e2-8351-4a5d-9a66-e0d1bedbfd2b"], "metadata": {"document_title": "HOJAS DE DATOS DE SEGURIDAD", "metadata_product": "VASILINA S\u00d3LIDA BLANCA", "metadata_description": "Aceite Mineral", "metadata_recommended_use": "", "metadata_section": "Seccion 13: CONSIDERACIONES SOBRE DISPOSICI\u00d3N FINAL"}}, "1a5dd3a7-e698-437c-9156-1e166bd9b6bb": {"node_ids": ["65eb3bbf-3044-49ab-999f-786d5fe36d1c"], "metadata": {"document_title": "HOJA DE DATOS DE SEGURIDAD", "metadata_product": "VASILINA S\u00d3LIDA BLANCA", "metadata_description": "Aceite Mineral", "metadata_recommended_use": "", "metadata_section": "Seccion 14: INFORMACION SOBRE EL TRANSPORTE"}}, "6b97fa2c-f72c-4527-a6b2-3badee3ec7c1": {"node_ids": ["81e96fde-710e-4e6d-bb14-11767e0d16f4"], "metadata": {"document_title": "HOJA DE DATOS DE SEGURIDAD", "metadata_product": "VASILINA S\u00d3LIDA BLANCA", "metadata_description": "Aceite Mineral", "metadata_recommended_use": "", "metadata_section": "Seccion 15: NORMAS VIGENTES"}}, "5bde5ca8-7b01-4201-84a9-ffaa6a63ff53": {"node_ids": ["de077d98-7469-45e7-81ef-e18620429db2"], "metadata": {"document_title": "HOJA DE DATOS DE SEGURIDAD", "metadata_product": "VASILINA S\u00d3LIDA BLANCA", "metadata_description": "Aceite Mineral", "metadata_recommended_use": "", "metadata_section": "Seccion 16: INFORMACI\u00d3N COMPLEMENTARIA"}}}, "docstore/metadata": {"8cd083a5-3834-4891-90ad-c0231a50c51a": {"doc_hash": "e69da55afb763098c4151d357caa96037de931573f0e85217f762a1bd5fe1988", "ref_doc_id": "1231df15-d924-4680-bb2f-275ae5f77c92"}, "b2e5311c-3d21-4d73-a7aa-9b32ec03d6b6": {"doc_hash": "dd4d726a5f080f8c01f6a5a5e0e8847f786a71326ebd1983b5cad89ac1c09a04", "ref_doc_id": "c02bed46-9944-405a-b0f7-f66c216d3164"}, "1e69fbb2-22a3-4fba-82d9-c2c15f898e0a": {"doc_hash": "b97af1746e82baa99e2f6f2d7659a1e8bfe683e6a48916b2662aae4e33462e41", "ref_doc_id": "3a9fc8f1-0a52-4e05-8ffe-dccbd45b0d08"}, "aaf70418-f0ec-40c2-8126-eab97c9ed31a": {"doc_hash": "8ce456675b3b9fa995a839df99c71fcc46c4ab4379bfbf279492e1207e53a22e", "ref_doc_id": "21f8037a-9b12-47ab-99e4-c2fb6b01bd91"}, "ae697649-e133-48d3-8f66-aa786507a288": {"doc_hash": "1e83dc7f4806282c05043fd17bcbfde2b16c357dd38d3efbc77a8b25f5fc2dd3", "ref_doc_id": "99122420-de22-4f17-82d7-cedbc059abda"}, "39ac7e38-4601-4f92-a136-b1cc0e14a9c5": {"doc_hash": "6c993a63bbe74b2992c0b26f0f04e87c221e8003f637df14de0c793244ae2487", "ref_doc_id": "1c1a42ff-0fb3-4033-8f7c-4b97ee12c881"}, "c7c11004-4ec1-40d9-8fba-9d9ee4ad3d5b": {"doc_hash": "306dea939cf00f31a35af6cced843c0c59c402b97cb02453f3b4f2f8cf40950f", "ref_doc_id": "34bdd586-02fd-4bba-954d-f10b2d29b4c6"}, "258d4b3c-9657-46ba-8aea-933aaac9e914": {"doc_hash": "b34f6d651959cb9e8f59016105cb9e2adcf083fc6d00abab01e003e1f09a2551", "ref_doc_id": "58d8dd2f-291e-49b7-a60b-fb94fc16252a"}, "d9eff0cf-fd30-4b08-a6d3-79cf6c01ea09": {"doc_hash": "1bc9c324cb3fe4d3a1164bf48ce5eaaee85fc9f64c1c00aae81af95bd4e8ae1e", "ref_doc_id": "90ca2dcb-c805-40e2-8c62-36f260448452"}, "6fdce96a-6c84-4748-becf-7c86e37db209": {"doc_hash": "1639e787239acd9fe74960a60271d630f47eec37cd25038b5505c3b06605ca77", "ref_doc_id": "c6274e43-af7f-41a4-a62c-fe85c630c64a"}, "ae385fae-7c14-4b35-9058-f98d031f9e13": {"doc_hash": "96b5017814327f5825457a0ce30e1b88cae3f98bb1f9d0c7d922c6c8d035f17b", "ref_doc_id": "d0832e66-4338-4ba4-87c2-9ced7370de8c"}, "15c63dc9-426a-452b-95e8-9b6713bd3b26": {"doc_hash": "182655dd585d0d674f80f9c6970108d3c30dfb8a237075dab2d14a29997c995c", "ref_doc_id": "71bbd579-c33b-4059-96d9-d9b471693439"}, "7910d0e2-8351-4a5d-9a66-e0d1bedbfd2b": {"doc_hash": "e59e75a78e9a96af1ba530e796444369fa29e508cc49c0a8d2211f41023d440a", "ref_doc_id": "96da6fce-461e-4d6a-837f-1082101a629b"}, "65eb3bbf-3044-49ab-999f-786d5fe36d1c": {"doc_hash": "e6a38133557d576189e05050c752734e9998837e52d9141e0c2a48bf70c997ec", "ref_doc_id": "1a5dd3a7-e698-437c-9156-1e166bd9b6bb"}, "81e96fde-710e-4e6d-bb14-11767e0d16f4": {"doc_hash": "27c1536a9e4455f7d985d5157c2e37932c3194f0fcb3101ef25d73f1e3343f97", "ref_doc_id": "6b97fa2c-f72c-4527-a6b2-3badee3ec7c1"}, "de077d98-7469-45e7-81ef-e18620429db2": {"doc_hash": "229b1b6fe71d16bd6df072015a8e9c773c5d5305e6621d92ec0263f3472666bb", "ref_doc_id": "5bde5ca8-7b01-4201-84a9-ffaa6a63ff53"}}}