{"docstore/data": {"e3a6a00f-90ac-428d-97ba-1471a1f2efd3": {"__data__": {"id_": "e3a6a00f-90ac-428d-97ba-1471a1f2efd3", "embedding": null, "metadata": {"document_title": "HOJA DE DATOS DE SEGURIDAD", "metadata_product": "Limpidador de Contacto", "metadata_description": "", "metadata_recommended_use": "Producto de limpieza para aplicaciones industriales.", "metadata_section": "Seccion 1: IDENTIFICACI\u00d3N DEL PRODUCTO QU\u00cdMICO Y DE LA EMPRESA"}, "excluded_embed_metadata_keys": [], "excluded_llm_metadata_keys": [], "relationships": {"1": {"node_id": "a06cde56-9370-448c-b3ac-95f8f939495d", "node_type": "4", "metadata": {"document_title": "HOJA DE DATOS DE SEGURIDAD", "metadata_product": "Limpidador de Contacto", "metadata_description": "", "metadata_recommended_use": "Producto de limpieza para aplicaciones industriales.", "metadata_section": "Seccion 1: IDENTIFICACI\u00d3N DEL PRODUCTO QU\u00cdMICO Y DE LA EMPRESA"}, "hash": "0788d4d8c4abc92d5274f6b39430234c05bed9df9e5c9f4ce4c0f3704b5c8133", "class_name": "RelatedNodeInfo"}, "3": {"node_id": "b59d286a-d5fa-4cc0-b334-0e5c50de3659", "node_type": "1", "metadata": {"document_title": "HOJA DE DATOS DE SEGURIDAD", "metadata_product": "Limpidador de Contacto", "metadata_description": "", "metadata_recommended_use": "Producto de limpieza para aplicaciones industriales.", "metadata_section": "Seccion 2: IDENTIFICACI\u00d3N DE LOS PELIGROS"}, "hash": "19f6caec036f0ad6f9e0b62abfb784a9cf310e00bc03af12f4dda9c56a7cb24a", "class_name": "RelatedNodeInfo"}}, "hash": "0788d4d8c4abc92d5274f6b39430234c05bed9df9e5c9f4ce4c0f3704b5c8133", "text": "Nombre comercial: Limpidador de Contacto\nN\u00b0 IDH: 342018\nUso previsto: Producto de limpieza para aplicaciones industriales.\nRestricciones de uso: No disponible\nDenominaci\u00f3n de la empresa: Henkel Chile Ltda.\nAvenida. Laguna Sur #9551\n906-0987 Pudahuel \u2013 Santiago\nChile\nTel\u00e9fono: +56 (2) 2381 7200\nFax: +56 (2) 2641 8701\nResponsable de la ficha de datos de seguridad: ua-productsafety.la@henkel.com\nInformaci\u00f3n de emergencia:\nCituc Qu\u00edmica: +56 2 2 247 3600\nCituc Intoxicaci\u00f3n: +56 2 2 635 3800", "start_char_idx": null, "end_char_idx": null, "text_template": "{metadata_str}\n\n{content}", "metadata_template": "{key}: {value}", "metadata_seperator": "\n", "class_name": "TextNode"}, "__type__": "1"}, "b59d286a-d5fa-4cc0-b334-0e5c50de3659": {"__data__": {"id_": "b59d286a-d5fa-4cc0-b334-0e5c50de3659", "embedding": null, "metadata": {"document_title": "HOJA DE DATOS DE SEGURIDAD", "metadata_product": "Limpidador de Contacto", "metadata_description": "", "metadata_recommended_use": "Producto de limpieza para aplicaciones industriales.", "metadata_section": "Seccion 2: IDENTIFICACI\u00d3N DE LOS PELIGROS"}, "excluded_embed_metadata_keys": [], "excluded_llm_metadata_keys": [], "relationships": {"1": {"node_id": "dca38157-6580-474b-a243-bec633a1eef6", "node_type": "4", "metadata": {"document_title": "HOJA DE DATOS DE SEGURIDAD", "metadata_product": "Limpidador de Contacto", "metadata_description": "", "metadata_recommended_use": "Producto de limpieza para aplicaciones industriales.", "metadata_section": "Seccion 2: IDENTIFICACI\u00d3N DE LOS PELIGROS"}, "hash": "19f6caec036f0ad6f9e0b62abfb784a9cf310e00bc03af12f4dda9c56a7cb24a", "class_name": "RelatedNodeInfo"}, "2": {"node_id": "e3a6a00f-90ac-428d-97ba-1471a1f2efd3", "node_type": "1", "metadata": {"document_title": "HOJA DE DATOS DE SEGURIDAD", "metadata_product": "Limpidador de Contacto", "metadata_description": "", "metadata_recommended_use": "Producto de limpieza para aplicaciones industriales.", "metadata_section": "Seccion 1: IDENTIFICACI\u00d3N DEL PRODUCTO QU\u00cdMICO Y DE LA EMPRESA"}, "hash": "0788d4d8c4abc92d5274f6b39430234c05bed9df9e5c9f4ce4c0f3704b5c8133", "class_name": "RelatedNodeInfo"}, "3": {"node_id": "8675c4db-14e1-4678-8488-726335e1600d", "node_type": "1", "metadata": {"document_title": "HOJA DE DATOS DE SEGURIDAD", "metadata_product": "Limpidador de Contacto", "metadata_description": "", "metadata_recommended_use": "Producto de limpieza para aplicaciones industriales.", "metadata_section": "Seccion 2: IDENTIFICACI\u00d3N DE LOS PELIGROS"}, "hash": "2a978e76fd34858d3c7572f17f89613e155ae9ea4760364f020b010e38a743ae", "class_name": "RelatedNodeInfo"}}, "hash": "19f6caec036f0ad6f9e0b62abfb784a9cf310e00bc03af12f4dda9c56a7cb24a", "text": "Clasificaci\u00f3n seg\u00fan NCh382\nDivisi\u00f3n;2.1\nDistintivo seg\u00fan NCh2190\nClasificaci\u00f3n seg\u00fan SGA. Sistema de clasificaci\u00f3n adoptado;GHS\naerosol;Categor\u00eda 1\nCorrosi\u00f3n/irritaci\u00f3n cut\u00e1nea;Categor\u00eda 2\nToxico para la reproducci\u00f3n;Categor\u00eda 2\nToxicidad sist\u00e9mica espec\u00edfica para \u00f3rganos diana - exposici\u00f3n \u00fanica;Categor\u00eda 3\nToxicidad sist\u00e9mica espec\u00edfica para \u00f3rganos diana - exposici\u00f3n repetida;Categor\u00eda 1\nPeligro por aspiraci\u00f3n;Categor\u00eda 1\nPeligroso para el ambiente acu\u00e1tico - Peligro agudo;Categor\u00eda 2\nPeligroso para el ambiente acu\u00e1tico - Peligro a largo plazo;Categor\u00eda 2\nEtiqueta SGA\nElementos de las etiquetas del GHS\nPictograma de peligro;[Imagen de pictogramas - inflamable, bomb, exclamation mark, fish and tree]\nPalabra de advertencia;Peligro\nIndicaci\u00f3n de peligro;H222 Aerosol extremadamente inflamable.\n;H229 Contiene gas a presi\u00f3n; puede reventar si se calienta.\n;H315 Provoca irritaci\u00f3n cut\u00e1nea.\n;H336 Puede provocar somnolencia o v\u00e9rtigo.\n;H361 Susceptible de perjudicar la fertilidad o da\u00f1ar al feto.\n;H373 Puede provocar da\u00f1os en los \u00f3rganos tras exposiciones prolongadas o repetidas.\n;H411 T\u00f3xico para los organismos acu\u00e1ticos, con efectos nocivos duraderos.\nConsejo de prudencia;Prevenci\u00f3n\n;P201 Procurarse las instrucciones antes del uso.\n;", "start_char_idx": null, "end_char_idx": null, "text_template": "{metadata_str}\n\n{content}", "metadata_template": "{key}: {value}", "metadata_seperator": "\n", "class_name": "TextNode"}, "__type__": "1"}, "8675c4db-14e1-4678-8488-726335e1600d": {"__data__": {"id_": "8675c4db-14e1-4678-8488-726335e1600d", "embedding": null, "metadata": {"document_title": "HOJA DE DATOS DE SEGURIDAD", "metadata_product": "Limpidador de Contacto", "metadata_description": "", "metadata_recommended_use": "Producto de limpieza para aplicaciones industriales.", "metadata_section": "Seccion 2: IDENTIFICACI\u00d3N DE LOS PELIGROS"}, "excluded_embed_metadata_keys": [], "excluded_llm_metadata_keys": [], "relationships": {"1": {"node_id": "bdce02d4-6305-4128-b67d-570a4da6099f", "node_type": "4", "metadata": {"document_title": "HOJA DE DATOS DE SEGURIDAD", "metadata_product": "Limpidador de Contacto", "metadata_description": "", "metadata_recommended_use": "Producto de limpieza para aplicaciones industriales.", "metadata_section": "Seccion 2: IDENTIFICACI\u00d3N DE LOS PELIGROS"}, "hash": "2a978e76fd34858d3c7572f17f89613e155ae9ea4760364f020b010e38a743ae", "class_name": "RelatedNodeInfo"}, "2": {"node_id": "b59d286a-d5fa-4cc0-b334-0e5c50de3659", "node_type": "1", "metadata": {"document_title": "HOJA DE DATOS DE SEGURIDAD", "metadata_product": "Limpidador de Contacto", "metadata_description": "", "metadata_recommended_use": "Producto de limpieza para aplicaciones industriales.", "metadata_section": "Seccion 2: IDENTIFICACI\u00d3N DE LOS PELIGROS"}, "hash": "19f6caec036f0ad6f9e0b62abfb784a9cf310e00bc03af12f4dda9c56a7cb24a", "class_name": "RelatedNodeInfo"}, "3": {"node_id": "db62c7b3-7156-4ca5-ab65-0f98c3dd9486", "node_type": "1", "metadata": {"document_title": "HOJA DE DATOS DE SEGURIDAD", "metadata_product": "Limpidador de Contacto", "metadata_description": "", "metadata_recommended_use": "Producto de limpieza para aplicaciones industriales.", "metadata_section": "Seccion 3: COMPOSICI\u00d3N/INFORMACI\u00d3N DE LOS COMPONENTES"}, "hash": "264e844d8948d48caa116e08777f177cffaedd0a8a53b0b3f9a54172309069e0", "class_name": "RelatedNodeInfo"}}, "hash": "2a978e76fd34858d3c7572f17f89613e155ae9ea4760364f020b010e38a743ae", "text": "P202 No manipular antes de haber le\u00eddo y comprendido todas las precauciones de seguridad.\n;P210 Mantener alejado del calor, superficies calientes, chispas, llamas al descubierto y otras fuentes de ignici\u00f3n. No fumar.\n;P211 No vaporizar sobre una llama al descubierto o cualquier otra fuente de ignici\u00f3n.\n;P251 No perforar ni quemar, incluso despu\u00e9s de su uso.\n;P261 Evitar respirar nieblas y aerosoles.\n;P264 Lavarse cuidadosamente despu\u00e9s de la manipulaci\u00f3n.\n;P271 Utilizar s\u00f3lo al aire libre o en un lugar bien ventilado.\n;P273 No dispersar en el medio ambiente.\n;P280 Usar guantes, ropa de protecci\u00f3n, equipo de protecci\u00f3n para los ojos y la cara.\nConsejo de prudencia;Respuesta\n;P302+P352 EN CASO DE CONTACTO CON LA PIEL: Lavar con abundante agua y jab\u00f3n.\n;P304+P340 EN CASO DE INHALACI\u00d3N: Transportar a la persona al aire libre y mantenerla en una posici\u00f3n que le facilite la respiraci\u00f3n.\n;P312 Llamar a un CENTRO DE TOXICOLOG\u00cdA o un m\u00e9dico si la persona se encuentra mal.\n;P331 NO provocar el v\u00f3mito.\n;P332+P313 En caso de irritaci\u00f3n cut\u00e1nea: Consultar a un m\u00e9dico.\n;P362+P364 Quitar la ropa contaminada y lavarla antes de volverla a usar.\n;P391 Recoger los vertidos.\nConsejo de prudencia;Almacenamiento\n;P410+P412 Proteger de la luz solar. No exponer a una temperatura superior a 50\u00b0C.\n;P403+P233 Almacenar en un lugar bien ventilado. Guardar el recipiente herm\u00e9ticamente cerrado.\n;P405 Guardar bajo llave.\nConsejo de prudencia;Eliminaci\u00f3n\n;P501 Eliminar el contenido y/o recipiente seg\u00fan las reglamentaciones locales.\nN\u00ba FDS;337674;V001.3;Limpiador de Contacto;N\u00ba IDH;342018;Se\u00f1al de seguridad seg\u00fan NCh1411/4\n\"2;4;0", "start_char_idx": null, "end_char_idx": null, "text_template": "{metadata_str}\n\n{content}", "metadata_template": "{key}: {value}", "metadata_seperator": "\n", "class_name": "TextNode"}, "__type__": "1"}, "db62c7b3-7156-4ca5-ab65-0f98c3dd9486": {"__data__": {"id_": "db62c7b3-7156-4ca5-ab65-0f98c3dd9486", "embedding": null, "metadata": {"document_title": "HOJA DE DATOS DE SEGURIDAD", "metadata_product": "Limpidador de Contacto", "metadata_description": "", "metadata_recommended_use": "Producto de limpieza para aplicaciones industriales.", "metadata_section": "Seccion 3: COMPOSICI\u00d3N/INFORMACI\u00d3N DE LOS COMPONENTES"}, "excluded_embed_metadata_keys": [], "excluded_llm_metadata_keys": [], "relationships": {"1": {"node_id": "88dc6a56-14ba-432d-8764-4b22f0fbdfc1", "node_type": "4", "metadata": {"document_title": "HOJA DE DATOS DE SEGURIDAD", "metadata_product": "Limpidador de Contacto", "metadata_description": "", "metadata_recommended_use": "Producto de limpieza para aplicaciones industriales.", "metadata_section": "Seccion 3: COMPOSICI\u00d3N/INFORMACI\u00d3N DE LOS COMPONENTES"}, "hash": "264e844d8948d48caa116e08777f177cffaedd0a8a53b0b3f9a54172309069e0", "class_name": "RelatedNodeInfo"}, "2": {"node_id": "8675c4db-14e1-4678-8488-726335e1600d", "node_type": "1", "metadata": {"document_title": "HOJA DE DATOS DE SEGURIDAD", "metadata_product": "Limpidador de Contacto", "metadata_description": "", "metadata_recommended_use": "Producto de limpieza para aplicaciones industriales.", "metadata_section": "Seccion 2: IDENTIFICACI\u00d3N DE LOS PELIGROS"}, "hash": "2a978e76fd34858d3c7572f17f89613e155ae9ea4760364f020b010e38a743ae", "class_name": "RelatedNodeInfo"}, "3": {"node_id": "4ab075b0-3b46-4445-8cbd-ee17d01c037d", "node_type": "1", "metadata": {"document_title": "HOJA DE DATOS DE SEGURIDAD", "metadata_product": "Limpidador de Contacto", "metadata_description": "", "metadata_recommended_use": "Producto de limpieza para aplicaciones industriales.", "metadata_section": "Seccion 4: PRIMEROS AUXILIOS"}, "hash": "11fd9f685314b0b557c32b1c44b68a2ebbdb85606eb4c31f2742c51d28207b8d", "class_name": "RelatedNodeInfo"}}, "hash": "264e844d8948d48caa116e08777f177cffaedd0a8a53b0b3f9a54172309069e0", "text": "Mezcla;Ingredientes peligrosos;N\u00ba CAS;contenido;Clasificaci\u00f3n;n-hexano;110-54-3;>= 50 - < 60 %;ONU 1208;L\u00edquidos inflamables 2;H225;T\u00f3xico para la reproducci\u00f3n 2;H361f;Peligro por aspiraci\u00f3n 1;H304;Toxicidad sist\u00e9mica espec\u00edfica de \u00f3rganos diana- exposiciones repetidas 2;H373;Irritaci\u00f3n cut\u00e1nea 2;H315;Toxicidad sist\u00e9mica espec\u00edfica de \u00f3rganos diana- exposici\u00f3n \u00fanica 3;H336;Peligros cr\u00f3nicos para el medio ambiente acu\u00e1tico 2;H411;Propano;74-98-6;>= 30 - < 40 %;ONU 1978;Gases inflamables 1;H220;Gases a presi\u00f3n;H280 Ver el texto completo de las frases H y otras abreviaturas en la secci\u00f3n 16. Para sustancias sin clasificaci\u00f3n pueden existir l\u00edmites de exposici\u00f3n en los lugares de trabajo.", "start_char_idx": null, "end_char_idx": null, "text_template": "{metadata_str}\n\n{content}", "metadata_template": "{key}: {value}", "metadata_seperator": "\n", "class_name": "TextNode"}, "__type__": "1"}, "4ab075b0-3b46-4445-8cbd-ee17d01c037d": {"__data__": {"id_": "4ab075b0-3b46-4445-8cbd-ee17d01c037d", "embedding": null, "metadata": {"document_title": "HOJA DE DATOS DE SEGURIDAD", "metadata_product": "Limpidador de Contacto", "metadata_description": "", "metadata_recommended_use": "Producto de limpieza para aplicaciones industriales.", "metadata_section": "Seccion 4: PRIMEROS AUXILIOS"}, "excluded_embed_metadata_keys": [], "excluded_llm_metadata_keys": [], "relationships": {"1": {"node_id": "a72843fe-40a8-40a1-9474-9851c527ffc7", "node_type": "4", "metadata": {"document_title": "HOJA DE DATOS DE SEGURIDAD", "metadata_product": "Limpidador de Contacto", "metadata_description": "", "metadata_recommended_use": "Producto de limpieza para aplicaciones industriales.", "metadata_section": "Seccion 4: PRIMEROS AUXILIOS"}, "hash": "11fd9f685314b0b557c32b1c44b68a2ebbdb85606eb4c31f2742c51d28207b8d", "class_name": "RelatedNodeInfo"}, "2": {"node_id": "db62c7b3-7156-4ca5-ab65-0f98c3dd9486", "node_type": "1", "metadata": {"document_title": "HOJA DE DATOS DE SEGURIDAD", "metadata_product": "Limpidador de Contacto", "metadata_description": "", "metadata_recommended_use": "Producto de limpieza para aplicaciones industriales.", "metadata_section": "Seccion 3: COMPOSICI\u00d3N/INFORMACI\u00d3N DE LOS COMPONENTES"}, "hash": "264e844d8948d48caa116e08777f177cffaedd0a8a53b0b3f9a54172309069e0", "class_name": "RelatedNodeInfo"}, "3": {"node_id": "0f3e8b4a-4457-4a4f-a0ef-ce3f39cb8997", "node_type": "1", "metadata": {"document_title": "HOJA DE DATOS DE SEGURIDAD", "metadata_product": "Limpidador de Contacto", "metadata_description": "", "metadata_recommended_use": "Producto de limpieza para aplicaciones industriales.", "metadata_section": "Seccion 5: MEDIDAS PARA LUCHA CONTRA INCENDIOS"}, "hash": "88cd1039dc79d9ad00db5e0672f4c30f09a9fb74cb76e5211774af0b8893f80d", "class_name": "RelatedNodeInfo"}}, "hash": "11fd9f685314b0b557c32b1c44b68a2ebbdb85606eb4c31f2742c51d28207b8d", "text": "Informaci\u00f3n general;En caso de exposici\u00f3n, es necesario tratamiento m\u00e9dico inmediato.\nInhalaci\u00f3n;Aire fresco, si persisten los s\u00edntomas consultar al doctor.\nContacto con la piel;Lavar inmediatamente bajo agua corriente (durante 10 min), acudir al m\u00e9dico especialista.\nContacto con los ojos;Lavar bajo agua corriente (durante 10 min.), acudir al m\u00e9dico.\nIngesti\u00f3n;No provocar v\u00f3mitos.\nS\u00edntomas y efectos, agudos y retardados, m\u00e1s importantes;En caso de contacto con la piel: de moderada a fuerte irritaci\u00f3n de la piel (enrojecimiento, inflamaci\u00f3n, quemadura), pueden aparecer quemaduras graves. Los vapores pueden causar somnolencia y sopor.\nProtecci\u00f3n de quienes brindan los primeros auxilios y notas especiales para un m\u00e9dico tratante;\nEvite el contacto con el producto mientras socorre a la v\u00edctima.;\nSi es necesario, el tratamiento sintom\u00e1tico debe incluir medidas de apoyo para corregir trastornos electrol\u00edticos y metab\u00f3licos, y la insuficiencia respiratoria.;\nEn caso de contacto con el producto no fre\u00edr el \u00e1rea afectada.", "start_char_idx": null, "end_char_idx": null, "text_template": "{metadata_str}\n\n{content}", "metadata_template": "{key}: {value}", "metadata_seperator": "\n", "class_name": "TextNode"}, "__type__": "1"}, "0f3e8b4a-4457-4a4f-a0ef-ce3f39cb8997": {"__data__": {"id_": "0f3e8b4a-4457-4a4f-a0ef-ce3f39cb8997", "embedding": null, "metadata": {"document_title": "HOJA DE DATOS DE SEGURIDAD", "metadata_product": "Limpidador de Contacto", "metadata_description": "", "metadata_recommended_use": "Producto de limpieza para aplicaciones industriales.", "metadata_section": "Seccion 5: MEDIDAS PARA LUCHA CONTRA INCENDIOS"}, "excluded_embed_metadata_keys": [], "excluded_llm_metadata_keys": [], "relationships": {"1": {"node_id": "3e1f7e2b-79cc-411c-91f9-8fdf2a69e97e", "node_type": "4", "metadata": {"document_title": "HOJA DE DATOS DE SEGURIDAD", "metadata_product": "Limpidador de Contacto", "metadata_description": "", "metadata_recommended_use": "Producto de limpieza para aplicaciones industriales.", "metadata_section": "Seccion 5: MEDIDAS PARA LUCHA CONTRA INCENDIOS"}, "hash": "88cd1039dc79d9ad00db5e0672f4c30f09a9fb74cb76e5211774af0b8893f80d", "class_name": "RelatedNodeInfo"}, "2": {"node_id": "4ab075b0-3b46-4445-8cbd-ee17d01c037d", "node_type": "1", "metadata": {"document_title": "HOJA DE DATOS DE SEGURIDAD", "metadata_product": "Limpidador de Contacto", "metadata_description": "", "metadata_recommended_use": "Producto de limpieza para aplicaciones industriales.", "metadata_section": "Seccion 4: PRIMEROS AUXILIOS"}, "hash": "11fd9f685314b0b557c32b1c44b68a2ebbdb85606eb4c31f2742c51d28207b8d", "class_name": "RelatedNodeInfo"}, "3": {"node_id": "71dc5236-edb0-415a-b875-bfe088d2498d", "node_type": "1", "metadata": {"document_title": "HOJA DE DATOS DE SEGURIDAD", "metadata_product": "Limpidador de Contacto", "metadata_description": "", "metadata_recommended_use": "Producto de limpieza para aplicaciones industriales.", "metadata_section": "Seccion 6: MEDIDAS QUE SE DEBEN TOMAR EN CASO DE DERRAME ACCIDENTAL"}, "hash": "a38f2e9db6c3f91416d002071c2ec148b892501c251a845b53859e6a492cdb2f", "class_name": "RelatedNodeInfo"}}, "hash": "88cd1039dc79d9ad00db5e0672f4c30f09a9fb74cb76e5211774af0b8893f80d", "text": "Extintor apropiado: Di\u00f3xido de carbono.; Producto qu\u00edmico seco.; Espuma Agentes de extinci\u00f3n inapropiados; Los chorros de agua a alta presi\u00f3n. Precauciones para el personal de emergencia y/o los bomberos; Usar equipo protector.; Usar equipo de respiraci\u00f3n adecuado a las condiciones ambientales del aire. Peligros espec\u00edficos asociados; En caso de incendio, mantenga los contenedores refrigerados con agua pulverizada. Formaci\u00f3n de productos de combusti\u00f3n o gases;: En caso de incendio pueden desprenderse gases t\u00f3xicos.", "start_char_idx": null, "end_char_idx": null, "text_template": "{metadata_str}\n\n{content}", "metadata_template": "{key}: {value}", "metadata_seperator": "\n", "class_name": "TextNode"}, "__type__": "1"}, "71dc5236-edb0-415a-b875-bfe088d2498d": {"__data__": {"id_": "71dc5236-edb0-415a-b875-bfe088d2498d", "embedding": null, "metadata": {"document_title": "HOJA DE DATOS DE SEGURIDAD", "metadata_product": "Limpidador de Contacto", "metadata_description": "", "metadata_recommended_use": "Producto de limpieza para aplicaciones industriales.", "metadata_section": "Seccion 6: MEDIDAS QUE SE DEBEN TOMAR EN CASO DE DERRAME ACCIDENTAL"}, "excluded_embed_metadata_keys": [], "excluded_llm_metadata_keys": [], "relationships": {"1": {"node_id": "9eb3518a-086b-4848-82fd-8d769ff7516e", "node_type": "4", "metadata": {"document_title": "HOJA DE DATOS DE SEGURIDAD", "metadata_product": "Limpidador de Contacto", "metadata_description": "", "metadata_recommended_use": "Producto de limpieza para aplicaciones industriales.", "metadata_section": "Seccion 6: MEDIDAS QUE SE DEBEN TOMAR EN CASO DE DERRAME ACCIDENTAL"}, "hash": "a38f2e9db6c3f91416d002071c2ec148b892501c251a845b53859e6a492cdb2f", "class_name": "RelatedNodeInfo"}, "2": {"node_id": "0f3e8b4a-4457-4a4f-a0ef-ce3f39cb8997", "node_type": "1", "metadata": {"document_title": "HOJA DE DATOS DE SEGURIDAD", "metadata_product": "Limpidador de Contacto", "metadata_description": "", "metadata_recommended_use": "Producto de limpieza para aplicaciones industriales.", "metadata_section": "Seccion 5: MEDIDAS PARA LUCHA CONTRA INCENDIOS"}, "hash": "88cd1039dc79d9ad00db5e0672f4c30f09a9fb74cb76e5211774af0b8893f80d", "class_name": "RelatedNodeInfo"}, "3": {"node_id": "112a404c-55ba-43fb-88c2-f21c755015fa", "node_type": "1", "metadata": {"document_title": "HOJA DE DATOS DE SEGURIDAD", "metadata_product": "Limpidador de Contacto", "metadata_description": "", "metadata_recommended_use": "Producto de limpieza para aplicaciones industriales.", "metadata_section": "Seccion 7: MANIPULACI\u00d3N Y ALMACENAMIENTO"}, "hash": "d11a7be17249b690dee7527476dc9aec1c78fcd1a42622a375e258663ec9555e", "class_name": "RelatedNodeInfo"}}, "hash": "a38f2e9db6c3f91416d002071c2ec148b892501c251a845b53859e6a492cdb2f", "text": "Equipo de protecci\u00f3n y Procedimientos de emergencia; Asegurar suficiente ventilaci\u00f3n.; Evite el contacto con los ojos y la piel.; Usar equipo protector. Medidas de precauci\u00f3n personales;: Evitar el contacto con los ojos y la piel.; Las personas que no sean parte del servicio de emergencia deben mantenerse alejadas. Precauciones medioambientales; No verter en el desag\u00fce/ aguas de superficie /aguas subterr\u00e1neas.; No deje el producto o restos del producto en el medio ambiente. M\u00e9todos y materiales de limpieza; Adsorber el producto restante con arena seca, tierra, vermiculita u otro material inerte. Coloque el material adsorbido en contenedores apropiados y ret\u00edralos a un lugar seguro donde pueden ser almacenados hasta la eliminaci\u00f3n.", "start_char_idx": null, "end_char_idx": null, "text_template": "{metadata_str}\n\n{content}", "metadata_template": "{key}: {value}", "metadata_seperator": "\n", "class_name": "TextNode"}, "__type__": "1"}, "112a404c-55ba-43fb-88c2-f21c755015fa": {"__data__": {"id_": "112a404c-55ba-43fb-88c2-f21c755015fa", "embedding": null, "metadata": {"document_title": "HOJA DE DATOS DE SEGURIDAD", "metadata_product": "Limpidador de Contacto", "metadata_description": "", "metadata_recommended_use": "Producto de limpieza para aplicaciones industriales.", "metadata_section": "Seccion 7: MANIPULACI\u00d3N Y ALMACENAMIENTO"}, "excluded_embed_metadata_keys": [], "excluded_llm_metadata_keys": [], "relationships": {"1": {"node_id": "240db9fc-6863-40bf-a61f-0727af52c2c1", "node_type": "4", "metadata": {"document_title": "HOJA DE DATOS DE SEGURIDAD", "metadata_product": "Limpidador de Contacto", "metadata_description": "", "metadata_recommended_use": "Producto de limpieza para aplicaciones industriales.", "metadata_section": "Seccion 7: MANIPULACI\u00d3N Y ALMACENAMIENTO"}, "hash": "d11a7be17249b690dee7527476dc9aec1c78fcd1a42622a375e258663ec9555e", "class_name": "RelatedNodeInfo"}, "2": {"node_id": "71dc5236-edb0-415a-b875-bfe088d2498d", "node_type": "1", "metadata": {"document_title": "HOJA DE DATOS DE SEGURIDAD", "metadata_product": "Limpidador de Contacto", "metadata_description": "", "metadata_recommended_use": "Producto de limpieza para aplicaciones industriales.", "metadata_section": "Seccion 6: MEDIDAS QUE SE DEBEN TOMAR EN CASO DE DERRAME ACCIDENTAL"}, "hash": "a38f2e9db6c3f91416d002071c2ec148b892501c251a845b53859e6a492cdb2f", "class_name": "RelatedNodeInfo"}, "3": {"node_id": "e1a40b4a-0d50-4a12-b1d2-a3f259d5346f", "node_type": "1", "metadata": {"document_title": "HOJA DE DATOS DE SEGURIDAD", "metadata_product": "Limpidador de Contacto", "metadata_description": "", "metadata_recommended_use": "Producto de limpieza para aplicaciones industriales.", "metadata_section": "Seccion 8: CONTROL DE EXPOSICI\u00d3N/PROTECCI\u00d3N PERSONAL"}, "hash": "6aa7708c77a468fd08f5a59ecefcd43d0c8800acffe75f836440d5d24e7fc194", "class_name": "RelatedNodeInfo"}}, "hash": "d11a7be17249b690dee7527476dc9aec1c78fcd1a42622a375e258663ec9555e", "text": "Manipulaci\u00f3n:; Evitese el contacto con los ojos y la piel.; Asegure que las salas de trabajo est\u00e9n adecuadamente ventiladas.; Usar equipo protector.; L\u00e1vense las manos antes de los descansos e inmediatamente despu\u00e9s de manipular la sustancia.; No comer, ni beber, ni fumar durante su utilizaci\u00f3n. Almacenamiento; Material adecuado para el embalaje: envase original.; Se debe mantener una distancia de 2.4 m entre sustancias peligrosas incompatibles. Adem\u00e1s, se deber\u00e1 mantener una distancia de 1.2 m entre las sustancias peligrosas y otras sustancias o mercanc\u00edas no peligrosas.; Almacenar en lugar seco y fresco.; Mantenga a temperaturas inferiores a 45\u00b0C.", "start_char_idx": null, "end_char_idx": null, "text_template": "{metadata_str}\n\n{content}", "metadata_template": "{key}: {value}", "metadata_seperator": "\n", "class_name": "TextNode"}, "__type__": "1"}, "e1a40b4a-0d50-4a12-b1d2-a3f259d5346f": {"__data__": {"id_": "e1a40b4a-0d50-4a12-b1d2-a3f259d5346f", "embedding": null, "metadata": {"document_title": "HOJA DE DATOS DE SEGURIDAD", "metadata_product": "Limpidador de Contacto", "metadata_description": "", "metadata_recommended_use": "Producto de limpieza para aplicaciones industriales.", "metadata_section": "Seccion 8: CONTROL DE EXPOSICI\u00d3N/PROTECCI\u00d3N PERSONAL"}, "excluded_embed_metadata_keys": [], "excluded_llm_metadata_keys": [], "relationships": {"1": {"node_id": "5d4ec863-77ae-41de-89f7-183e82998a7a", "node_type": "4", "metadata": {"document_title": "HOJA DE DATOS DE SEGURIDAD", "metadata_product": "Limpidador de Contacto", "metadata_description": "", "metadata_recommended_use": "Producto de limpieza para aplicaciones industriales.", "metadata_section": "Seccion 8: CONTROL DE EXPOSICI\u00d3N/PROTECCI\u00d3N PERSONAL"}, "hash": "6aa7708c77a468fd08f5a59ecefcd43d0c8800acffe75f836440d5d24e7fc194", "class_name": "RelatedNodeInfo"}, "2": {"node_id": "112a404c-55ba-43fb-88c2-f21c755015fa", "node_type": "1", "metadata": {"document_title": "HOJA DE DATOS DE SEGURIDAD", "metadata_product": "Limpidador de Contacto", "metadata_description": "", "metadata_recommended_use": "Producto de limpieza para aplicaciones industriales.", "metadata_section": "Seccion 7: MANIPULACI\u00d3N Y ALMACENAMIENTO"}, "hash": "d11a7be17249b690dee7527476dc9aec1c78fcd1a42622a375e258663ec9555e", "class_name": "RelatedNodeInfo"}, "3": {"node_id": "25ab84bd-3e38-458c-9c4f-1d218a97c182", "node_type": "1", "metadata": {"document_title": "HOJA DE DATOS DE SEGURIDAD", "metadata_product": "Limpidador de Contacto", "metadata_description": "", "metadata_recommended_use": "Producto de limpieza para aplicaciones industriales.", "metadata_section": "Seccion 9: PROPIEDADES F\u00cdSICAS Y QU\u00cdMICAS"}, "hash": "cf9a312d362e2f6d8d1790d96edc248ec892b22927c6b3606266070f40734259", "class_name": "RelatedNodeInfo"}}, "hash": "6aa7708c77a468fd08f5a59ecefcd43d0c8800acffe75f836440d5d24e7fc194", "text": "Par\u00e1metros de control; ; ; L\u00edmites de Exposici\u00f3n Ocupacional;V\u00e1lido para;Chile; Componente [Sustancia reglamentada];ppm;mg/m\u00b3;Tipo de valor;Categor\u00eda de exposici\u00f3n de corta duraci\u00f3n / Observaciones;Lista de Normativas hexano;110-54-3 [HEXANO (N)];44;154;L\u00edmite permisible ponderado (LPP); ;CL OEL \u00cdndice de exposici\u00f3n biol\u00f3gica; ; ; Ninguno; Medidas de ingenier\u00eda; Asegurar una adecuada ventilaci\u00f3n/aspiraci\u00f3n en el puesto de trabajo.; Protecci\u00f3n respiratoria; M\u00e1scara de respiraci\u00f3n necesaria cuando la ventilaci\u00f3n sea insuficiente.; Protecci\u00f3n de manos; guantes de protecci\u00f3n adecuados; ; ; ; ; ; ; ; ; ; ; ; ; ; Protecci\u00f3n de ojos; ; ; Util\u00edcense gafas protectoras con protector lateral.; ; ; ; ; ; ; ; ; ; ; ; ; ; Precauciones espec\u00edficas; ; ; No hay peligros t\u00e9rmicos.; ; ; ; ; ; ; ; ; ; ; ; ; ; Medidas de protecci\u00f3n general e higiene; ; ; Lavarse las manos antes de las pausas y al finalizar el trabajo.; ; ; ; ; ; No comer, beber ni fumar durante el trabajo.; ; ; ; ; ; Ev\u00edtese el contacto con los ojos y la piel.; ; ; ; ; ;", "start_char_idx": null, "end_char_idx": null, "text_template": "{metadata_str}\n\n{content}", "metadata_template": "{key}: {value}", "metadata_seperator": "\n", "class_name": "TextNode"}, "__type__": "1"}, "25ab84bd-3e38-458c-9c4f-1d218a97c182": {"__data__": {"id_": "25ab84bd-3e38-458c-9c4f-1d218a97c182", "embedding": null, "metadata": {"document_title": "HOJA DE DATOS DE SEGURIDAD", "metadata_product": "Limpidador de Contacto", "metadata_description": "", "metadata_recommended_use": "Producto de limpieza para aplicaciones industriales.", "metadata_section": "Seccion 9: PROPIEDADES F\u00cdSICAS Y QU\u00cdMICAS"}, "excluded_embed_metadata_keys": [], "excluded_llm_metadata_keys": [], "relationships": {"1": {"node_id": "ab447246-6b9c-4525-adc3-02e77b542641", "node_type": "4", "metadata": {"document_title": "HOJA DE DATOS DE SEGURIDAD", "metadata_product": "Limpidador de Contacto", "metadata_description": "", "metadata_recommended_use": "Producto de limpieza para aplicaciones industriales.", "metadata_section": "Seccion 9: PROPIEDADES F\u00cdSICAS Y QU\u00cdMICAS"}, "hash": "cf9a312d362e2f6d8d1790d96edc248ec892b22927c6b3606266070f40734259", "class_name": "RelatedNodeInfo"}, "2": {"node_id": "e1a40b4a-0d50-4a12-b1d2-a3f259d5346f", "node_type": "1", "metadata": {"document_title": "HOJA DE DATOS DE SEGURIDAD", "metadata_product": "Limpidador de Contacto", "metadata_description": "", "metadata_recommended_use": "Producto de limpieza para aplicaciones industriales.", "metadata_section": "Seccion 8: CONTROL DE EXPOSICI\u00d3N/PROTECCI\u00d3N PERSONAL"}, "hash": "6aa7708c77a468fd08f5a59ecefcd43d0c8800acffe75f836440d5d24e7fc194", "class_name": "RelatedNodeInfo"}, "3": {"node_id": "a09b9984-9b32-4453-ac68-2e5343c35e65", "node_type": "1", "metadata": {"document_title": "HOJA DE DATOS DE SEGURIDAD", "metadata_product": "Limpidador de Contacto", "metadata_description": "", "metadata_recommended_use": "Producto de limpieza para aplicaciones industriales.", "metadata_section": "Seccion 10: ESTABILIDAD Y REACTIVIDAD"}, "hash": "668bee30cb75f2a9406183f85add3588ae5f09a32aefd5dde61400e257df726d", "class_name": "RelatedNodeInfo"}}, "hash": "cf9a312d362e2f6d8d1790d96edc248ec892b22927c6b3606266070f40734259", "text": "Aspecto (Estado f\u00edsico, forma, color, etc): aerosol;L\u00edquido;Incoloro;Caracter\u00edstico; Olor; pH; No disponible; Punto de fusi\u00f3n/punto de congelamiento; No disponible; Punto de ebullici\u00f3n, punto inicial de ebullici\u00f3n y rango de ebullici\u00f3n; No disponible; Punto de inflamaci\u00f3n; -60 \u00b0C (-76 \u00b0F); L\u00edmites de explosividad; No disponible; Presi\u00f3n de vapor; No disponible; Densidad relativa del vapor (aire = 1); No disponible; Densidad/densidad relativa (agua = 1); 0,66 - 0,7 g/cm\u00b3; Solubilidad(es); No disponible; Coeficiente de partici\u00f3n n-octanol/agua; No disponible; Temperatura de autoinflamaci\u00f3n; No disponible; Temperatura de descomposici\u00f3n; No disponible; Inflamabilidad (s\u00f3lido, gas); F\u00e1cilmente inflamable.", "start_char_idx": null, "end_char_idx": null, "text_template": "{metadata_str}\n\n{content}", "metadata_template": "{key}: {value}", "metadata_seperator": "\n", "class_name": "TextNode"}, "__type__": "1"}, "a09b9984-9b32-4453-ac68-2e5343c35e65": {"__data__": {"id_": "a09b9984-9b32-4453-ac68-2e5343c35e65", "embedding": null, "metadata": {"document_title": "HOJA DE DATOS DE SEGURIDAD", "metadata_product": "Limpidador de Contacto", "metadata_description": "", "metadata_recommended_use": "Producto de limpieza para aplicaciones industriales.", "metadata_section": "Seccion 10: ESTABILIDAD Y REACTIVIDAD"}, "excluded_embed_metadata_keys": [], "excluded_llm_metadata_keys": [], "relationships": {"1": {"node_id": "e88b57f1-3ef9-4f9d-ab53-9ff707e7c3f9", "node_type": "4", "metadata": {"document_title": "HOJA DE DATOS DE SEGURIDAD", "metadata_product": "Limpidador de Contacto", "metadata_description": "", "metadata_recommended_use": "Producto de limpieza para aplicaciones industriales.", "metadata_section": "Seccion 10: ESTABILIDAD Y REACTIVIDAD"}, "hash": "668bee30cb75f2a9406183f85add3588ae5f09a32aefd5dde61400e257df726d", "class_name": "RelatedNodeInfo"}, "2": {"node_id": "25ab84bd-3e38-458c-9c4f-1d218a97c182", "node_type": "1", "metadata": {"document_title": "HOJA DE DATOS DE SEGURIDAD", "metadata_product": "Limpidador de Contacto", "metadata_description": "", "metadata_recommended_use": "Producto de limpieza para aplicaciones industriales.", "metadata_section": "Seccion 9: PROPIEDADES F\u00cdSICAS Y QU\u00cdMICAS"}, "hash": "cf9a312d362e2f6d8d1790d96edc248ec892b22927c6b3606266070f40734259", "class_name": "RelatedNodeInfo"}, "3": {"node_id": "28630fe7-46ca-4a9c-b2c9-c5df56195946", "node_type": "1", "metadata": {"document_title": "HOJA DE DATOS DE SEGURIDAD", "metadata_product": "Limpidador de Contacto", "metadata_description": "", "metadata_recommended_use": "Producto de limpieza para aplicaciones industriales.", "metadata_section": "Seccion 11: INFORMACI\u00d3N TOXICOL\u00d3GICA"}, "hash": "e49ab838dadfd54c03c475375bb6e77e4eca9b0544fddf611e153d3441b1c409", "class_name": "RelatedNodeInfo"}}, "hash": "668bee30cb75f2a9406183f85add3588ae5f09a32aefd5dde61400e257df726d", "text": "Estabilidad qu\u00edmica;Estable bajo condiciones normales de presi\u00f3n y temperatura.\nReacciones peligrosas;Reaccionan con oxidantes fuertes productos qu\u00edmicos (cloratos, per\u00f3xidos, \u00e1cidos y otros).\nCondiciones que deben evitarse;Calor, llamas, chispas y otras fuentes de ignici\u00f3n.\nMateriales incompatibles;A agentes oxidantes.\n\u00c1cidos.\nCloruros.\nPer\u00f3xidos.\nMateriales a evitar;No aplicable\nProductos de descomposici\u00f3n peligrosos;Mon\u00f3xido de carbono", "start_char_idx": null, "end_char_idx": null, "text_template": "{metadata_str}\n\n{content}", "metadata_template": "{key}: {value}", "metadata_seperator": "\n", "class_name": "TextNode"}, "__type__": "1"}, "28630fe7-46ca-4a9c-b2c9-c5df56195946": {"__data__": {"id_": "28630fe7-46ca-4a9c-b2c9-c5df56195946", "embedding": null, "metadata": {"document_title": "HOJA DE DATOS DE SEGURIDAD", "metadata_product": "Limpidador de Contacto", "metadata_description": "", "metadata_recommended_use": "Producto de limpieza para aplicaciones industriales.", "metadata_section": "Seccion 11: INFORMACI\u00d3N TOXICOL\u00d3GICA"}, "excluded_embed_metadata_keys": [], "excluded_llm_metadata_keys": [], "relationships": {"1": {"node_id": "aca02275-ae80-48e0-ab02-4b637a64ca30", "node_type": "4", "metadata": {"document_title": "HOJA DE DATOS DE SEGURIDAD", "metadata_product": "Limpidador de Contacto", "metadata_description": "", "metadata_recommended_use": "Producto de limpieza para aplicaciones industriales.", "metadata_section": "Seccion 11: INFORMACI\u00d3N TOXICOL\u00d3GICA"}, "hash": "e49ab838dadfd54c03c475375bb6e77e4eca9b0544fddf611e153d3441b1c409", "class_name": "RelatedNodeInfo"}, "2": {"node_id": "a09b9984-9b32-4453-ac68-2e5343c35e65", "node_type": "1", "metadata": {"document_title": "HOJA DE DATOS DE SEGURIDAD", "metadata_product": "Limpidador de Contacto", "metadata_description": "", "metadata_recommended_use": "Producto de limpieza para aplicaciones industriales.", "metadata_section": "Seccion 10: ESTABILIDAD Y REACTIVIDAD"}, "hash": "668bee30cb75f2a9406183f85add3588ae5f09a32aefd5dde61400e257df726d", "class_name": "RelatedNodeInfo"}, "3": {"node_id": "56e8f8a0-aa85-49a5-9e73-f30ebaf06ecf", "node_type": "1", "metadata": {"document_title": "HOJA DE DATOS DE SEGURIDAD", "metadata_product": "Limpidador de Contacto", "metadata_description": "", "metadata_recommended_use": "Producto de limpieza para aplicaciones industriales.", "metadata_section": "Seccion 11: INFORMACI\u00d3N TOXICOL\u00d3GICA"}, "hash": "9089ce3bfd80c121ed4c02cdd7e0edef022aa1653c46da331dd01c693e02b703", "class_name": "RelatedNodeInfo"}}, "hash": "e49ab838dadfd54c03c475375bb6e77e4eca9b0544fddf611e153d3441b1c409", "text": "Informaciones generales toxicol\u00f3gicos: Puede da\u00f1ar al ni\u00f1o en el seno materno. Puede perjudicar la fertilidad. Irritaci\u00f3n de la piel: Provoca irritaci\u00f3n cut\u00e1nea. Toxicidad oral aguda: Ingredientes peligrosos N\u00b0 CAS; Tipo de valor; Valor; Ruta de aplicaci\u00f3n; Tiempo de exposici\u00f3n; Especies; M\u00e9todo n-hexano 110-54-3; LD50; 16.000 mg/kg; oral; ; Rata; OECD Guideline 401 (Acute Oral Toxicity). Toxicidad inhalativa aguda: Ingredientes peligrosos N\u00b0 CAS; Tipo de valor; Valor; Ruta de aplicaci\u00f3n; Tiempo de exposici\u00f3n; Especies; M\u00e9todo n-hexano 110-54-3; LC50; > 31,86 mg/l; inhalaci\u00f3n; 4 h; Rata; no especificado Propano 74-98-6; LC50; > 800000 ppm; inhalaci\u00f3n; 15 minuto; Rata; no especificado. Toxicidad dermal aguda: Ingredientes peligrosos N\u00b0 CAS; Tipo de valor; Valor; Ruta de aplicaci\u00f3n; Tiempo de exposici\u00f3n; Especies; M\u00e9todo n-hexano 110-54-3; LD50; > 2.000 mg/kg; dermal; ; Conejo; no especificado. Corrosi\u00f3n o irritaci\u00f3n cut\u00e1neas: Ingredientes peligrosos N\u00b0 CAS; Resultado; Tiempo de exposici\u00f3n; Especies; M\u00e9todo n-hexano 110-54-3; no irritante; ; Conejo; OECD Guideline 404 (Acute Dermal Irritation / Corrosion). Lesiones o irritaci\u00f3n ocular graves: Ingredientes peligrosos; Resultado; Tiempo de exposici\u00f3n; Especies; M\u00e9todo n-hexano 110-54-3; no irritante; ; Conejo; no especificado. Sensibilizaci\u00f3n respiratoria o cut\u00e1nea: Ingredientes peligrosos; Resultado;", "start_char_idx": null, "end_char_idx": null, "text_template": "{metadata_str}\n\n{content}", "metadata_template": "{key}: {value}", "metadata_seperator": "\n", "class_name": "TextNode"}, "__type__": "1"}, "56e8f8a0-aa85-49a5-9e73-f30ebaf06ecf": {"__data__": {"id_": "56e8f8a0-aa85-49a5-9e73-f30ebaf06ecf", "embedding": null, "metadata": {"document_title": "HOJA DE DATOS DE SEGURIDAD", "metadata_product": "Limpidador de Contacto", "metadata_description": "", "metadata_recommended_use": "Producto de limpieza para aplicaciones industriales.", "metadata_section": "Seccion 11: INFORMACI\u00d3N TOXICOL\u00d3GICA"}, "excluded_embed_metadata_keys": [], "excluded_llm_metadata_keys": [], "relationships": {"1": {"node_id": "79567f07-0a62-4f00-a425-c22af9c5c282", "node_type": "4", "metadata": {"document_title": "HOJA DE DATOS DE SEGURIDAD", "metadata_product": "Limpidador de Contacto", "metadata_description": "", "metadata_recommended_use": "Producto de limpieza para aplicaciones industriales.", "metadata_section": "Seccion 11: INFORMACI\u00d3N TOXICOL\u00d3GICA"}, "hash": "9c965d1a16e35888add80b215f95566e6d215f0b06be4a7b00d0ab35dc8571b9", "class_name": "RelatedNodeInfo"}, "2": {"node_id": "28630fe7-46ca-4a9c-b2c9-c5df56195946", "node_type": "1", "metadata": {"document_title": "HOJA DE DATOS DE SEGURIDAD", "metadata_product": "Limpidador de Contacto", "metadata_description": "", "metadata_recommended_use": "Producto de limpieza para aplicaciones industriales.", "metadata_section": "Seccion 11: INFORMACI\u00d3N TOXICOL\u00d3GICA"}, "hash": "e49ab838dadfd54c03c475375bb6e77e4eca9b0544fddf611e153d3441b1c409", "class_name": "RelatedNodeInfo"}, "3": {"node_id": "1b08dcb5-ce57-4730-abc2-b9be959cbf67", "node_type": "1", "metadata": {"document_title": "HOJA DE DATOS DE SEGURIDAD", "metadata_product": "Limpidador de Contacto", "metadata_description": "", "metadata_recommended_use": "Producto de limpieza para aplicaciones industriales.", "metadata_section": "Seccion 11: INFORMACI\u00d3N TOXICOL\u00d3GICA"}, "hash": "5b90609e2487e3fceb3c3a8a9f4086db0bf5802fd813b0932a47a8f92f1dcbb9", "class_name": "RelatedNodeInfo"}}, "hash": "9089ce3bfd80c121ed4c02cdd7e0edef022aa1653c46da331dd01c693e02b703", "text": "Tipo de ensayo ensayo de ganglios linf\u00e1ticos locales; Especies; M\u00e9todo n-hexano 110-54-3; no sensibilizante; ; rat\u00f3n; OECD Guideline 429 (Skin Sensitisation: Local Lymph Node Assay). Mutagenicidad en c\u00e9lulas germinales: Ingredientes peligrosos; Resultado; Tipo de estudio / V\u00eda de administraci\u00f3n; Activaci\u00f3n metab\u00f3lica / tiempo de exposici\u00f3n con o sin; Especies; M\u00e9todo n-hexano 110-54-3; negativo; bacterial reverse mutation assay (e.g Ames test); ; Rata; OECD Guideline 471 (Bacterial Reverse Mutation Assay) n-hexano 110-54-3; negativo; ensayo de mutaci\u00f3n g\u00e9nica en c\u00e9lulas de mam\u00edferos; con o sin; rat\u00f3n; OECD Guideline 476 (In vitro Mammalian Cell Gene Mutation Test) n-hexano 110-54-3; negativo; inhalaci\u00f3n: vapor; ; rat\u00f3n; no especificado Propano 74-98-6; negativo; bacterial reverse mutation assay (e.g Ames test); con o sin; Rata; OECD Guideline 471 (Bacterial Reverse Mutation Assay) Propano 74-98-6; negativo; ensayo de aberraciones cromos\u00f3micas en vivo en mam\u00edferos; con o sin; Drosophila melanogaster Rata; OECD Guideline 473 (In vitro Mammalian Chromosome Aberration Test) Propano 74-98-6; negativo; inhalaci\u00f3n:gas; ; Rata; OECD Guideline 474 (Mammalian Erythrocyte Micronucleus Test). Carcinogenicidad: Ingredientes peligrosos;", "start_char_idx": null, "end_char_idx": null, "text_template": "{metadata_str}\n\n{content}", "metadata_template": "{key}: {value}", "metadata_seperator": "\n", "class_name": "TextNode"}, "__type__": "1"}, "1b08dcb5-ce57-4730-abc2-b9be959cbf67": {"__data__": {"id_": "1b08dcb5-ce57-4730-abc2-b9be959cbf67", "embedding": null, "metadata": {"document_title": "HOJA DE DATOS DE SEGURIDAD", "metadata_product": "Limpidador de Contacto", "metadata_description": "", "metadata_recommended_use": "Producto de limpieza para aplicaciones industriales.", "metadata_section": "Seccion 11: INFORMACI\u00d3N TOXICOL\u00d3GICA"}, "excluded_embed_metadata_keys": [], "excluded_llm_metadata_keys": [], "relationships": {"1": {"node_id": "dd9cab4e-9335-4466-9bc5-ea17d6fd5cde", "node_type": "4", "metadata": {"document_title": "HOJA DE DATOS DE SEGURIDAD", "metadata_product": "Limpidador de Contacto", "metadata_description": "", "metadata_recommended_use": "Producto de limpieza para aplicaciones industriales.", "metadata_section": "Seccion 11: INFORMACI\u00d3N TOXICOL\u00d3GICA"}, "hash": "5b90609e2487e3fceb3c3a8a9f4086db0bf5802fd813b0932a47a8f92f1dcbb9", "class_name": "RelatedNodeInfo"}, "2": {"node_id": "56e8f8a0-aa85-49a5-9e73-f30ebaf06ecf", "node_type": "1", "metadata": {"document_title": "HOJA DE DATOS DE SEGURIDAD", "metadata_product": "Limpidador de Contacto", "metadata_description": "", "metadata_recommended_use": "Producto de limpieza para aplicaciones industriales.", "metadata_section": "Seccion 11: INFORMACI\u00d3N TOXICOL\u00d3GICA"}, "hash": "9089ce3bfd80c121ed4c02cdd7e0edef022aa1653c46da331dd01c693e02b703", "class_name": "RelatedNodeInfo"}, "3": {"node_id": "5dfa9cd6-c7b4-47cf-8f4b-eaf06f639f1a", "node_type": "1", "metadata": {"document_title": "HOJA DE DATOS DE SEGURIDAD", "metadata_product": "Limpidador de Contacto", "metadata_description": "", "metadata_recommended_use": "Producto de limpieza para aplicaciones industriales.", "metadata_section": "Seccion 12: INFORMACI\u00d3N ECOL\u00d3GICA"}, "hash": "e932257e0434f1fd09581bdae0db4eaed5dc3e780d0ec80dea2b161c67aac6c7", "class_name": "RelatedNodeInfo"}}, "hash": "5b90609e2487e3fceb3c3a8a9f4086db0bf5802fd813b0932a47a8f92f1dcbb9", "text": "Resultado; Especies; Sexo; Tiempo de exposici\u00f3n/Frecuencia de tratamiento; Ruta de aplicaci\u00f3n; M\u00e9todo n-hexano 110-54-3; no cancer\u00edgeno; rat\u00f3n; hembra; 2 y 6 h/d; 5 d/w; inhalaci\u00f3n: vapor; OECD Guideline 451 (Carcinogenicity Studies). Toxicidad para la reproducci\u00f3n: Ingredientes peligrosos; Resultado / clasificaci\u00f3n; Especies; Tiempo de exposici\u00f3n; Especies; M\u00e9todo n-hexano 110-54-3; NOAEL > 9000 ppmNOAEL FI 3000 ppmNOAEL F2 3000 ppm; Two generation study inhalaci\u00f3n: vapor; 10 w; Rata; OECD Guideline 416 (Two-Generation Reproduction Toxicity Study) Propano 74-98-6; NOAEL F1 21,6 mg/lNOAEL F1 21,6 mg/l; ; screening inhalaci\u00f3n:g as; ; OECD Guideline 422 (Combined Repeated Dose Toxicity Study with the Reproduction / Developmental Toxicity Screening Test). Toxicidad espec\u00edfica en determinados \u00f3rganos (STOT) \u2013 exposici\u00f3n \u00fanica: Puede provocar somnolencia o v\u00e9rtigo. Toxicidad espec\u00edfica en determinados \u00f3rganos (STOT) \u2013 exposici\u00f3n repetida: Puede provocar da\u00f1os en los \u00f3rganos tras exposiciones prolongadas o repetidas. Peligro de aspiraci\u00f3n: No disponible.", "start_char_idx": null, "end_char_idx": null, "text_template": "{metadata_str}\n\n{content}", "metadata_template": "{key}: {value}", "metadata_seperator": "\n", "class_name": "TextNode"}, "__type__": "1"}, "5dfa9cd6-c7b4-47cf-8f4b-eaf06f639f1a": {"__data__": {"id_": "5dfa9cd6-c7b4-47cf-8f4b-eaf06f639f1a", "embedding": null, "metadata": {"document_title": "HOJA DE DATOS DE SEGURIDAD", "metadata_product": "Limpidador de Contacto", "metadata_description": "", "metadata_recommended_use": "Producto de limpieza para aplicaciones industriales.", "metadata_section": "Seccion 12: INFORMACI\u00d3N ECOL\u00d3GICA"}, "excluded_embed_metadata_keys": [], "excluded_llm_metadata_keys": [], "relationships": {"1": {"node_id": "33a60e4d-19a6-4c37-8845-406fa8082831", "node_type": "4", "metadata": {"document_title": "HOJA DE DATOS DE SEGURIDAD", "metadata_product": "Limpidador de Contacto", "metadata_description": "", "metadata_recommended_use": "Producto de limpieza para aplicaciones industriales.", "metadata_section": "Seccion 12: INFORMACI\u00d3N ECOL\u00d3GICA"}, "hash": "e932257e0434f1fd09581bdae0db4eaed5dc3e780d0ec80dea2b161c67aac6c7", "class_name": "RelatedNodeInfo"}, "2": {"node_id": "1b08dcb5-ce57-4730-abc2-b9be959cbf67", "node_type": "1", "metadata": {"document_title": "HOJA DE DATOS DE SEGURIDAD", "metadata_product": "Limpidador de Contacto", "metadata_description": "", "metadata_recommended_use": "Producto de limpieza para aplicaciones industriales.", "metadata_section": "Seccion 11: INFORMACI\u00d3N TOXICOL\u00d3GICA"}, "hash": "5b90609e2487e3fceb3c3a8a9f4086db0bf5802fd813b0932a47a8f92f1dcbb9", "class_name": "RelatedNodeInfo"}, "3": {"node_id": "8dab54e5-e929-49a9-93ad-bd38311516cf", "node_type": "1", "metadata": {"document_title": "HOJA DE DATOS DE SEGURIDAD", "metadata_product": "Limpidador de Contacto", "metadata_description": "", "metadata_recommended_use": "Producto de limpieza para aplicaciones industriales.", "metadata_section": "Seccion 13: INFORMACI\u00d3N SOBRE LA DISPOSICI\u00d3N FINAL"}, "hash": "914238fb0b61795ebc24faa10ad2fb33d31f453399fd2bd6b35548b7e3fa8234", "class_name": "RelatedNodeInfo"}}, "hash": "e932257e0434f1fd09581bdae0db4eaed5dc3e780d0ec80dea2b161c67aac6c7", "text": "Detalles generales de ecolog\u00eda;No verter en aguas residuales, en el suelo o en el medio acu\u00e1tico.\nToxico para la organismos acu\u00e1ticos.\nPuede provocar a largo plazo efectos negativos en el medio ambiente acu\u00e1tico.\nEcotoxicidad;\nIngredientes peligrosos N\u00b0 CAS;Tipo de valor;Valor;Estudio de Toxicidad Aguda;Tiempo de exposici\u00f3n;Especies;M\u00e9todo\nn-hexano 110-54-3;LC50;> 1 - 10 mg/l;peces;96 h;no especificado;OECD Guideline 203 (Fish, Acute Toxicity Test)\nn-hexano 110-54-3;EC50;2,1 mg/l;Daphnia;48 h;Daphnia magna;OECD Guideline 202 (Daphnia sp. Acute Immobilisation Test)\nn-hexano 110-54-3;EC50;> 1 - 10 mg/l;algas;72 h;no especificado;OECD Guideline 201 (Alga, Growth Inhibition Test)\nn-hexano 110-54-3;EC50;> 1 - 10 mg/l;Bacteria;3 h;no especificado;OECD Guideline 209 (Activated Sludge, Respiration Inhibition Test)\nPersistencia y degradabilidad;\nIngredientes peligrosos N\u00b0 CAS;Resultado;Ruta de aplicaci\u00f3n;Degradabilidad;M\u00e9todo\nn-hexano 110-54-3;desintegraci\u00f3n f\u00e1cil;biol\u00f3gica aerobio;81 %;OECD Guideline 301 F (Ready Biodegradability: Manometric Respirometry Test)\nPotencial de bioacumulaci\u00f3n;No hay datos.\nMovilidad en el suelo;\nIngredientes peligrosos N\u00b0 CAS;LogPow;Factor de bioconcentraci\u00f3n (BCF);Tiempo de exposici\u00f3n;Especies;Temperatura;M\u00e9todo\nn-hexano 110-54-3;4;;;20 \u00b0C;otra pauta:\nOtros efectos adversos;No hay datos.", "start_char_idx": null, "end_char_idx": null, "text_template": "{metadata_str}\n\n{content}", "metadata_template": "{key}: {value}", "metadata_seperator": "\n", "class_name": "TextNode"}, "__type__": "1"}, "8dab54e5-e929-49a9-93ad-bd38311516cf": {"__data__": {"id_": "8dab54e5-e929-49a9-93ad-bd38311516cf", "embedding": null, "metadata": {"document_title": "HOJA DE DATOS DE SEGURIDAD", "metadata_product": "Limpidador de Contacto", "metadata_description": "", "metadata_recommended_use": "Producto de limpieza para aplicaciones industriales.", "metadata_section": "Seccion 13: INFORMACI\u00d3N SOBRE LA DISPOSICI\u00d3N FINAL"}, "excluded_embed_metadata_keys": [], "excluded_llm_metadata_keys": [], "relationships": {"1": {"node_id": "33047ed6-ca2d-4284-a947-b087c723cc8b", "node_type": "4", "metadata": {"document_title": "HOJA DE DATOS DE SEGURIDAD", "metadata_product": "Limpidador de Contacto", "metadata_description": "", "metadata_recommended_use": "Producto de limpieza para aplicaciones industriales.", "metadata_section": "Seccion 13: INFORMACI\u00d3N SOBRE LA DISPOSICI\u00d3N FINAL"}, "hash": "914238fb0b61795ebc24faa10ad2fb33d31f453399fd2bd6b35548b7e3fa8234", "class_name": "RelatedNodeInfo"}, "2": {"node_id": "5dfa9cd6-c7b4-47cf-8f4b-eaf06f639f1a", "node_type": "1", "metadata": {"document_title": "HOJA DE DATOS DE SEGURIDAD", "metadata_product": "Limpidador de Contacto", "metadata_description": "", "metadata_recommended_use": "Producto de limpieza para aplicaciones industriales.", "metadata_section": "Seccion 12: INFORMACI\u00d3N ECOL\u00d3GICA"}, "hash": "e932257e0434f1fd09581bdae0db4eaed5dc3e780d0ec80dea2b161c67aac6c7", "class_name": "RelatedNodeInfo"}, "3": {"node_id": "5add01c2-87cf-46ae-a76a-7167c2cf9caa", "node_type": "1", "metadata": {"document_title": "HOJA DE DATOS DE SEGURIDAD", "metadata_product": "Limpidador de Contacto", "metadata_description": "", "metadata_recommended_use": "Producto de limpieza para aplicaciones industriales.", "metadata_section": "Seccion 14: INFORMACI\u00d3N SOBRE EL TRANSPORTE"}, "hash": "b02eb18ebca322c44ab79d689410956e7fb6a42df0fb5c25a201dce967ae18d2", "class_name": "RelatedNodeInfo"}}, "hash": "914238fb0b61795ebc24faa10ad2fb33d31f453399fd2bd6b35548b7e3fa8234", "text": "Evacuaci\u00f3n del producto;Eliminar de acuerdo con los siguientes reglamentos Chilenos vigentes: Decreto N\u00ba 1, Decreto Supremo N\u00ba 594, Decreto Supremo N\u00ba 609, y Decreto Supremo N\u00ba 148\" u otros aplicables al momento de eliminarlo.\nEvacuaci\u00f3n del envase sucio;\"Eliminar de acuerdo con los siguientes reglamentos Chilenos vigentes: Decreto N\u00b01, Decreto Supremo N\u00b0594, Decreto Supremo N\u00b0609 y, Decreto Supremo N\u00b0148\" u otros aplicables al momento de eliminarlo.", "start_char_idx": null, "end_char_idx": null, "text_template": "{metadata_str}\n\n{content}", "metadata_template": "{key}: {value}", "metadata_seperator": "\n", "class_name": "TextNode"}, "__type__": "1"}, "5add01c2-87cf-46ae-a76a-7167c2cf9caa": {"__data__": {"id_": "5add01c2-87cf-46ae-a76a-7167c2cf9caa", "embedding": null, "metadata": {"document_title": "HOJA DE DATOS DE SEGURIDAD", "metadata_product": "Limpidador de Contacto", "metadata_description": "", "metadata_recommended_use": "Producto de limpieza para aplicaciones industriales.", "metadata_section": "Seccion 14: INFORMACI\u00d3N SOBRE EL TRANSPORTE"}, "excluded_embed_metadata_keys": [], "excluded_llm_metadata_keys": [], "relationships": {"1": {"node_id": "bccf44a7-8757-4d3f-92e8-7f5e8bf808b5", "node_type": "4", "metadata": {"document_title": "HOJA DE DATOS DE SEGURIDAD", "metadata_product": "Limpidador de Contacto", "metadata_description": "", "metadata_recommended_use": "Producto de limpieza para aplicaciones industriales.", "metadata_section": "Seccion 14: INFORMACI\u00d3N SOBRE EL TRANSPORTE"}, "hash": "b02eb18ebca322c44ab79d689410956e7fb6a42df0fb5c25a201dce967ae18d2", "class_name": "RelatedNodeInfo"}, "2": {"node_id": "8dab54e5-e929-49a9-93ad-bd38311516cf", "node_type": "1", "metadata": {"document_title": "HOJA DE DATOS DE SEGURIDAD", "metadata_product": "Limpidador de Contacto", "metadata_description": "", "metadata_recommended_use": "Producto de limpieza para aplicaciones industriales.", "metadata_section": "Seccion 13: INFORMACI\u00d3N SOBRE LA DISPOSICI\u00d3N FINAL"}, "hash": "914238fb0b61795ebc24faa10ad2fb33d31f453399fd2bd6b35548b7e3fa8234", "class_name": "RelatedNodeInfo"}, "3": {"node_id": "b24f0c62-9c5a-47de-99a8-4ead9c82bb45", "node_type": "1", "metadata": {"document_title": "HOJA DE DATOS DE SEGURIDAD", "metadata_product": "Limpidador de Contacto", "metadata_description": "", "metadata_recommended_use": "Producto de limpieza para aplicaciones industriales.", "metadata_section": "Seccion 15: INFORMACI\u00d3N REGLAMENTARIA"}, "hash": "a13f2f8339fc0e1cd82097b8c568093c220d46f6e8115027fa04223fce3b4a9e", "class_name": "RelatedNodeInfo"}}, "hash": "b02eb18ebca322c44ab79d689410956e7fb6a42df0fb5c25a201dce967ae18d2", "text": "Transporte por carretera ADR;Clase;2;Grupo de embalaje;5F;C\u00f3digo de clasificaci\u00f3n;N\u00b0 caracterizaci\u00f3n del peligro;1950;N\u00b0 UN;1950;Etiqueta de peligro;2.1;Nombre t\u00e9cnico;AEROSOLES;Peligros ambientales;Peligroso para medio ambiente\nTransporte de ferrocarril RID;Clase;2;Grupo de embalaje;5F;C\u00f3digo de clasificaci\u00f3n;N\u00b0 caracterizaci\u00f3n del peligro;1950;N\u00b0 UN;1950;Etiqueta de peligro;2.1;Nombre t\u00e9cnico;AEROSOLES;Peligros ambientales;Peligroso para medio ambiente\nTransporte fluvial ADN;Clase;2;Grupo de embalaje;5F;C\u00f3digo de clasificaci\u00f3n;N\u00b0 caracterizaci\u00f3n del peligro;1950;N\u00b0 UN;1950;Etiqueta de peligro;2.1;Peligros ambientales;Peligroso para medio ambiente\nTransporte mar\u00edtimo IMDG;Clase;2.1;Grupo de embalaje;;N\u00b0 UN;1950;Etiqueta de peligro;2.1;EMS;F-D S-U;Peligros ambientales;Contaminante del mar;Nombre adecuado de transporte;AEROSOLS (Hexane)\nTransporte a\u00e9reo IATA;Clase;2.1;Grupo de embalaje;;Instrucci\u00f3n de embalaje (pasajeros);203;Instrucci\u00f3n de embalaje (carga);203;N\u00b0 UN;1950;Etiqueta de peligro;2.1;Nombre adecuado de transporte;Aerosoles, inflamables\nN\u00famero UN;UN1950", "start_char_idx": null, "end_char_idx": null, "text_template": "{metadata_str}\n\n{content}", "metadata_template": "{key}: {value}", "metadata_seperator": "\n", "class_name": "TextNode"}, "__type__": "1"}, "b24f0c62-9c5a-47de-99a8-4ead9c82bb45": {"__data__": {"id_": "b24f0c62-9c5a-47de-99a8-4ead9c82bb45", "embedding": null, "metadata": {"document_title": "HOJA DE DATOS DE SEGURIDAD", "metadata_product": "Limpidador de Contacto", "metadata_description": "", "metadata_recommended_use": "Producto de limpieza para aplicaciones industriales.", "metadata_section": "Seccion 15: INFORMACI\u00d3N REGLAMENTARIA"}, "excluded_embed_metadata_keys": [], "excluded_llm_metadata_keys": [], "relationships": {"1": {"node_id": "ebb63ae3-1e51-4a9e-b6f6-291e4340f45e", "node_type": "4", "metadata": {"document_title": "HOJA DE DATOS DE SEGURIDAD", "metadata_product": "Limpidador de Contacto", "metadata_description": "", "metadata_recommended_use": "Producto de limpieza para aplicaciones industriales.", "metadata_section": "Seccion 15: INFORMACI\u00d3N REGLAMENTARIA"}, "hash": "a13f2f8339fc0e1cd82097b8c568093c220d46f6e8115027fa04223fce3b4a9e", "class_name": "RelatedNodeInfo"}, "2": {"node_id": "5add01c2-87cf-46ae-a76a-7167c2cf9caa", "node_type": "1", "metadata": {"document_title": "HOJA DE DATOS DE SEGURIDAD", "metadata_product": "Limpidador de Contacto", "metadata_description": "", "metadata_recommended_use": "Producto de limpieza para aplicaciones industriales.", "metadata_section": "Seccion 14: INFORMACI\u00d3N SOBRE EL TRANSPORTE"}, "hash": "b02eb18ebca322c44ab79d689410956e7fb6a42df0fb5c25a201dce967ae18d2", "class_name": "RelatedNodeInfo"}, "3": {"node_id": "35d9fb1c-4aea-49bb-aa38-a30239e3b101", "node_type": "1", "metadata": {"document_title": "HOJA DE DATOS DE SEGURIDAD", "metadata_product": "Limpidador de Contacto", "metadata_description": "", "metadata_recommended_use": "Producto de limpieza para aplicaciones industriales.", "metadata_section": "Seccion 16: OTRAS INFORMACIONES"}, "hash": "40734d384165208ea597a01d963bc6b838f31cf63497b2768febc82402c4c4a0", "class_name": "RelatedNodeInfo"}}, "hash": "a13f2f8339fc0e1cd82097b8c568093c220d46f6e8115027fa04223fce3b4a9e", "text": "Reglamentaci\u00f3n y legislaci\u00f3n en materia de seguridad, salud y medio ambiente espec\u00edficas para la sustancia o la mezcla;NORMA CHILENA OFICIAL NCH382.03 Of 2013 - Sustancias peligrosas - Terminolog\u00eda y clasificaci\u00f3n general (equivalente a la norma DOT)\nNORMA CHILENA OFICIAL NCH1411/4 de 1978 - Prevenci\u00f3n de riesgos - Parte 4: Identificaci\u00f3n de riesgos de materiales (equivalente a la norma NFPA 704)\nNORMA CHILENA OFICIAL;NCH 2190 de 2003 - Transporte de sustancias peligrosas - Distintivos para identificaci\u00f3n de riesgos\nNorma Chilena N\u00ba2245/15, Sustancias Qu\u00edmica - Hoja de Datos de Seguridad - Requisitos.\nDecreto Supremo N\u00ba148/03, Reglamento sanitario sobre manejo de residuos peligrosos.\nDecreto Supremo N\u00ba298/94, Reglamento transporte de cargas peligrosas por calles y caminos.\nDecreto Supremo N\u00ba43/16, Aprueba el reglamento de almacenamiento de sustancias peligrosas.\nDecreto Supremo 594, Art\u00edculo 65, Reglamento sobre Condiciones Sanitarias y Ambientales B\u00e1sicas en los Lugares de Trabajo", "start_char_idx": null, "end_char_idx": null, "text_template": "{metadata_str}\n\n{content}", "metadata_template": "{key}: {value}", "metadata_seperator": "\n", "class_name": "TextNode"}, "__type__": "1"}, "35d9fb1c-4aea-49bb-aa38-a30239e3b101": {"__data__": {"id_": "35d9fb1c-4aea-49bb-aa38-a30239e3b101", "embedding": null, "metadata": {"document_title": "HOJA DE DATOS DE SEGURIDAD", "metadata_product": "Limpidador de Contacto", "metadata_description": "", "metadata_recommended_use": "Producto de limpieza para aplicaciones industriales.", "metadata_section": "Seccion 16: OTRAS INFORMACIONES"}, "excluded_embed_metadata_keys": [], "excluded_llm_metadata_keys": [], "relationships": {"1": {"node_id": "23b3f727-67e9-4a68-ae77-1f8626230e21", "node_type": "4", "metadata": {"document_title": "HOJA DE DATOS DE SEGURIDAD", "metadata_product": "Limpidador de Contacto", "metadata_description": "", "metadata_recommended_use": "Producto de limpieza para aplicaciones industriales.", "metadata_section": "Seccion 16: OTRAS INFORMACIONES"}, "hash": "40734d384165208ea597a01d963bc6b838f31cf63497b2768febc82402c4c4a0", "class_name": "RelatedNodeInfo"}, "2": {"node_id": "b24f0c62-9c5a-47de-99a8-4ead9c82bb45", "node_type": "1", "metadata": {"document_title": "HOJA DE DATOS DE SEGURIDAD", "metadata_product": "Limpidador de Contacto", "metadata_description": "", "metadata_recommended_use": "Producto de limpieza para aplicaciones industriales.", "metadata_section": "Seccion 15: INFORMACI\u00d3N REGLAMENTARIA"}, "hash": "a13f2f8339fc0e1cd82097b8c568093c220d46f6e8115027fa04223fce3b4a9e", "class_name": "RelatedNodeInfo"}, "3": {"node_id": "972a1dc1-78d8-40e6-b3a6-dfe88b8ef7ae", "node_type": "1", "metadata": {"document_title": "HOJA DE DATOS DE SEGURIDAD", "metadata_product": "Limpidador de Contacto", "metadata_description": "", "metadata_recommended_use": "Producto de limpieza para aplicaciones industriales.", "metadata_section": "Seccion 16: OTRAS INFORMACIONES"}, "hash": "b43a79f1493df160bb9e576399118bae9dd29efaf18f0ba3a9edd28ff6f44c5e", "class_name": "RelatedNodeInfo"}}, "hash": "40734d384165208ea597a01d963bc6b838f31cf63497b2768febc82402c4c4a0", "text": "Otra informaci\u00f3n;Esta Hoja de Datos de Seguridad ha sido emitida en conformidad a la Norma Chilena Oficial N\u00ba 2.245: 2015 (Hoja de Datos de Seguridad para productos qu\u00edmicos Contenido y orden de las secciones). Asimismo, esta Hoja de Datos de Seguridad contiene la informaci\u00f3n requerida en el Decreto Supremo N\u00ba 43/2015 del Ministerio de Salud de la Rep\u00fablica de Chile (Reglamento de almacenamiento de sustancias peligrosas). Esta Hoja de Datos de Seguridad no garantiza de ninguna manera el cumplimiento de la normativa aplicable de cualquier jurisdicci\u00f3n o pa\u00eds. Previa a la exportaci\u00f3n, verifique la normativa del pa\u00eds, sean estas de car\u00e1cter sustantivo, o relacionadas a la exportaci\u00f3n o a cualquier otra materia. Si requiere asistencia por favor contacte a la Oficina de Seguridad y Regulaci\u00f3n de Productos de Henkel.\nEl etiquetado del producto se incluye en la secci\u00f3n 2. El texto completo de todas las abreviaturas indicadas por c\u00f3digos en esta hoja de seguridad es el siguiente;\nH220 Gas extremadamente inflamable.\nH225 L\u00edquido y vapores muy inflamables.\nH304 Puede ser mortal en caso de ingesti\u00f3n y penetraci\u00f3n en las v\u00edas respiratorias.\nH315", "start_char_idx": null, "end_char_idx": null, "text_template": "{metadata_str}\n\n{content}", "metadata_template": "{key}: {value}", "metadata_seperator": "\n", "class_name": "TextNode"}, "__type__": "1"}, "972a1dc1-78d8-40e6-b3a6-dfe88b8ef7ae": {"__data__": {"id_": "972a1dc1-78d8-40e6-b3a6-dfe88b8ef7ae", "embedding": null, "metadata": {"document_title": "HOJA DE DATOS DE SEGURIDAD", "metadata_product": "Limpidador de Contacto", "metadata_description": "", "metadata_recommended_use": "Producto de limpieza para aplicaciones industriales.", "metadata_section": "Seccion 16: OTRAS INFORMACIONES"}, "excluded_embed_metadata_keys": [], "excluded_llm_metadata_keys": [], "relationships": {"1": {"node_id": "86f7ae6e-ca49-431e-8b9e-48f3b5302a54", "node_type": "4", "metadata": {"document_title": "HOJA DE DATOS DE SEGURIDAD", "metadata_product": "Limpidador de Contacto", "metadata_description": "", "metadata_recommended_use": "Producto de limpieza para aplicaciones industriales.", "metadata_section": "Seccion 16: OTRAS INFORMACIONES"}, "hash": "b43a79f1493df160bb9e576399118bae9dd29efaf18f0ba3a9edd28ff6f44c5e", "class_name": "RelatedNodeInfo"}, "2": {"node_id": "35d9fb1c-4aea-49bb-aa38-a30239e3b101", "node_type": "1", "metadata": {"document_title": "HOJA DE DATOS DE SEGURIDAD", "metadata_product": "Limpidador de Contacto", "metadata_description": "", "metadata_recommended_use": "Producto de limpieza para aplicaciones industriales.", "metadata_section": "Seccion 16: OTRAS INFORMACIONES"}, "hash": "40734d384165208ea597a01d963bc6b838f31cf63497b2768febc82402c4c4a0", "class_name": "RelatedNodeInfo"}}, "hash": "b43a79f1493df160bb9e576399118bae9dd29efaf18f0ba3a9edd28ff6f44c5e", "text": "Provoca irritaci\u00f3n cut\u00e1nea.\nH336 Puede provocar somnolencia o v\u00e9rtigo.\nH361f Se sospecha que perjudica la fertilidad.\nH373 Puede provocar da\u00f1os en los \u00f3rganos tras exposiciones prolongadas o repetidas.\nH411 T\u00f3xico para los organismos acu\u00e1ticos, con efectos duraderos.\nControl de cambios;Estructura de HDS actualizada\n;Cambio en todas las secciones\nAbreviaturas\nADNR:;Reglamento para el Transporte de Mercanc\u00edas Peligrosas en el Rin .\nADR:;Acuerdo Europeo sobre Transporte Internacional de Mercanc\u00edas Peligrosas por Carretera .\nBCF:;Factor de Bioconcentraci\u00f3n\nBEL:;Indice de Exposici\u00f3n Biol\u00f3gica\nCAS:;Servicio de Res\u00famenes de Productos Qu\u00edmicos\nSGA:;Sistema Globalmente Armonizado (GHS - Globally Harmonized System)\nIARC -;Agencia Internacional para la Investigaci\u00f3n sobre el C\u00e1ncer\nIATA - DGR -;Asociaci\u00f3n Internacional de Transporte A\u00e9reo - Regulamentaci\u00f3n de Mercanc\u00edas Peligrosas\nIMDG:;C\u00f3digo mar\u00edtimo internacional de mercanc\u00edas peligrosas\nLC 50:;Concentraci\u00f3n Letal 50%\nLD 50:;Dosis Letal 50%\nOCDE:;Organizaci\u00f3n para la Cooperaci\u00f3n y el Desarrollo Econ\u00f3mico\nRID:;Reglamento Internacional para el Transporte de Sustancias Peligrosas por Ferrocarril\nSTEL -;L\u00edmite de Exposici\u00f3n a largo plazo\nTLV:;Valor L\u00edmite Umbral\nTWA -;Tiempo promedio ponderado", "start_char_idx": null, "end_char_idx": null, "text_template": "{metadata_str}\n\n{content}", "metadata_template": "{key}: {value}", "metadata_seperator": "\n", "class_name": "TextNode"}, "__type__": "1"}}, "docstore/ref_doc_info": {"a06cde56-9370-448c-b3ac-95f8f939495d": {"node_ids": ["e3a6a00f-90ac-428d-97ba-1471a1f2efd3"], "metadata": {"document_title": "HOJA DE DATOS DE SEGURIDAD", "metadata_product": "Limpidador de Contacto", "metadata_description": "", "metadata_recommended_use": "Producto de limpieza para aplicaciones industriales.", "metadata_section": "Seccion 1: IDENTIFICACI\u00d3N DEL PRODUCTO QU\u00cdMICO Y DE LA EMPRESA"}}, "dca38157-6580-474b-a243-bec633a1eef6": {"node_ids": ["b59d286a-d5fa-4cc0-b334-0e5c50de3659"], "metadata": {"document_title": "HOJA DE DATOS DE SEGURIDAD", "metadata_product": "Limpidador de Contacto", "metadata_description": "", "metadata_recommended_use": "Producto de limpieza para aplicaciones industriales.", "metadata_section": "Seccion 2: IDENTIFICACI\u00d3N DE LOS PELIGROS"}}, "bdce02d4-6305-4128-b67d-570a4da6099f": {"node_ids": ["8675c4db-14e1-4678-8488-726335e1600d"], "metadata": {"document_title": "HOJA DE DATOS DE SEGURIDAD", "metadata_product": "Limpidador de Contacto", "metadata_description": "", "metadata_recommended_use": "Producto de limpieza para aplicaciones industriales.", "metadata_section": "Seccion 2: IDENTIFICACI\u00d3N DE LOS PELIGROS"}}, "88dc6a56-14ba-432d-8764-4b22f0fbdfc1": {"node_ids": ["db62c7b3-7156-4ca5-ab65-0f98c3dd9486"], "metadata": {"document_title": "HOJA DE DATOS DE SEGURIDAD", "metadata_product": "Limpidador de Contacto", "metadata_description": "", "metadata_recommended_use": "Producto de limpieza para aplicaciones industriales.", "metadata_section": "Seccion 3: COMPOSICI\u00d3N/INFORMACI\u00d3N DE LOS COMPONENTES"}}, "a72843fe-40a8-40a1-9474-9851c527ffc7": {"node_ids": ["4ab075b0-3b46-4445-8cbd-ee17d01c037d"], "metadata": {"document_title": "HOJA DE DATOS DE SEGURIDAD", "metadata_product": "Limpidador de Contacto", "metadata_description": "", "metadata_recommended_use": "Producto de limpieza para aplicaciones industriales.", "metadata_section": "Seccion 4: PRIMEROS AUXILIOS"}}, "3e1f7e2b-79cc-411c-91f9-8fdf2a69e97e": {"node_ids": ["0f3e8b4a-4457-4a4f-a0ef-ce3f39cb8997"], "metadata": {"document_title": "HOJA DE DATOS DE SEGURIDAD", "metadata_product": "Limpidador de Contacto", "metadata_description": "", "metadata_recommended_use": "Producto de limpieza para aplicaciones industriales.", "metadata_section": "Seccion 5: MEDIDAS PARA LUCHA CONTRA INCENDIOS"}}, "9eb3518a-086b-4848-82fd-8d769ff7516e": {"node_ids": ["71dc5236-edb0-415a-b875-bfe088d2498d"], "metadata": {"document_title": "HOJA DE DATOS DE SEGURIDAD", "metadata_product": "Limpidador de Contacto", "metadata_description": "", "metadata_recommended_use": "Producto de limpieza para aplicaciones industriales.", "metadata_section": "Seccion 6: MEDIDAS QUE SE DEBEN TOMAR EN CASO DE DERRAME ACCIDENTAL"}}, "240db9fc-6863-40bf-a61f-0727af52c2c1": {"node_ids": ["112a404c-55ba-43fb-88c2-f21c755015fa"], "metadata": {"document_title": "HOJA DE DATOS DE SEGURIDAD", "metadata_product": "Limpidador de Contacto", "metadata_description": "", "metadata_recommended_use": "Producto de limpieza para aplicaciones industriales.", "metadata_section": "Seccion 7: MANIPULACI\u00d3N Y ALMACENAMIENTO"}}, "5d4ec863-77ae-41de-89f7-183e82998a7a": {"node_ids": ["e1a40b4a-0d50-4a12-b1d2-a3f259d5346f"], "metadata": {"document_title": "HOJA DE DATOS DE SEGURIDAD", "metadata_product": "Limpidador de Contacto", "metadata_description": "", "metadata_recommended_use": "Producto de limpieza para aplicaciones industriales.", "metadata_section": "Seccion 8: CONTROL DE EXPOSICI\u00d3N/PROTECCI\u00d3N PERSONAL"}}, "ab447246-6b9c-4525-adc3-02e77b542641": {"node_ids": ["25ab84bd-3e38-458c-9c4f-1d218a97c182"], "metadata": {"document_title": "HOJA DE DATOS DE SEGURIDAD", "metadata_product": "Limpidador de Contacto", "metadata_description": "", "metadata_recommended_use": "Producto de limpieza para aplicaciones industriales.", "metadata_section": "Seccion 9: PROPIEDADES F\u00cdSICAS Y QU\u00cdMICAS"}}, "e88b57f1-3ef9-4f9d-ab53-9ff707e7c3f9": {"node_ids": ["a09b9984-9b32-4453-ac68-2e5343c35e65"], "metadata": {"document_title": "HOJA DE DATOS DE SEGURIDAD", "metadata_product": "Limpidador de Contacto", "metadata_description": "", "metadata_recommended_use": "Producto de limpieza para aplicaciones industriales.", "metadata_section": "Seccion 10: ESTABILIDAD Y REACTIVIDAD"}}, "aca02275-ae80-48e0-ab02-4b637a64ca30": {"node_ids": ["28630fe7-46ca-4a9c-b2c9-c5df56195946"], "metadata": {"document_title": "HOJA DE DATOS DE SEGURIDAD", "metadata_product": "Limpidador de Contacto", "metadata_description": "", "metadata_recommended_use": "Producto de limpieza para aplicaciones industriales.", "metadata_section": "Seccion 11: INFORMACI\u00d3N TOXICOL\u00d3GICA"}}, "79567f07-0a62-4f00-a425-c22af9c5c282": {"node_ids": ["56e8f8a0-aa85-49a5-9e73-f30ebaf06ecf"], "metadata": {"document_title": "HOJA DE DATOS DE SEGURIDAD", "metadata_product": "Limpidador de Contacto", "metadata_description": "", "metadata_recommended_use": "Producto de limpieza para aplicaciones industriales.", "metadata_section": "Seccion 11: INFORMACI\u00d3N TOXICOL\u00d3GICA"}}, "dd9cab4e-9335-4466-9bc5-ea17d6fd5cde": {"node_ids": ["1b08dcb5-ce57-4730-abc2-b9be959cbf67"], "metadata": {"document_title": "HOJA DE DATOS DE SEGURIDAD", "metadata_product": "Limpidador de Contacto", "metadata_description": "", "metadata_recommended_use": "Producto de limpieza para aplicaciones industriales.", "metadata_section": "Seccion 11: INFORMACI\u00d3N TOXICOL\u00d3GICA"}}, "33a60e4d-19a6-4c37-8845-406fa8082831": {"node_ids": ["5dfa9cd6-c7b4-47cf-8f4b-eaf06f639f1a"], "metadata": {"document_title": "HOJA DE DATOS DE SEGURIDAD", "metadata_product": "Limpidador de Contacto", "metadata_description": "", "metadata_recommended_use": "Producto de limpieza para aplicaciones industriales.", "metadata_section": "Seccion 12: INFORMACI\u00d3N ECOL\u00d3GICA"}}, "33047ed6-ca2d-4284-a947-b087c723cc8b": {"node_ids": ["8dab54e5-e929-49a9-93ad-bd38311516cf"], "metadata": {"document_title": "HOJA DE DATOS DE SEGURIDAD", "metadata_product": "Limpidador de Contacto", "metadata_description": "", "metadata_recommended_use": "Producto de limpieza para aplicaciones industriales.", "metadata_section": "Seccion 13: INFORMACI\u00d3N SOBRE LA DISPOSICI\u00d3N FINAL"}}, "bccf44a7-8757-4d3f-92e8-7f5e8bf808b5": {"node_ids": ["5add01c2-87cf-46ae-a76a-7167c2cf9caa"], "metadata": {"document_title": "HOJA DE DATOS DE SEGURIDAD", "metadata_product": "Limpidador de Contacto", "metadata_description": "", "metadata_recommended_use": "Producto de limpieza para aplicaciones industriales.", "metadata_section": "Seccion 14: INFORMACI\u00d3N SOBRE EL TRANSPORTE"}}, "ebb63ae3-1e51-4a9e-b6f6-291e4340f45e": {"node_ids": ["b24f0c62-9c5a-47de-99a8-4ead9c82bb45"], "metadata": {"document_title": "HOJA DE DATOS DE SEGURIDAD", "metadata_product": "Limpidador de Contacto", "metadata_description": "", "metadata_recommended_use": "Producto de limpieza para aplicaciones industriales.", "metadata_section": "Seccion 15: INFORMACI\u00d3N REGLAMENTARIA"}}, "23b3f727-67e9-4a68-ae77-1f8626230e21": {"node_ids": ["35d9fb1c-4aea-49bb-aa38-a30239e3b101"], "metadata": {"document_title": "HOJA DE DATOS DE SEGURIDAD", "metadata_product": "Limpidador de Contacto", "metadata_description": "", "metadata_recommended_use": "Producto de limpieza para aplicaciones industriales.", "metadata_section": "Seccion 16: OTRAS INFORMACIONES"}}, "86f7ae6e-ca49-431e-8b9e-48f3b5302a54": {"node_ids": ["972a1dc1-78d8-40e6-b3a6-dfe88b8ef7ae"], "metadata": {"document_title": "HOJA DE DATOS DE SEGURIDAD", "metadata_product": "Limpidador de Contacto", "metadata_description": "", "metadata_recommended_use": "Producto de limpieza para aplicaciones industriales.", "metadata_section": "Seccion 16: OTRAS INFORMACIONES"}}}, "docstore/metadata": {"e3a6a00f-90ac-428d-97ba-1471a1f2efd3": {"doc_hash": "0788d4d8c4abc92d5274f6b39430234c05bed9df9e5c9f4ce4c0f3704b5c8133", "ref_doc_id": "a06cde56-9370-448c-b3ac-95f8f939495d"}, "b59d286a-d5fa-4cc0-b334-0e5c50de3659": {"doc_hash": "19f6caec036f0ad6f9e0b62abfb784a9cf310e00bc03af12f4dda9c56a7cb24a", "ref_doc_id": "dca38157-6580-474b-a243-bec633a1eef6"}, "8675c4db-14e1-4678-8488-726335e1600d": {"doc_hash": "2a978e76fd34858d3c7572f17f89613e155ae9ea4760364f020b010e38a743ae", "ref_doc_id": "bdce02d4-6305-4128-b67d-570a4da6099f"}, "db62c7b3-7156-4ca5-ab65-0f98c3dd9486": {"doc_hash": "264e844d8948d48caa116e08777f177cffaedd0a8a53b0b3f9a54172309069e0", "ref_doc_id": "88dc6a56-14ba-432d-8764-4b22f0fbdfc1"}, "4ab075b0-3b46-4445-8cbd-ee17d01c037d": {"doc_hash": "11fd9f685314b0b557c32b1c44b68a2ebbdb85606eb4c31f2742c51d28207b8d", "ref_doc_id": "a72843fe-40a8-40a1-9474-9851c527ffc7"}, "0f3e8b4a-4457-4a4f-a0ef-ce3f39cb8997": {"doc_hash": "88cd1039dc79d9ad00db5e0672f4c30f09a9fb74cb76e5211774af0b8893f80d", "ref_doc_id": "3e1f7e2b-79cc-411c-91f9-8fdf2a69e97e"}, "71dc5236-edb0-415a-b875-bfe088d2498d": {"doc_hash": "a38f2e9db6c3f91416d002071c2ec148b892501c251a845b53859e6a492cdb2f", "ref_doc_id": "9eb3518a-086b-4848-82fd-8d769ff7516e"}, "112a404c-55ba-43fb-88c2-f21c755015fa": {"doc_hash": "d11a7be17249b690dee7527476dc9aec1c78fcd1a42622a375e258663ec9555e", "ref_doc_id": "240db9fc-6863-40bf-a61f-0727af52c2c1"}, "e1a40b4a-0d50-4a12-b1d2-a3f259d5346f": {"doc_hash": "6aa7708c77a468fd08f5a59ecefcd43d0c8800acffe75f836440d5d24e7fc194", "ref_doc_id": "5d4ec863-77ae-41de-89f7-183e82998a7a"}, "25ab84bd-3e38-458c-9c4f-1d218a97c182": {"doc_hash": "cf9a312d362e2f6d8d1790d96edc248ec892b22927c6b3606266070f40734259", "ref_doc_id": "ab447246-6b9c-4525-adc3-02e77b542641"}, "a09b9984-9b32-4453-ac68-2e5343c35e65": {"doc_hash": "668bee30cb75f2a9406183f85add3588ae5f09a32aefd5dde61400e257df726d", "ref_doc_id": "e88b57f1-3ef9-4f9d-ab53-9ff707e7c3f9"}, "28630fe7-46ca-4a9c-b2c9-c5df56195946": {"doc_hash": "e49ab838dadfd54c03c475375bb6e77e4eca9b0544fddf611e153d3441b1c409", "ref_doc_id": "aca02275-ae80-48e0-ab02-4b637a64ca30"}, "56e8f8a0-aa85-49a5-9e73-f30ebaf06ecf": {"doc_hash": "9089ce3bfd80c121ed4c02cdd7e0edef022aa1653c46da331dd01c693e02b703", "ref_doc_id": "79567f07-0a62-4f00-a425-c22af9c5c282"}, "1b08dcb5-ce57-4730-abc2-b9be959cbf67": {"doc_hash": "5b90609e2487e3fceb3c3a8a9f4086db0bf5802fd813b0932a47a8f92f1dcbb9", "ref_doc_id": "dd9cab4e-9335-4466-9bc5-ea17d6fd5cde"}, "5dfa9cd6-c7b4-47cf-8f4b-eaf06f639f1a": {"doc_hash": "e932257e0434f1fd09581bdae0db4eaed5dc3e780d0ec80dea2b161c67aac6c7", "ref_doc_id": "33a60e4d-19a6-4c37-8845-406fa8082831"}, "8dab54e5-e929-49a9-93ad-bd38311516cf": {"doc_hash": "914238fb0b61795ebc24faa10ad2fb33d31f453399fd2bd6b35548b7e3fa8234", "ref_doc_id": "33047ed6-ca2d-4284-a947-b087c723cc8b"}, "5add01c2-87cf-46ae-a76a-7167c2cf9caa": {"doc_hash": "b02eb18ebca322c44ab79d689410956e7fb6a42df0fb5c25a201dce967ae18d2", "ref_doc_id": "bccf44a7-8757-4d3f-92e8-7f5e8bf808b5"}, "b24f0c62-9c5a-47de-99a8-4ead9c82bb45": {"doc_hash": "a13f2f8339fc0e1cd82097b8c568093c220d46f6e8115027fa04223fce3b4a9e", "ref_doc_id": "ebb63ae3-1e51-4a9e-b6f6-291e4340f45e"}, "35d9fb1c-4aea-49bb-aa38-a30239e3b101": {"doc_hash": "40734d384165208ea597a01d963bc6b838f31cf63497b2768febc82402c4c4a0", "ref_doc_id": "23b3f727-67e9-4a68-ae77-1f8626230e21"}, "972a1dc1-78d8-40e6-b3a6-dfe88b8ef7ae": {"doc_hash": "b43a79f1493df160bb9e576399118bae9dd29efaf18f0ba3a9edd28ff6f44c5e", "ref_doc_id": "86f7ae6e-ca49-431e-8b9e-48f3b5302a54"}}}