{"docstore/data": {"8d1d27d9-6e05-485a-ad69-ead9dc9e19f3": {"__data__": {"id_": "8d1d27d9-6e05-485a-ad69-ead9dc9e19f3", "embedding": null, "metadata": {"document_title": "HOJA DE DATOS DE SEGURIDAD", "metadata_product": "MOBILGREASE XHP 681 MINE", "metadata_description": "Base lubricante y Aditivos", "metadata_recommended_use": "Grasa", "metadata_section": "IDENTIFICACI\u00d3N DE LOS PELIGROS"}, "excluded_embed_metadata_keys": [], "excluded_llm_metadata_keys": [], "relationships": {"1": {"node_id": "3dcfe025-7380-40c5-8926-8ec9801a3775", "node_type": "4", "metadata": {"document_title": "HOJA DE DATOS DE SEGURIDAD", "metadata_product": "MOBILGREASE XHP 681 MINE", "metadata_description": "Base lubricante y Aditivos", "metadata_recommended_use": "Grasa", "metadata_section": "IDENTIFICACI\u00d3N DE LOS PELIGROS"}, "hash": "a49d2e6414835dcd36d19f4f9457ae0299e99b342736f8e09726d69cbf61dd3b", "class_name": "RelatedNodeInfo"}, "3": {"node_id": "d6969aa8-4e43-4028-87d7-a16ba367b208", "node_type": "1", "metadata": {"document_title": "HOJA DE DATOS DE SEGURIDAD", "metadata_product": "MOBILGREASE XHP 681 MINE", "metadata_description": "Base lubricante y Aditivos", "metadata_recommended_use": "Grasa", "metadata_section": "COMPOSICI\u00d3N / INFORMACI\u00d3N DE LOS COMPONENTES"}, "hash": "91fc1edbde0633b72f56723cf95f32d8c702dcb0cec683fc017b9b61a8f7a0ec", "class_name": "RelatedNodeInfo"}}, "hash": "a49d2e6414835dcd36d19f4f9457ae0299e99b342736f8e09726d69cbf61dd3b", "text": "CLASIFICACI\u00d3N SEG\u00daN NCh382: No peligroso\nIDENTIFICACI\u00d3N DE PELIGRO SEG\u00daN NCh2190: No peligroso\nEste material no es peligroso de acuerdo con las gu\u00eda regulatorias SGA (ver Secci\u00f3n 15 de la HDS)\nOtra informaci\u00f3n relativa a los peligros:\nPELIGROS F\u00cdSICOS / QU\u00cdMICOS AGUDOS Y CR\u00d3NICOS\nNing\u00fan peligro significativo.\nPELIGROS PARA LA SALUD AGUDOS Y CR\u00d3NICOS\nLa inyecci\u00f3n a alta presi\u00f3n bajo la piel puede causar da\u00f1os graves. Exposici\u00f3n excesiva puede ocasionar irritaci\u00f3n a los ojos, a la piel o irritaci\u00f3n respiratoria.\nPELIGROS AL MEDIO AMBIENTE AGUDOS Y CR\u00d3NICOS\nNing\u00fan peligro significativo.\n\nEl siguiente enlace correponde a la imagen del rombo de seguridad del producto https://i.imgur.com/s9UQg5h.png \nEl rombo tiene cuatro secciones, cada una de las cuales representa un tipo de peligro:\nSalud: El n\u00famero 0 en la secci\u00f3n de salud significa que la grasa no es peligrosa para la salud, incluso en caso de exposici\u00f3n prolongada o repetida.\nInflamabilidad: El n\u00famero 1 en la secci\u00f3n de inflamabilidad significa que la grasa es un material inflamable. La grasa puede incendiarse en contacto con una fuente de calor o una llama abierta.\nReactividad: El n\u00famero 0 en la secci\u00f3n de reactividad significa que la grasa no es un material reactivo. La grasa no es susceptible de reaccionar con otras sustancias para formar productos peligrosos. \n\nNOTA: Este material no se deber\u00eda usar para ning\u00fan otro prop\u00f3sito que el uso previsto en la Secci\u00f3n 1 sin la asesor\u00eda de un experto. Los estudios sobre salud han mostrado que la exposici\u00f3n a productos qu\u00edmicos puede causar riesgos potenciales para la salud de los humanos los cuales pueden variar de persona a persona.", "start_char_idx": null, "end_char_idx": null, "text_template": "{metadata_str}\n\n{content}", "metadata_template": "{key}: {value}", "metadata_seperator": "\n", "class_name": "TextNode"}, "__type__": "1"}, "d6969aa8-4e43-4028-87d7-a16ba367b208": {"__data__": {"id_": "d6969aa8-4e43-4028-87d7-a16ba367b208", "embedding": null, "metadata": {"document_title": "HOJA DE DATOS DE SEGURIDAD", "metadata_product": "MOBILGREASE XHP 681 MINE", "metadata_description": "Base lubricante y Aditivos", "metadata_recommended_use": "Grasa", "metadata_section": "COMPOSICI\u00d3N / INFORMACI\u00d3N DE LOS COMPONENTES"}, "excluded_embed_metadata_keys": [], "excluded_llm_metadata_keys": [], "relationships": {"1": {"node_id": "67d82c9b-5e6b-4d04-915a-b7560e95ac23", "node_type": "4", "metadata": {"document_title": "HOJA DE DATOS DE SEGURIDAD", "metadata_product": "MOBILGREASE XHP 681 MINE", "metadata_description": "Base lubricante y Aditivos", "metadata_recommended_use": "Grasa", "metadata_section": "COMPOSICI\u00d3N / INFORMACI\u00d3N DE LOS COMPONENTES"}, "hash": "cd00c26b8e7d7ba99308856761ca2b17afdf9f846f8ebae186f9f42e3b509baf", "class_name": "RelatedNodeInfo"}, "2": {"node_id": "8d1d27d9-6e05-485a-ad69-ead9dc9e19f3", "node_type": "1", "metadata": {"document_title": "HOJA DE DATOS DE SEGURIDAD", "metadata_product": "MOBILGREASE XHP 681 MINE", "metadata_description": "Base lubricante y Aditivos", "metadata_recommended_use": "Grasa", "metadata_section": "IDENTIFICACI\u00d3N DE LOS PELIGROS"}, "hash": "a49d2e6414835dcd36d19f4f9457ae0299e99b342736f8e09726d69cbf61dd3b", "class_name": "RelatedNodeInfo"}, "3": {"node_id": "b402e890-90fd-4a93-af78-c540af3d62ba", "node_type": "1", "metadata": {"document_title": "HOJA DE DATOS DE SEGURIDAD", "metadata_product": "MOBILGREASE XHP 681 MINE", "metadata_description": "Base lubricante y Aditivos", "metadata_recommended_use": "Grasa", "metadata_section": "PRIMEROS AUXILIOS"}, "hash": "35b46f77325d452dc7bf9519408bc4ccf89a756a7d793f42e107b9fee56b8009", "class_name": "RelatedNodeInfo"}}, "hash": "91fc1edbde0633b72f56723cf95f32d8c702dcb0cec683fc017b9b61a8f7a0ec", "text": "Este material est\u00e1 definido como una mezcla.\nSustancia(s) Peligrosa(s) o Sustancia(s) Compleja(s) que requiere divulgaci\u00f3n\nNombre;CAS#;Concentraci\u00f3n*;C\u00f3digos SGA de Peligro\nASFALTO (PETROLEO);8052-42-4;5-<10%;Ninguno\nBENCENAMINA, N-FENIL-, PRODUCTOS DE REACCI\u00d3N CON 2,4,4-TRIMETILPE\u039d\u03a4\u0395\u039d\u039f;68411-46-1;1-<5%;H402, H412\nACIDO CARBONICO, SAL DE CALCIO (1:1);471-34-1;1-5%;Ninguno\nSULFURO DE MOLIBDENO (IV);1317-33-5;5-<10%;Ninguno\nDIALQUIL DITIOFOSFATO DE ZINC;68457-79-4;1-< 2.5%;H315, H318, H401, H411\nSULFONATO DE ZINC DINONIL NAFTALENO;28016-00-4;0.1 - <1%;H315, H319(2A), H317\n* Todas las concentraciones est\u00e1n en porcentaje en peso a menos que el ingrediente sea un gas. Las\nconcentraciones de gases est\u00e1n en porcentaje por volumen.", "start_char_idx": null, "end_char_idx": null, "text_template": "{metadata_str}\n\n{content}", "metadata_template": "{key}: {value}", "metadata_seperator": "\n", "class_name": "TextNode"}, "__type__": "1"}, "b402e890-90fd-4a93-af78-c540af3d62ba": {"__data__": {"id_": "b402e890-90fd-4a93-af78-c540af3d62ba", "embedding": null, "metadata": {"document_title": "HOJA DE DATOS DE SEGURIDAD", "metadata_product": "MOBILGREASE XHP 681 MINE", "metadata_description": "Base lubricante y Aditivos", "metadata_recommended_use": "Grasa", "metadata_section": "PRIMEROS AUXILIOS"}, "excluded_embed_metadata_keys": [], "excluded_llm_metadata_keys": [], "relationships": {"1": {"node_id": "e311b39d-8a5a-4370-832f-4d42f2b6e0fe", "node_type": "4", "metadata": {"document_title": "HOJA DE DATOS DE SEGURIDAD", "metadata_product": "MOBILGREASE XHP 681 MINE", "metadata_description": "Base lubricante y Aditivos", "metadata_recommended_use": "Grasa", "metadata_section": "PRIMEROS AUXILIOS"}, "hash": "35b46f77325d452dc7bf9519408bc4ccf89a756a7d793f42e107b9fee56b8009", "class_name": "RelatedNodeInfo"}, "2": {"node_id": "d6969aa8-4e43-4028-87d7-a16ba367b208", "node_type": "1", "metadata": {"document_title": "HOJA DE DATOS DE SEGURIDAD", "metadata_product": "MOBILGREASE XHP 681 MINE", "metadata_description": "Base lubricante y Aditivos", "metadata_recommended_use": "Grasa", "metadata_section": "COMPOSICI\u00d3N / INFORMACI\u00d3N DE LOS COMPONENTES"}, "hash": "91fc1edbde0633b72f56723cf95f32d8c702dcb0cec683fc017b9b61a8f7a0ec", "class_name": "RelatedNodeInfo"}, "3": {"node_id": "c1b1c4cb-5a9f-4c02-be41-6175b0ee5ac8", "node_type": "1", "metadata": {"document_title": "HOJA DE DATOS DE SEGURIDAD", "metadata_product": "MOBILGREASE XHP 681 MINE", "metadata_description": "Base lubricante y Aditivos", "metadata_recommended_use": "Grasa", "metadata_section": "MEDIDAS PARA LUCHA CONTRA INCENDIOS"}, "hash": "e1138dbdb524879deb36010790a3f8e178c0720b157c9f3ff0cbc70d7991465b", "class_name": "RelatedNodeInfo"}}, "hash": "35b46f77325d452dc7bf9519408bc4ccf89a756a7d793f42e107b9fee56b8009", "text": "INHALACI\u00d3N\nBajo condiciones normales del uso previsto, no se espera que este material sea un riesgo de inhalaci\u00f3n.\nCONTACTO CON LA PIEL\nLave las \u00e1reas de contacto con agua y jab\u00f3n. Si el producto se inyecta dentro o debajo de la piel, o en cualquier parte del cuerpo, independientemente de la apariencia del \u00e1rea lastimada o su tama\u00f1o, el individuo debe ser evaluado inmediatamente por un m\u00e9dico como una emergencia quir\u00fargica. A\u00fan cuando los s\u00edntomas iniciales de la inyecci\u00f3n a alta presi\u00f3n sean m\u00ednimos o ausentes, el tratamiento quir\u00fargico dentro de las primeras horas puede reducir en \u00faltimas el grado de lesi\u00f3n en forma significativa.\nCONTACTO CON EL OJO\nEnjuague completamente con agua. Si se presenta irritaci\u00f3n, obtenga asistencia m\u00e9dica.\nINGESTI\u00d3N\nNormalmente no se requieren primeros auxilios. Si ocurre alg\u00fan malestar busque atenci\u00f3n m\u00e9dica.\nLOS S\u00cdNTOMAS Y EFECTOS AGUDOS Y RETARDADOS MAS IMPORTANTES\nNecrosis local evidenciada por la aparici\u00f3n retardada de dolor y da\u00f1os en los tejidos unas pocas horas despu\u00e9s de la inyecci\u00f3n.\nPara medidas de protecci\u00f3n personal al personal que brinda los primeros auxilios, por favor vea la Secci\u00f3n 8\nPara una descripci\u00f3n de los efectos agudos y retardados previstos, por favor vea la Secci\u00f3n 2", "start_char_idx": null, "end_char_idx": null, "text_template": "{metadata_str}\n\n{content}", "metadata_template": "{key}: {value}", "metadata_seperator": "\n", "class_name": "TextNode"}, "__type__": "1"}, "c1b1c4cb-5a9f-4c02-be41-6175b0ee5ac8": {"__data__": {"id_": "c1b1c4cb-5a9f-4c02-be41-6175b0ee5ac8", "embedding": null, "metadata": {"document_title": "HOJA DE DATOS DE SEGURIDAD", "metadata_product": "MOBILGREASE XHP 681 MINE", "metadata_description": "Base lubricante y Aditivos", "metadata_recommended_use": "Grasa", "metadata_section": "MEDIDAS PARA LUCHA CONTRA INCENDIOS"}, "excluded_embed_metadata_keys": [], "excluded_llm_metadata_keys": [], "relationships": {"1": {"node_id": "d319f0bd-3fc4-42b0-b24c-d432a1ba8251", "node_type": "4", "metadata": {"document_title": "HOJA DE DATOS DE SEGURIDAD", "metadata_product": "MOBILGREASE XHP 681 MINE", "metadata_description": "Base lubricante y Aditivos", "metadata_recommended_use": "Grasa", "metadata_section": "MEDIDAS PARA LUCHA CONTRA INCENDIOS"}, "hash": "e1138dbdb524879deb36010790a3f8e178c0720b157c9f3ff0cbc70d7991465b", "class_name": "RelatedNodeInfo"}, "2": {"node_id": "b402e890-90fd-4a93-af78-c540af3d62ba", "node_type": "1", "metadata": {"document_title": "HOJA DE DATOS DE SEGURIDAD", "metadata_product": "MOBILGREASE XHP 681 MINE", "metadata_description": "Base lubricante y Aditivos", "metadata_recommended_use": "Grasa", "metadata_section": "PRIMEROS AUXILIOS"}, "hash": "35b46f77325d452dc7bf9519408bc4ccf89a756a7d793f42e107b9fee56b8009", "class_name": "RelatedNodeInfo"}, "3": {"node_id": "75d30028-f3d8-4da6-95b5-5c68113bb133", "node_type": "1", "metadata": {"document_title": "HOJA DE DATOS DE SEGURIDAD", "metadata_product": "MOBILGREASE XHP 681 MINE", "metadata_description": "Base lubricante y Aditivos", "metadata_recommended_use": "Grasa", "metadata_section": "MEDIDAS QUE SE DEBEN TOMAR EN CASO DE DERRAME ACCIDENTAL"}, "hash": "02030ac87ee9376fea472143e0919f86406dc4a8ddcf1a82ed81c70e305b507f", "class_name": "RelatedNodeInfo"}}, "hash": "e1138dbdb524879deb36010790a3f8e178c0720b157c9f3ff0cbc70d7991465b", "text": "MEDIO DE EXTINCION\nMedio de extinci\u00f3n adecuado: Use niebla de agua, espuma, qu\u00edmico seco o dioxido de carb\u00f3n (CO2) para extinguir las llamas.\nMedio de extinci\u00f3n inadecuado: Corrientes directas de agua\nCONTRA INCENDIOS\nInstrucciones contra incendios: Evacue el \u00e1rea. Prevenga que el producto fluya fuera del \u00e1rea controlada por incendio o la diluci\u00f3n hacia fuentes de entrada, alcantarillados o suministro de agua potable. Los bomberos deben utilizar equipo de protecci\u00f3n est\u00e1ndar y en espacios cerrados, equipo de respiraci\u00f3n aut\u00f3nomo (SCBA). Utilice agua en roc\u00edo para enfriar las superficies expuestas al fuego y para proteger al personal.\nProductos de combusti\u00f3n peligrosos: Aldeh\u00eddos, Humos de asfalto, Productos de combusti\u00f3n incompleta, \u00d3xidos de carb\u00f3n, Humo, \u00d3xidos de azufre\nLa exposici\u00f3n a los productos de combusti\u00f3n puede generar efectos t\u00f3xicos adversos y/o irritaci\u00f3n.\nPROPIEDADES INFLAMABLES\nPunto de inflamaci\u00f3n [M\u00e9todo]: >246\u00b0C (475\u00b0F) [EST. PARA ACEITE, ASTM D-92 (COC)]\nL\u00edmites de inflamabilidad (% aproximado de volumen en el aire): LIE: N/D LSE: N/D\nTemperatura de auto inflamaci\u00f3n: N/D", "start_char_idx": null, "end_char_idx": null, "text_template": "{metadata_str}\n\n{content}", "metadata_template": "{key}: {value}", "metadata_seperator": "\n", "class_name": "TextNode"}, "__type__": "1"}, "75d30028-f3d8-4da6-95b5-5c68113bb133": {"__data__": {"id_": "75d30028-f3d8-4da6-95b5-5c68113bb133", "embedding": null, "metadata": {"document_title": "HOJA DE DATOS DE SEGURIDAD", "metadata_product": "MOBILGREASE XHP 681 MINE", "metadata_description": "Base lubricante y Aditivos", "metadata_recommended_use": "Grasa", "metadata_section": "MEDIDAS QUE SE DEBEN TOMAR EN CASO DE DERRAME ACCIDENTAL"}, "excluded_embed_metadata_keys": [], "excluded_llm_metadata_keys": [], "relationships": {"1": {"node_id": "f862dbcb-ad61-4a5e-bb52-3150238ff537", "node_type": "4", "metadata": {"document_title": "HOJA DE DATOS DE SEGURIDAD", "metadata_product": "MOBILGREASE XHP 681 MINE", "metadata_description": "Base lubricante y Aditivos", "metadata_recommended_use": "Grasa", "metadata_section": "MEDIDAS QUE SE DEBEN TOMAR EN CASO DE DERRAME ACCIDENTAL"}, "hash": "02030ac87ee9376fea472143e0919f86406dc4a8ddcf1a82ed81c70e305b507f", "class_name": "RelatedNodeInfo"}, "2": {"node_id": "c1b1c4cb-5a9f-4c02-be41-6175b0ee5ac8", "node_type": "1", "metadata": {"document_title": "HOJA DE DATOS DE SEGURIDAD", "metadata_product": "MOBILGREASE XHP 681 MINE", "metadata_description": "Base lubricante y Aditivos", "metadata_recommended_use": "Grasa", "metadata_section": "MEDIDAS PARA LUCHA CONTRA INCENDIOS"}, "hash": "e1138dbdb524879deb36010790a3f8e178c0720b157c9f3ff0cbc70d7991465b", "class_name": "RelatedNodeInfo"}, "3": {"node_id": "bc8a7634-c79b-4851-9e5b-2d49af59d386", "node_type": "1", "metadata": {"document_title": "HOJA DE DATOS DE SEGURIDAD", "metadata_product": "MOBILGREASE XHP 681 MINE", "metadata_description": "Base lubricante y Aditivos", "metadata_recommended_use": "Grasa", "metadata_section": "MANIPULACI\u00d3N Y ALMACENAMIENTO"}, "hash": "6631499c3ccfe56dfdc545f2cb0a7e215c35fbf0d914e345c9bd49377fb691b8", "class_name": "RelatedNodeInfo"}}, "hash": "02030ac87ee9376fea472143e0919f86406dc4a8ddcf1a82ed81c70e305b507f", "text": "PROCEDIMIENTOS DE NOTIFICACI\u00d3N\nEn el caso de un derrame o emisi\u00f3n accidental, notifique a las autoridades pertinentes de acuerdo con todos los reglamentos aplicables.\nMEDIDAS DE PROTECCI\u00d3N\nEvite el contacto con el material derramado. Consulte la Secci\u00f3n 5 sobre informaci\u00f3n contra incendios. Consulte la Secci\u00f3n sobre Identificaci\u00f3n de Peligros para peligros significativos. Consulte la Secci\u00f3n 4 para recomendaciones sobre primeros auxilios. Consulte la Secci\u00f3n 8 sobre los m\u00ednimos requisitos para el equipo de Protecci\u00f3n Personal. Medidas de protecci\u00f3n adicional pueden ser necesarias dependiendo de las circunstancias espec\u00edficas y/o del an\u00e1lisis experto del personal que atiende la emergencia.\nPara quien atienden la emergencia: Protecci\u00f3n respiratoria: Protecci\u00f3n respiratoria ser\u00e1 necesaria s\u00f3lo en casos especiales, por ejemplo, la formaci\u00f3n de nieblas. Respirador de media cara o de cara completa con filtro(s) de part\u00edculas/vapores org\u00e1nicos o un aparato de respiraci\u00f3n aut\u00f3nomo (SCBA) se puede utilizar dependiendo del tama\u00f1o del derrame y el nivel potencial de exposici\u00f3n. Si la exposici\u00f3n no puede ser caracterizada o si se anticipa o es posible una atm\u00f3sfera deficiente en ox\u00edgeno, se recomienda usar SCBA. Se recomienda guantes de trabajo que sean resistentes a los hidrocarburos. Guantes de acetato de polivinilo (PVA) no son resistentes al agua y no son adecuados para uso en emergencias. Se recomiendan la gafas de protecci\u00f3n para qu\u00edmicos si es posible una salpicadura o cualquier contacto con los ojos. Derrames peque\u00f1os: Normalmente es suficiente usar ropa normal de trabajo antiest\u00e1tica. Derrames grandes: traje completo resistente a productos qu\u00edmicos, se recomienda que sea antiest\u00e1tico.\nMANEJO DE DERRAMES\nDerrame en tierra: Retire el material derramado usando palas y col\u00f3quelo en un recipiente para reciclo o desecho apropiado.\nDerrame en agua: Si puede hacerlo sin riesgo detenga la fuga. Confine el derrame inmediatamente usando barreras flotantes. Advierta a otras embarcaciones Desnatar de la superficie.\nLas recomendaciones para derrames en agua y en tierra se basan en el escenario m\u00e1s factible para este material; sin embargo, las condiciones geogr\u00e1ficas, el viento, la temperatura, (y en caso de derrames en agua) la direcci\u00f3n y velocidad de olas, pueden influenciar en forma importante la acci\u00f3n apropiada que deba tomarse. Por esta raz\u00f3n, se deben consultar los expertos locales. Nota: Las regulaciones locales pueden prescribir o limitar la acci\u00f3n a tomarse.\nPRECAUCIONES MEDIO AMBIENTALES\nDerrames grandes: Evite la entrada en corrientes de agua, alcantarillados, s\u00f3tanos o \u00e1reas confinadas.\nPara disposici\u00f3n final por favor ver la secci\u00f3n 13", "start_char_idx": null, "end_char_idx": null, "text_template": "{metadata_str}\n\n{content}", "metadata_template": "{key}: {value}", "metadata_seperator": "\n", "class_name": "TextNode"}, "__type__": "1"}, "bc8a7634-c79b-4851-9e5b-2d49af59d386": {"__data__": {"id_": "bc8a7634-c79b-4851-9e5b-2d49af59d386", "embedding": null, "metadata": {"document_title": "HOJA DE DATOS DE SEGURIDAD", "metadata_product": "MOBILGREASE XHP 681 MINE", "metadata_description": "Base lubricante y Aditivos", "metadata_recommended_use": "Grasa", "metadata_section": "MANIPULACI\u00d3N Y ALMACENAMIENTO"}, "excluded_embed_metadata_keys": [], "excluded_llm_metadata_keys": [], "relationships": {"1": {"node_id": "a645b483-00f9-4ace-9b8e-03f97d9c809c", "node_type": "4", "metadata": {"document_title": "HOJA DE DATOS DE SEGURIDAD", "metadata_product": "MOBILGREASE XHP 681 MINE", "metadata_description": "Base lubricante y Aditivos", "metadata_recommended_use": "Grasa", "metadata_section": "MANIPULACI\u00d3N Y ALMACENAMIENTO"}, "hash": "6631499c3ccfe56dfdc545f2cb0a7e215c35fbf0d914e345c9bd49377fb691b8", "class_name": "RelatedNodeInfo"}, "2": {"node_id": "75d30028-f3d8-4da6-95b5-5c68113bb133", "node_type": "1", "metadata": {"document_title": "HOJA DE DATOS DE SEGURIDAD", "metadata_product": "MOBILGREASE XHP 681 MINE", "metadata_description": "Base lubricante y Aditivos", "metadata_recommended_use": "Grasa", "metadata_section": "MEDIDAS QUE SE DEBEN TOMAR EN CASO DE DERRAME ACCIDENTAL"}, "hash": "02030ac87ee9376fea472143e0919f86406dc4a8ddcf1a82ed81c70e305b507f", "class_name": "RelatedNodeInfo"}, "3": {"node_id": "79363714-8ae6-4af7-827a-6927ec6911db", "node_type": "1", "metadata": {"document_title": "HOJA DE DATOS DE SEGURIDAD", "metadata_product": "MOBILGREASE XHP 681 MINE", "metadata_description": "Base lubricante y Aditivos", "metadata_recommended_use": "Grasa", "metadata_section": "CONTROLES DE EXPOSICI\u00d3N / PROTECCI\u00d3N PERSONAL"}, "hash": "981d915efcf2ba6ba53f20e1b38e59d3b80fef5e895879eaa0b85dbb2d038f5b", "class_name": "RelatedNodeInfo"}}, "hash": "6631499c3ccfe56dfdc545f2cb0a7e215c35fbf0d914e345c9bd49377fb691b8", "text": "MANIPULACI\u00d3N, MEDIDAS OPERACIONALES Y T\u00c9CNICAS APLICABLES\nEvite peque\u00f1os derrames y fugas para evitar riesgos de resbalamiento.\nAcumulador est\u00e1tico: Este material no es un acumulador est\u00e1tico.\nOtras medidas de precauci\u00f3n apropiadas: No es aplicable\nALMACENAMIENTO\nNo almacene en recipientes abiertos o sin identificar.\nPara medidas operacionales y controles de ingenier\u00eda por favor ver la Secci\u00f3n 8.\nPara Materiales incompatibles por favor vea la Secci\u00f3n 10", "start_char_idx": null, "end_char_idx": null, "text_template": "{metadata_str}\n\n{content}", "metadata_template": "{key}: {value}", "metadata_seperator": "\n", "class_name": "TextNode"}, "__type__": "1"}, "79363714-8ae6-4af7-827a-6927ec6911db": {"__data__": {"id_": "79363714-8ae6-4af7-827a-6927ec6911db", "embedding": null, "metadata": {"document_title": "HOJA DE DATOS DE SEGURIDAD", "metadata_product": "MOBILGREASE XHP 681 MINE", "metadata_description": "Base lubricante y Aditivos", "metadata_recommended_use": "Grasa", "metadata_section": "CONTROLES DE EXPOSICI\u00d3N / PROTECCI\u00d3N PERSONAL"}, "excluded_embed_metadata_keys": [], "excluded_llm_metadata_keys": [], "relationships": {"1": {"node_id": "941e3ca9-908f-46c4-9b12-4eb8adff8acb", "node_type": "4", "metadata": {"document_title": "HOJA DE DATOS DE SEGURIDAD", "metadata_product": "MOBILGREASE XHP 681 MINE", "metadata_description": "Base lubricante y Aditivos", "metadata_recommended_use": "Grasa", "metadata_section": "CONTROLES DE EXPOSICI\u00d3N / PROTECCI\u00d3N PERSONAL"}, "hash": "981d915efcf2ba6ba53f20e1b38e59d3b80fef5e895879eaa0b85dbb2d038f5b", "class_name": "RelatedNodeInfo"}, "2": {"node_id": "bc8a7634-c79b-4851-9e5b-2d49af59d386", "node_type": "1", "metadata": {"document_title": "HOJA DE DATOS DE SEGURIDAD", "metadata_product": "MOBILGREASE XHP 681 MINE", "metadata_description": "Base lubricante y Aditivos", "metadata_recommended_use": "Grasa", "metadata_section": "MANIPULACI\u00d3N Y ALMACENAMIENTO"}, "hash": "6631499c3ccfe56dfdc545f2cb0a7e215c35fbf0d914e345c9bd49377fb691b8", "class_name": "RelatedNodeInfo"}, "3": {"node_id": "d60dd342-d1e9-495c-83e8-e4488539d67f", "node_type": "1", "metadata": {"document_title": "HOJA DE DATOS DE SEGURIDAD", "metadata_product": "MOBILGREASE XHP 681 MINE", "metadata_description": "Base lubricante y Aditivos", "metadata_recommended_use": "Grasa", "metadata_section": "CONTROLES DE EXPOSICI\u00d3N / PROTECCI\u00d3N PERSONAL"}, "hash": "46e4017d2b810faca56566ff559dd4a261fd7027c6fce6fcd15d584597ff69ed", "class_name": "RelatedNodeInfo"}}, "hash": "981d915efcf2ba6ba53f20e1b38e59d3b80fef5e895879eaa0b85dbb2d038f5b", "text": "VALORES DE EXPOSICI\u00d3N L\u00cdMITE\nL\u00edmites de exposici\u00f3n/est\u00e1ndares (Nota: Los l\u00edmites de exposici\u00f3n no son aditivos)\nNombre;CAS#;Concentraci\u00f3n*;Nota;Fuente\nASFALTO (PETROLEO);8052-42-4;4 mg/m3;N/A;Chile - OELS\nASFALTO (PETROLEO) [solubles en benceno];8052-42-4;0.5 mg/m3;N/A;ACGIH\nACIDO CARBONICO, SAL DE CALCIO (1:1);471-34-1;5 mg/m3;N/A;Chile - OELS;OSHA Z1\nACIDO CARBONICO, SAL DE CALCIO (1:1);471-34-1;15 mg/m3;N/A;OSHA Z1\nACIDO CARBONICO, SAL DE CALCIO (1:1);471-34-1;7 mg/m3;N/A;Chile - OELS\nSULFURO DE MOLIBDENO (IV) [como Mo];1317-33-5;8.75 mg/m3;N/A;Chile - OELS\nSULFURO DE MOLIBDENO (IV) [como Mo];1317-33-5;15 mg/m3;N/A;OSHA Z1\nSULFURO DE MOLIBDENO (IV) [como Mo];1317-33-5;10 mg/m3;N/A;ACGIH\nSULFURO DE MOLIBDENO (IV) [como Mo];1317-33-5;3 mg/m3;N/A;ACGIH\nNOTA: Los l\u00edmites y est\u00e1ndares se muestran \u00fanicamente como gu\u00eda. Siga las regulaciones aplicables.", "start_char_idx": null, "end_char_idx": null, "text_template": "{metadata_str}\n\n{content}", "metadata_template": "{key}: {value}", "metadata_seperator": "\n", "class_name": "TextNode"}, "__type__": "1"}, "d60dd342-d1e9-495c-83e8-e4488539d67f": {"__data__": {"id_": "d60dd342-d1e9-495c-83e8-e4488539d67f", "embedding": null, "metadata": {"document_title": "HOJA DE DATOS DE SEGURIDAD", "metadata_product": "MOBILGREASE XHP 681 MINE", "metadata_description": "Base lubricante y Aditivos", "metadata_recommended_use": "Grasa", "metadata_section": "CONTROLES DE EXPOSICI\u00d3N / PROTECCI\u00d3N PERSONAL"}, "excluded_embed_metadata_keys": [], "excluded_llm_metadata_keys": [], "relationships": {"1": {"node_id": "b8cbf5a9-27cf-47d4-8ae9-38339c63d935", "node_type": "4", "metadata": {"document_title": "HOJA DE DATOS DE SEGURIDAD", "metadata_product": "MOBILGREASE XHP 681 MINE", "metadata_description": "Base lubricante y Aditivos", "metadata_recommended_use": "Grasa", "metadata_section": "CONTROLES DE EXPOSICI\u00d3N / PROTECCI\u00d3N PERSONAL"}, "hash": "46e4017d2b810faca56566ff559dd4a261fd7027c6fce6fcd15d584597ff69ed", "class_name": "RelatedNodeInfo"}, "2": {"node_id": "79363714-8ae6-4af7-827a-6927ec6911db", "node_type": "1", "metadata": {"document_title": "HOJA DE DATOS DE SEGURIDAD", "metadata_product": "MOBILGREASE XHP 681 MINE", "metadata_description": "Base lubricante y Aditivos", "metadata_recommended_use": "Grasa", "metadata_section": "CONTROLES DE EXPOSICI\u00d3N / PROTECCI\u00d3N PERSONAL"}, "hash": "981d915efcf2ba6ba53f20e1b38e59d3b80fef5e895879eaa0b85dbb2d038f5b", "class_name": "RelatedNodeInfo"}, "3": {"node_id": "58a77f65-329f-4e71-83b2-25baacb86241", "node_type": "1", "metadata": {"document_title": "HOJA DE DATOS DE SEGURIDAD", "metadata_product": "MOBILGREASE XHP 681 MINE", "metadata_description": "Base lubricante y Aditivos", "metadata_recommended_use": "Grasa", "metadata_section": "CONTROLES DE EXPOSICI\u00d3N / PROTECCI\u00d3N PERSONAL"}, "hash": "ed02cffb42af38081165f4745c525d25e818e50e0d0d3bd33230a4f425c7d7b3", "class_name": "RelatedNodeInfo"}}, "hash": "46e4017d2b810faca56566ff559dd4a261fd7027c6fce6fcd15d584597ff69ed", "text": "CONTROLES DE INGENIERIA Y MEDIDAS OPERACIONALES APLICABLES\nEl nivel de protecci\u00f3n y los tipos de controles necesarios variar\u00e1n dependiendo del potencial de las condiciones\nde exposici\u00f3n. Medidas de control a considerar:\nNing\u00fan requisito especial bajo condiciones normales de uso y con ventilaci\u00f3n adecuada.\nCONTROLES MEDIO AMBIENTALES\nCumplir con las reglamentaciones medioambientales limitando la eliminaci\u00f3n al aire, agua y suelo. Proteger el medio ambiente aplicando medidas de control apropiadas para prevenir o limitar las emisiones.", "start_char_idx": null, "end_char_idx": null, "text_template": "{metadata_str}\n\n{content}", "metadata_template": "{key}: {value}", "metadata_seperator": "\n", "class_name": "TextNode"}, "__type__": "1"}, "58a77f65-329f-4e71-83b2-25baacb86241": {"__data__": {"id_": "58a77f65-329f-4e71-83b2-25baacb86241", "embedding": null, "metadata": {"document_title": "HOJA DE DATOS DE SEGURIDAD", "metadata_product": "MOBILGREASE XHP 681 MINE", "metadata_description": "Base lubricante y Aditivos", "metadata_recommended_use": "Grasa", "metadata_section": "CONTROLES DE EXPOSICI\u00d3N / PROTECCI\u00d3N PERSONAL"}, "excluded_embed_metadata_keys": [], "excluded_llm_metadata_keys": [], "relationships": {"1": {"node_id": "4e55b4f8-03b2-4913-abb0-0c5f094e6011", "node_type": "4", "metadata": {"document_title": "HOJA DE DATOS DE SEGURIDAD", "metadata_product": "MOBILGREASE XHP 681 MINE", "metadata_description": "Base lubricante y Aditivos", "metadata_recommended_use": "Grasa", "metadata_section": "CONTROLES DE EXPOSICI\u00d3N / PROTECCI\u00d3N PERSONAL"}, "hash": "ed02cffb42af38081165f4745c525d25e818e50e0d0d3bd33230a4f425c7d7b3", "class_name": "RelatedNodeInfo"}, "2": {"node_id": "d60dd342-d1e9-495c-83e8-e4488539d67f", "node_type": "1", "metadata": {"document_title": "HOJA DE DATOS DE SEGURIDAD", "metadata_product": "MOBILGREASE XHP 681 MINE", "metadata_description": "Base lubricante y Aditivos", "metadata_recommended_use": "Grasa", "metadata_section": "CONTROLES DE EXPOSICI\u00d3N / PROTECCI\u00d3N PERSONAL"}, "hash": "46e4017d2b810faca56566ff559dd4a261fd7027c6fce6fcd15d584597ff69ed", "class_name": "RelatedNodeInfo"}, "3": {"node_id": "fb7befeb-a6e1-45ba-8ab0-39e628b6f8d7", "node_type": "1", "metadata": {"document_title": "HOJA DE DATOS DE SEGURIDAD", "metadata_product": "MOBILGREASE XHP 681 MINE", "metadata_description": "Base lubricante y Aditivos", "metadata_recommended_use": "Grasa", "metadata_section": "ESTABILIDAD Y REACTIVIDAD"}, "hash": "76c15a297bbfc80a3c7466ed57941b595c8f9d3053dc6595a6e52496bb39d428", "class_name": "RelatedNodeInfo"}}, "hash": "ed02cffb42af38081165f4745c525d25e818e50e0d0d3bd33230a4f425c7d7b3", "text": "PROTECCI\u00d3N PERSONAL\nLas selecciones del equipo de protecci\u00f3n personal var\u00edan dependiendo de las condiciones potenciales de exposici\u00f3n tales como aplicaciones, pr\u00e1cticas de manejo, concentraci\u00f3n y ventilaci\u00f3n. La informaci\u00f3n sobre la selecci\u00f3n del equipo de protecci\u00f3n a usarse con este material, como se indica mas abajo, se basa en el uso normal previsto.\nProtecci\u00f3n respiratoria: Si los controles de ingenier\u00eda no mantienen las concentraciones de contaminantes en el aire a niveles que sean adecuados para proteger la salud del trabajador, puede ser adecuado el uso de un respirador aprobado. Si aplica, la selecci\u00f3n, el uso y el mantenimiento del respirador debe cumplir con los requerimientos regulatorios. Los tipos de respiradores a ser considerados para este tipo de material incluyen:\nGeneralmente no se requiere protecci\u00f3n bajo condiciones normales de uso y con ventilaci\u00f3n adecuada.\nPara altas concentraciones en el aire, utilice un respirador con suministro de aire aprobado, operado en el modo de presi\u00f3n positiva. Los respiradores con suministro de aire con botella de escape pueden ser apropiados cuando los niveles de ox\u00edgeno son inadecuados, las propiedades de alerta de vapor / gas son deficientes o si puede haberse excedido la capacidad o el \u00edndice del filtro purificador de aire.\nProtecci\u00f3n para las manos: Cualquier informaci\u00f3n espec\u00edfica proporcionada sobre los guantes est\u00e1 basada en literatura publicada y datos del fabricante. Las condiciones de trabajo pueden afectar considerablemente el estado y la durabilidad del guante. Contacte al fabricante del guante para informaci\u00f3n espec\u00edfica en selecci\u00f3n y durabilidad para sus condiciones de uso. Inspeccione y reemplace los guantes gastados o da\u00f1ados. Los tipos de guantes considerados para este material incluyen: Generalmente no se requiere protecci\u00f3n bajo condiciones normales de uso.\nProtecci\u00f3n para los ojos: Si el contacto es probable, se recomiendan anteojos de seguridad con protecciones laterales.\nProtecci\u00f3n de la piel y el cuerpo: Cualquier informaci\u00f3n proporcionada sobre prendas espec\u00edficas se basa en la literatura publicada o datos del fabricante. Los tipos de prendas a considerar para este material incluyen: Bajo condiciones normales de uso no se requiere generalmente protecci\u00f3n para la piel . De acuerdo con las buenas pr\u00e1cticas de higiene industrial, se deben tomar precauciones para evitar el contacto con la piel.\nMedidas de higiene espec\u00edficas: Observe siempre las buenas pr\u00e1cticas de higiene personal, como lavarse despu\u00e9s de manejar el material y antes de comer, beber y/o fumar. Rutinariamente lave la ropa de trabajo y el equipo de protecci\u00f3n para remover los contaminantes. Deseche la ropa y el calzado contaminados que no se puedan limpiar. Mantenga unas buenas pr\u00e1cticas de aseo.", "start_char_idx": null, "end_char_idx": null, "text_template": "{metadata_str}\n\n{content}", "metadata_template": "{key}: {value}", "metadata_seperator": "\n", "class_name": "TextNode"}, "__type__": "1"}, "fb7befeb-a6e1-45ba-8ab0-39e628b6f8d7": {"__data__": {"id_": "fb7befeb-a6e1-45ba-8ab0-39e628b6f8d7", "embedding": null, "metadata": {"document_title": "HOJA DE DATOS DE SEGURIDAD", "metadata_product": "MOBILGREASE XHP 681 MINE", "metadata_description": "Base lubricante y Aditivos", "metadata_recommended_use": "Grasa", "metadata_section": "ESTABILIDAD Y REACTIVIDAD"}, "excluded_embed_metadata_keys": [], "excluded_llm_metadata_keys": [], "relationships": {"1": {"node_id": "ee8602ea-feaa-4f4e-b78d-62e8b3a6db99", "node_type": "4", "metadata": {"document_title": "HOJA DE DATOS DE SEGURIDAD", "metadata_product": "MOBILGREASE XHP 681 MINE", "metadata_description": "Base lubricante y Aditivos", "metadata_recommended_use": "Grasa", "metadata_section": "ESTABILIDAD Y REACTIVIDAD"}, "hash": "76c15a297bbfc80a3c7466ed57941b595c8f9d3053dc6595a6e52496bb39d428", "class_name": "RelatedNodeInfo"}, "2": {"node_id": "58a77f65-329f-4e71-83b2-25baacb86241", "node_type": "1", "metadata": {"document_title": "HOJA DE DATOS DE SEGURIDAD", "metadata_product": "MOBILGREASE XHP 681 MINE", "metadata_description": "Base lubricante y Aditivos", "metadata_recommended_use": "Grasa", "metadata_section": "CONTROLES DE EXPOSICI\u00d3N / PROTECCI\u00d3N PERSONAL"}, "hash": "ed02cffb42af38081165f4745c525d25e818e50e0d0d3bd33230a4f425c7d7b3", "class_name": "RelatedNodeInfo"}, "3": {"node_id": "081d1f2c-2c3c-4e1f-9375-94bd72ee91e0", "node_type": "1", "metadata": {"document_title": "HOJA DE DATOS DE SEGURIDAD", "metadata_product": "MOBILGREASE XHP 681 MINE", "metadata_description": "Base lubricante y Aditivos", "metadata_recommended_use": "Grasa", "metadata_section": "INFORMACI\u00d3N ECOL\u00d3GICA"}, "hash": "f2d666763fa8b897437c52efd31f5a6520b0801e841850c78a070d43397dd810", "class_name": "RelatedNodeInfo"}}, "hash": "76c15a297bbfc80a3c7466ed57941b595c8f9d3053dc6595a6e52496bb39d428", "text": "REACTIVIDAD: Ver abajo sub-secciones.\nESTABILIDAD: Bajo condiciones normales, el material es estable.\nCONDICIONES A EVITAR: Calor excesivo. Fuentes de ignici\u00f3n de alta energ\u00eda.\nMATERIALES A EVITAR: Oxidantes fuertes\nPRODUCTOS DE DESCOMPOSICI\u00d3N PELIGROSOS: El material no se descompone a temperaturas ambiente.\nPOSIBILIDAD DE REACCIONES PELIGROSAS: No se producir\u00e1 polimerizaci\u00f3n peligrosa.", "start_char_idx": null, "end_char_idx": null, "text_template": "{metadata_str}\n\n{content}", "metadata_template": "{key}: {value}", "metadata_seperator": "\n", "class_name": "TextNode"}, "__type__": "1"}, "081d1f2c-2c3c-4e1f-9375-94bd72ee91e0": {"__data__": {"id_": "081d1f2c-2c3c-4e1f-9375-94bd72ee91e0", "embedding": null, "metadata": {"document_title": "HOJA DE DATOS DE SEGURIDAD", "metadata_product": "MOBILGREASE XHP 681 MINE", "metadata_description": "Base lubricante y Aditivos", "metadata_recommended_use": "Grasa", "metadata_section": "INFORMACI\u00d3N ECOL\u00d3GICA"}, "excluded_embed_metadata_keys": [], "excluded_llm_metadata_keys": [], "relationships": {"1": {"node_id": "2d312dd1-d795-401c-b762-9af0fa48dcba", "node_type": "4", "metadata": {"document_title": "HOJA DE DATOS DE SEGURIDAD", "metadata_product": "MOBILGREASE XHP 681 MINE", "metadata_description": "Base lubricante y Aditivos", "metadata_recommended_use": "Grasa", "metadata_section": "INFORMACI\u00d3N ECOL\u00d3GICA"}, "hash": "f2d666763fa8b897437c52efd31f5a6520b0801e841850c78a070d43397dd810", "class_name": "RelatedNodeInfo"}, "2": {"node_id": "fb7befeb-a6e1-45ba-8ab0-39e628b6f8d7", "node_type": "1", "metadata": {"document_title": "HOJA DE DATOS DE SEGURIDAD", "metadata_product": "MOBILGREASE XHP 681 MINE", "metadata_description": "Base lubricante y Aditivos", "metadata_recommended_use": "Grasa", "metadata_section": "ESTABILIDAD Y REACTIVIDAD"}, "hash": "76c15a297bbfc80a3c7466ed57941b595c8f9d3053dc6595a6e52496bb39d428", "class_name": "RelatedNodeInfo"}}, "hash": "f2d666763fa8b897437c52efd31f5a6520b0801e841850c78a070d43397dd810", "text": "La informaci\u00f3n suministrada se basa en datos disponibles para el material mismo, los componentes del material y materiales similares mediante la aplicaci\u00f3n del principio de enlaces.\nECOTOXICIDAD\nMaterial -- No se espera que sea nocivo para los organismos acu\u00e1ticos.\nMOVILIDAD\nComponente de base lubricante -- Baja solubilidad, flota y se espera que migre del agua a la tierra. Se espera que se reparta a sedimento y a s\u00f3lidos del agua residual.\nPERSISTENCIA Y DEGRADABILIDAD\nBiodegradaci\u00f3n:\nComponente de base lubricante -- Se espera que sea inherentemente biodegradable\nBIOACUMULACI\u00d3N POTENCIAL\nComponente de base lubricante -- Tiene el potencial de bioacumularse, sin embargo el metabolismo sobre las propiedades f\u00edsicas pueden reducir la bioconcentraci\u00f3n o limitar la biodisponibilidad.\nDATOS ECOL\u00d3GICOS\nSi este material o alguno similar ha sido objeto del test ecol\u00f3gico, los resultados de dicho test se incluir\u00e1n en una tabla abajo. Si no ha sido objeto del test, la informaci\u00f3n no est\u00e1 disponible.", "start_char_idx": null, "end_char_idx": null, "text_template": "{metadata_str}\n\n{content}", "metadata_template": "{key}: {value}", "metadata_seperator": "\n", "class_name": "TextNode"}, "__type__": "1"}}, "docstore/ref_doc_info": {"3dcfe025-7380-40c5-8926-8ec9801a3775": {"node_ids": ["8d1d27d9-6e05-485a-ad69-ead9dc9e19f3"], "metadata": {"document_title": "HOJA DE DATOS DE SEGURIDAD", "metadata_product": "MOBILGREASE XHP 681 MINE", "metadata_description": "Base lubricante y Aditivos", "metadata_recommended_use": "Grasa", "metadata_section": "IDENTIFICACI\u00d3N DE LOS PELIGROS"}}, "67d82c9b-5e6b-4d04-915a-b7560e95ac23": {"node_ids": ["d6969aa8-4e43-4028-87d7-a16ba367b208"], "metadata": {"document_title": "HOJA DE DATOS DE SEGURIDAD", "metadata_product": "MOBILGREASE XHP 681 MINE", "metadata_description": "Base lubricante y Aditivos", "metadata_recommended_use": "Grasa", "metadata_section": "COMPOSICI\u00d3N / INFORMACI\u00d3N DE LOS COMPONENTES"}}, "e311b39d-8a5a-4370-832f-4d42f2b6e0fe": {"node_ids": ["b402e890-90fd-4a93-af78-c540af3d62ba"], "metadata": {"document_title": "HOJA DE DATOS DE SEGURIDAD", "metadata_product": "MOBILGREASE XHP 681 MINE", "metadata_description": "Base lubricante y Aditivos", "metadata_recommended_use": "Grasa", "metadata_section": "PRIMEROS AUXILIOS"}}, "d319f0bd-3fc4-42b0-b24c-d432a1ba8251": {"node_ids": ["c1b1c4cb-5a9f-4c02-be41-6175b0ee5ac8"], "metadata": {"document_title": "HOJA DE DATOS DE SEGURIDAD", "metadata_product": "MOBILGREASE XHP 681 MINE", "metadata_description": "Base lubricante y Aditivos", "metadata_recommended_use": "Grasa", "metadata_section": "MEDIDAS PARA LUCHA CONTRA INCENDIOS"}}, "f862dbcb-ad61-4a5e-bb52-3150238ff537": {"node_ids": ["75d30028-f3d8-4da6-95b5-5c68113bb133"], "metadata": {"document_title": "HOJA DE DATOS DE SEGURIDAD", "metadata_product": "MOBILGREASE XHP 681 MINE", "metadata_description": "Base lubricante y Aditivos", "metadata_recommended_use": "Grasa", "metadata_section": "MEDIDAS QUE SE DEBEN TOMAR EN CASO DE DERRAME ACCIDENTAL"}}, "a645b483-00f9-4ace-9b8e-03f97d9c809c": {"node_ids": ["bc8a7634-c79b-4851-9e5b-2d49af59d386"], "metadata": {"document_title": "HOJA DE DATOS DE SEGURIDAD", "metadata_product": "MOBILGREASE XHP 681 MINE", "metadata_description": "Base lubricante y Aditivos", "metadata_recommended_use": "Grasa", "metadata_section": "MANIPULACI\u00d3N Y ALMACENAMIENTO"}}, "941e3ca9-908f-46c4-9b12-4eb8adff8acb": {"node_ids": ["79363714-8ae6-4af7-827a-6927ec6911db"], "metadata": {"document_title": "HOJA DE DATOS DE SEGURIDAD", "metadata_product": "MOBILGREASE XHP 681 MINE", "metadata_description": "Base lubricante y Aditivos", "metadata_recommended_use": "Grasa", "metadata_section": "CONTROLES DE EXPOSICI\u00d3N / PROTECCI\u00d3N PERSONAL"}}, "b8cbf5a9-27cf-47d4-8ae9-38339c63d935": {"node_ids": ["d60dd342-d1e9-495c-83e8-e4488539d67f"], "metadata": {"document_title": "HOJA DE DATOS DE SEGURIDAD", "metadata_product": "MOBILGREASE XHP 681 MINE", "metadata_description": "Base lubricante y Aditivos", "metadata_recommended_use": "Grasa", "metadata_section": "CONTROLES DE EXPOSICI\u00d3N / PROTECCI\u00d3N PERSONAL"}}, "4e55b4f8-03b2-4913-abb0-0c5f094e6011": {"node_ids": ["58a77f65-329f-4e71-83b2-25baacb86241"], "metadata": {"document_title": "HOJA DE DATOS DE SEGURIDAD", "metadata_product": "MOBILGREASE XHP 681 MINE", "metadata_description": "Base lubricante y Aditivos", "metadata_recommended_use": "Grasa", "metadata_section": "CONTROLES DE EXPOSICI\u00d3N / PROTECCI\u00d3N PERSONAL"}}, "ee8602ea-feaa-4f4e-b78d-62e8b3a6db99": {"node_ids": ["fb7befeb-a6e1-45ba-8ab0-39e628b6f8d7"], "metadata": {"document_title": "HOJA DE DATOS DE SEGURIDAD", "metadata_product": "MOBILGREASE XHP 681 MINE", "metadata_description": "Base lubricante y Aditivos", "metadata_recommended_use": "Grasa", "metadata_section": "ESTABILIDAD Y REACTIVIDAD"}}, "2d312dd1-d795-401c-b762-9af0fa48dcba": {"node_ids": ["081d1f2c-2c3c-4e1f-9375-94bd72ee91e0"], "metadata": {"document_title": "HOJA DE DATOS DE SEGURIDAD", "metadata_product": "MOBILGREASE XHP 681 MINE", "metadata_description": "Base lubricante y Aditivos", "metadata_recommended_use": "Grasa", "metadata_section": "INFORMACI\u00d3N ECOL\u00d3GICA"}}}, "docstore/metadata": {"8d1d27d9-6e05-485a-ad69-ead9dc9e19f3": {"doc_hash": "a49d2e6414835dcd36d19f4f9457ae0299e99b342736f8e09726d69cbf61dd3b", "ref_doc_id": "3dcfe025-7380-40c5-8926-8ec9801a3775"}, "d6969aa8-4e43-4028-87d7-a16ba367b208": {"doc_hash": "91fc1edbde0633b72f56723cf95f32d8c702dcb0cec683fc017b9b61a8f7a0ec", "ref_doc_id": "67d82c9b-5e6b-4d04-915a-b7560e95ac23"}, "b402e890-90fd-4a93-af78-c540af3d62ba": {"doc_hash": "35b46f77325d452dc7bf9519408bc4ccf89a756a7d793f42e107b9fee56b8009", "ref_doc_id": "e311b39d-8a5a-4370-832f-4d42f2b6e0fe"}, "c1b1c4cb-5a9f-4c02-be41-6175b0ee5ac8": {"doc_hash": "e1138dbdb524879deb36010790a3f8e178c0720b157c9f3ff0cbc70d7991465b", "ref_doc_id": "d319f0bd-3fc4-42b0-b24c-d432a1ba8251"}, "75d30028-f3d8-4da6-95b5-5c68113bb133": {"doc_hash": "02030ac87ee9376fea472143e0919f86406dc4a8ddcf1a82ed81c70e305b507f", "ref_doc_id": "f862dbcb-ad61-4a5e-bb52-3150238ff537"}, "bc8a7634-c79b-4851-9e5b-2d49af59d386": {"doc_hash": "6631499c3ccfe56dfdc545f2cb0a7e215c35fbf0d914e345c9bd49377fb691b8", "ref_doc_id": "a645b483-00f9-4ace-9b8e-03f97d9c809c"}, "79363714-8ae6-4af7-827a-6927ec6911db": {"doc_hash": "981d915efcf2ba6ba53f20e1b38e59d3b80fef5e895879eaa0b85dbb2d038f5b", "ref_doc_id": "941e3ca9-908f-46c4-9b12-4eb8adff8acb"}, "d60dd342-d1e9-495c-83e8-e4488539d67f": {"doc_hash": "46e4017d2b810faca56566ff559dd4a261fd7027c6fce6fcd15d584597ff69ed", "ref_doc_id": "b8cbf5a9-27cf-47d4-8ae9-38339c63d935"}, "58a77f65-329f-4e71-83b2-25baacb86241": {"doc_hash": "ed02cffb42af38081165f4745c525d25e818e50e0d0d3bd33230a4f425c7d7b3", "ref_doc_id": "4e55b4f8-03b2-4913-abb0-0c5f094e6011"}, "fb7befeb-a6e1-45ba-8ab0-39e628b6f8d7": {"doc_hash": "76c15a297bbfc80a3c7466ed57941b595c8f9d3053dc6595a6e52496bb39d428", "ref_doc_id": "ee8602ea-feaa-4f4e-b78d-62e8b3a6db99"}, "081d1f2c-2c3c-4e1f-9375-94bd72ee91e0": {"doc_hash": "f2d666763fa8b897437c52efd31f5a6520b0801e841850c78a070d43397dd810", "ref_doc_id": "2d312dd1-d795-401c-b762-9af0fa48dcba"}}}