{"docstore/data": {"bfd04e23-d9d0-43df-9ec3-907e0f06042c": {"__data__": {"id_": "bfd04e23-d9d0-43df-9ec3-907e0f06042c", "embedding": null, "metadata": {"document_title": "HOJA DE DATOS DE SEGURIDAD", "metadata_product": "Super Lub", "metadata_description": "", "metadata_recommended_use": "Lubricante", "metadata_section": "Seccion 1: Identificaci\u00f3n del producto y de la empresa"}, "excluded_embed_metadata_keys": [], "excluded_llm_metadata_keys": [], "relationships": {"1": {"node_id": "f0f148f1-b5e2-4d18-a420-493400ec03a6", "node_type": "4", "metadata": {"document_title": "HOJA DE DATOS DE SEGURIDAD", "metadata_product": "Super Lub", "metadata_description": "", "metadata_recommended_use": "Lubricante", "metadata_section": "Seccion 1: Identificaci\u00f3n del producto y de la empresa"}, "hash": "ad72148ac9b12e93ad9a1891fc9b96db2a8c55e2e73ed602822880f2722ade81", "class_name": "RelatedNodeInfo"}, "3": {"node_id": "d093144f-855f-4cf2-b1de-f13bf4f31d5f", "node_type": "1", "metadata": {"document_title": "HOJA DE DATOS DE SEGURIDAD", "metadata_product": "Super Lub", "metadata_description": "", "metadata_recommended_use": "Lubricante", "metadata_section": "Seccion 2: IDENTIFICACI\u00d3N DE LOS PELIGROS"}, "hash": "05087cc1913ad033267100549830bc55a55ef7c3c4b27ccddc06b609518f910e", "class_name": "RelatedNodeInfo"}}, "hash": "ad72148ac9b12e93ad9a1891fc9b96db2a8c55e2e73ed602822880f2722ade81", "text": "Nombre comercial: Super Lub; N\u00b0 IDH: 209738; Uso previsto: Lubricante; Denominaci\u00f3n de la empresa: Henkel Chile Ltda.; Av. Laguna Sur # 9551; 906-0987; Pudahuel \u2013 Santiago; Chile Tel\u00e9fono: +56 (2) 2381 7200; Fax: +56 (2) 2641 8701; Responsable de la ficha de datos de seguridad: ua-productsafety.la@henkel.com Informaci\u00f3n de emergencia: Cituc Qu\u00edmica: +56(2) 22473600; Cituc Intoxicaci\u00f3n: +56(2) 26353800", "start_char_idx": null, "end_char_idx": null, "text_template": "{metadata_str}\n\n{content}", "metadata_template": "{key}: {value}", "metadata_seperator": "\n", "class_name": "TextNode"}, "__type__": "1"}, "d093144f-855f-4cf2-b1de-f13bf4f31d5f": {"__data__": {"id_": "d093144f-855f-4cf2-b1de-f13bf4f31d5f", "embedding": null, "metadata": {"document_title": "HOJA DE DATOS DE SEGURIDAD", "metadata_product": "Super Lub", "metadata_description": "", "metadata_recommended_use": "Lubricante", "metadata_section": "Seccion 2: IDENTIFICACI\u00d3N DE LOS PELIGROS"}, "excluded_embed_metadata_keys": [], "excluded_llm_metadata_keys": [], "relationships": {"1": {"node_id": "bec77276-1fd2-47ef-9619-b33729716ee6", "node_type": "4", "metadata": {"document_title": "HOJA DE DATOS DE SEGURIDAD", "metadata_product": "Super Lub", "metadata_description": "", "metadata_recommended_use": "Lubricante", "metadata_section": "Seccion 2: IDENTIFICACI\u00d3N DE LOS PELIGROS"}, "hash": "05087cc1913ad033267100549830bc55a55ef7c3c4b27ccddc06b609518f910e", "class_name": "RelatedNodeInfo"}, "2": {"node_id": "bfd04e23-d9d0-43df-9ec3-907e0f06042c", "node_type": "1", "metadata": {"document_title": "HOJA DE DATOS DE SEGURIDAD", "metadata_product": "Super Lub", "metadata_description": "", "metadata_recommended_use": "Lubricante", "metadata_section": "Seccion 1: Identificaci\u00f3n del producto y de la empresa"}, "hash": "ad72148ac9b12e93ad9a1891fc9b96db2a8c55e2e73ed602822880f2722ade81", "class_name": "RelatedNodeInfo"}, "3": {"node_id": "3492ea2a-3a9b-4a6c-8bad-3afdb380d4d8", "node_type": "1", "metadata": {"document_title": "HOJA DE DATOS DE SEGURIDAD", "metadata_product": "Super Lub", "metadata_description": "", "metadata_recommended_use": "Lubricante", "metadata_section": "Seccion 3: COMPOSICI\u00d3N/INFORMACI\u00d3N DE LOS COMPONENTES"}, "hash": "667143628c72eb5be4cdb6151bc31f7030cae41d4842d0e0abbeff47c3db650f", "class_name": "RelatedNodeInfo"}}, "hash": "05087cc1913ad033267100549830bc55a55ef7c3c4b27ccddc06b609518f910e", "text": "Clasificaci\u00f3n seg\u00fan NCh382; Divisi\u00f3n: 2.1 Distintivo seg\u00fan NCh2190: imagen Clasificaci\u00f3n seg\u00fan SGA N\u00ba FDS: 337675 V001.5; p\u00e1gina 2 de 9 N\u00ba IDH: 209738 Sistema de clasificaci\u00f3n adoptado: GHS 4\u00aa edici\u00f3n; Categoria 1; Categoria 4 aerosol; Toxicidad aguda; Inhalaci\u00f3n; Categoria 4 V\u00eda de exposici\u00f3n: Inhalaci\u00f3n; Categoria 3 Toxicidad sist\u00e9mica espec\u00edfica para \u00f3rganos diana - exposici\u00f3n \u00fanica; Categoria 2 Peligro por aspiraci\u00f3n; Categoria 2 Peligroso para el ambiente acu\u00e1tico - Peligro agudo; Categoria 2 Etiqueta SGA Elementos de las etiquetas del GHS; Pictograma de peligro; Palabra de advertencia: Peligro; Indicaci\u00f3n de peligro: H222 Aerosol extremadamente inflamable. H229 Contiene gas a presi\u00f3n; puede reventar si se calienta. H332 Nocivo si se inhala en caso de ingesti\u00f3n y penetraci\u00f3n en las v\u00edas respiratorias. H302 Puede ser nocivo. H335 Puede irritar las v\u00edas respiratorias. H401 T\u00f3xico para los organismos acu\u00e1ticos. Consejo de prudencia: P210 Mantener alejado del calor, superficies calientes, chispas llamas al descubierto y otras fuentes de ignici\u00f3n. No fumar. P211 No vaporizar sobre una llama al descubierto o cualquier otra fuente de ignici\u00f3n. P251 No perforar ni quemar, incluso despu\u00e9s de su uso. P261 Evitar respirar aerosoles. P271 Utilizar s\u00f3lo al aire libre o en un lugar bien ventilado. P273 No dispersar en el medio ambiente. Consejo de prudencia: P410+P412 Proteger de la luz solar. No exponer a una temperatura superior a 50\u00baC. Almacenamiento; Se\u00f1al de seguridad seg\u00fan NCh1411/4.", "start_char_idx": null, "end_char_idx": null, "text_template": "{metadata_str}\n\n{content}", "metadata_template": "{key}: {value}", "metadata_seperator": "\n", "class_name": "TextNode"}, "__type__": "1"}, "3492ea2a-3a9b-4a6c-8bad-3afdb380d4d8": {"__data__": {"id_": "3492ea2a-3a9b-4a6c-8bad-3afdb380d4d8", "embedding": null, "metadata": {"document_title": "HOJA DE DATOS DE SEGURIDAD", "metadata_product": "Super Lub", "metadata_description": "", "metadata_recommended_use": "Lubricante", "metadata_section": "Seccion 3: COMPOSICI\u00d3N/INFORMACI\u00d3N DE LOS COMPONENTES"}, "excluded_embed_metadata_keys": [], "excluded_llm_metadata_keys": [], "relationships": {"1": {"node_id": "4ceb9a1b-9deb-4140-85a9-81c2846a5896", "node_type": "4", "metadata": {"document_title": "HOJA DE DATOS DE SEGURIDAD", "metadata_product": "Super Lub", "metadata_description": "", "metadata_recommended_use": "Lubricante", "metadata_section": "Seccion 3: COMPOSICI\u00d3N/INFORMACI\u00d3N DE LOS COMPONENTES"}, "hash": "667143628c72eb5be4cdb6151bc31f7030cae41d4842d0e0abbeff47c3db650f", "class_name": "RelatedNodeInfo"}, "2": {"node_id": "d093144f-855f-4cf2-b1de-f13bf4f31d5f", "node_type": "1", "metadata": {"document_title": "HOJA DE DATOS DE SEGURIDAD", "metadata_product": "Super Lub", "metadata_description": "", "metadata_recommended_use": "Lubricante", "metadata_section": "Seccion 2: IDENTIFICACI\u00d3N DE LOS PELIGROS"}, "hash": "05087cc1913ad033267100549830bc55a55ef7c3c4b27ccddc06b609518f910e", "class_name": "RelatedNodeInfo"}, "3": {"node_id": "acb145e1-a507-463d-bd96-7261473c5f22", "node_type": "1", "metadata": {"document_title": "HOJA DE DATOS DE SEGURIDAD", "metadata_product": "Super Lub", "metadata_description": "", "metadata_recommended_use": "Lubricante", "metadata_section": "Seccion 4: PRIMEROS AUXILIOS"}, "hash": "ab4e0a02fa472a86e4ffdff0baf97fc3c115c049158f2133410e4a254df10749", "class_name": "RelatedNodeInfo"}}, "hash": "667143628c72eb5be4cdb6151bc31f7030cae41d4842d0e0abbeff47c3db650f", "text": "Mezcla; Ingredientes peligrosos; N\u00ba CAS; contenido; Clasificaci\u00f3n butano (<0.1 % butadieno); 106-97-8; \u2265 35 - < 40 %; ONU 1011 Gases inflamables 1 H220 Gases a presi\u00f3n destilados (petr\u00f3leo), fracci\u00f3n intermedia de primera destilaci\u00f3n; 64741-44-2; \u2265 25 - < 30 %; ONU D\u00e9mica Propano; 74-98-6; \u2265 10 - < 15 %; Peligro por aspiraci\u00f3n 1; Oral H304 ONU 1978 Gases inflamables 1 H220 Gases a presi\u00f3n H280 Ver el texto completo de las frases H y otras abreviaturas en la secci\u00f3n 16 'Informaci\u00f3n adicional'. Para sustancias sin clasificaci\u00f3n pueden existir l\u00edmites de exposici\u00f3n en los lugares de trabajo.", "start_char_idx": null, "end_char_idx": null, "text_template": "{metadata_str}\n\n{content}", "metadata_template": "{key}: {value}", "metadata_seperator": "\n", "class_name": "TextNode"}, "__type__": "1"}, "acb145e1-a507-463d-bd96-7261473c5f22": {"__data__": {"id_": "acb145e1-a507-463d-bd96-7261473c5f22", "embedding": null, "metadata": {"document_title": "HOJA DE DATOS DE SEGURIDAD", "metadata_product": "Super Lub", "metadata_description": "", "metadata_recommended_use": "Lubricante", "metadata_section": "Seccion 4: PRIMEROS AUXILIOS"}, "excluded_embed_metadata_keys": [], "excluded_llm_metadata_keys": [], "relationships": {"1": {"node_id": "37b8460c-ca16-4c20-a8fa-1e393759288f", "node_type": "4", "metadata": {"document_title": "HOJA DE DATOS DE SEGURIDAD", "metadata_product": "Super Lub", "metadata_description": "", "metadata_recommended_use": "Lubricante", "metadata_section": "Seccion 4: PRIMEROS AUXILIOS"}, "hash": "ab4e0a02fa472a86e4ffdff0baf97fc3c115c049158f2133410e4a254df10749", "class_name": "RelatedNodeInfo"}, "2": {"node_id": "3492ea2a-3a9b-4a6c-8bad-3afdb380d4d8", "node_type": "1", "metadata": {"document_title": "HOJA DE DATOS DE SEGURIDAD", "metadata_product": "Super Lub", "metadata_description": "", "metadata_recommended_use": "Lubricante", "metadata_section": "Seccion 3: COMPOSICI\u00d3N/INFORMACI\u00d3N DE LOS COMPONENTES"}, "hash": "667143628c72eb5be4cdb6151bc31f7030cae41d4842d0e0abbeff47c3db650f", "class_name": "RelatedNodeInfo"}, "3": {"node_id": "b958e530-0950-49fd-8cab-4c8c964a27e0", "node_type": "1", "metadata": {"document_title": "HOJA DE DATOS DE SEGURIDAD", "metadata_product": "Super Lub", "metadata_description": "", "metadata_recommended_use": "Lubricante", "metadata_section": "Seccion 5: MEDIDAS PARA LUCHA CONTRA INCENDIOS"}, "hash": "5099b9410483e415b11dc39cffc66220216fadf275072fb77b85aa527972cd2a", "class_name": "RelatedNodeInfo"}}, "hash": "ab4e0a02fa472a86e4ffdff0baf97fc3c115c049158f2133410e4a254df10749", "text": "Informaci\u00f3n general: En caso de exposici\u00f3n, es necesario tratamiento m\u00e9dico inmediato. Inhalaci\u00f3n: Mu\u00e9vase al aire fresco. Consultar con un m\u00e9dico. Contacto con la piel: Lavar bajo agua corriente, acudir al m\u00e9dico. Contacto con los ojos: Enjuague inmediatamente los ojos con chorro de agua por lo menos durante 15 minutos, manteniendo los p\u00e1rpados abiertos. Busque atenci\u00f3n m\u00e9dica inmediatamente. Ingesti\u00f3n: Lavado de la cavidad bucal. No beber. Solicitar asistencia m\u00e9dica inmediata y mostrar el embalaje o la etiqueta. S\u00edntomas y efectos, agudos y retardados, m\u00e1s importantes: Irrita las v\u00edas respiratorias. Protecci\u00f3n de quienes brindan los primeros auxilios y notas especiales para un m\u00e9dico tratante: Evite el contacto con el producto mientras socorre a la v\u00edctima. Tr\u00e1tese seg\u00fan los s\u00edntomas y con medidas de soporte.", "start_char_idx": null, "end_char_idx": null, "text_template": "{metadata_str}\n\n{content}", "metadata_template": "{key}: {value}", "metadata_seperator": "\n", "class_name": "TextNode"}, "__type__": "1"}, "b958e530-0950-49fd-8cab-4c8c964a27e0": {"__data__": {"id_": "b958e530-0950-49fd-8cab-4c8c964a27e0", "embedding": null, "metadata": {"document_title": "HOJA DE DATOS DE SEGURIDAD", "metadata_product": "Super Lub", "metadata_description": "", "metadata_recommended_use": "Lubricante", "metadata_section": "Seccion 5: MEDIDAS PARA LUCHA CONTRA INCENDIOS"}, "excluded_embed_metadata_keys": [], "excluded_llm_metadata_keys": [], "relationships": {"1": {"node_id": "2cfe1006-bc81-44d6-b328-075e3924ae30", "node_type": "4", "metadata": {"document_title": "HOJA DE DATOS DE SEGURIDAD", "metadata_product": "Super Lub", "metadata_description": "", "metadata_recommended_use": "Lubricante", "metadata_section": "Seccion 5: MEDIDAS PARA LUCHA CONTRA INCENDIOS"}, "hash": "5099b9410483e415b11dc39cffc66220216fadf275072fb77b85aa527972cd2a", "class_name": "RelatedNodeInfo"}, "2": {"node_id": "acb145e1-a507-463d-bd96-7261473c5f22", "node_type": "1", "metadata": {"document_title": "HOJA DE DATOS DE SEGURIDAD", "metadata_product": "Super Lub", "metadata_description": "", "metadata_recommended_use": "Lubricante", "metadata_section": "Seccion 4: PRIMEROS AUXILIOS"}, "hash": "ab4e0a02fa472a86e4ffdff0baf97fc3c115c049158f2133410e4a254df10749", "class_name": "RelatedNodeInfo"}, "3": {"node_id": "c42ef9c7-b5b1-4ea2-a32d-0abe362faa5e", "node_type": "1", "metadata": {"document_title": "HOJA DE DATOS DE SEGURIDAD", "metadata_product": "Super Lub", "metadata_description": "", "metadata_recommended_use": "Lubricante", "metadata_section": "Secci\u00f3n 6: MEDIDAS QUE SE DEBEN TOMAR EN CASO DE DERRAME ACCIDENTAL"}, "hash": "f42c71ec174a3c1d6370486839046e2eaee941194b605ce0c2fb7a87655eb899", "class_name": "RelatedNodeInfo"}}, "hash": "5099b9410483e415b11dc39cffc66220216fadf275072fb77b85aa527972cd2a", "text": "Extintor apropiado: Di\u00f3xido de carbono. Espuma. Producto qu\u00edmico seco. Agentes de extinci\u00f3n inapropiados: Los chorros de agua a alta presi\u00f3n. Precauciones para el personal de emergencia y/o los bomberos: Usar equipo protector. Usar equipo de respiraci\u00f3n adecuado a las condiciones ambientales del aire. Peligros espec\u00edficos asociados;En caso de incendio pueden desprenderse gases t\u00f3xicos.;En caso de incendio, mantenga los contenedores refrigerados con agua pulverizada.", "start_char_idx": null, "end_char_idx": null, "text_template": "{metadata_str}\n\n{content}", "metadata_template": "{key}: {value}", "metadata_seperator": "\n", "class_name": "TextNode"}, "__type__": "1"}, "c42ef9c7-b5b1-4ea2-a32d-0abe362faa5e": {"__data__": {"id_": "c42ef9c7-b5b1-4ea2-a32d-0abe362faa5e", "embedding": null, "metadata": {"document_title": "HOJA DE DATOS DE SEGURIDAD", "metadata_product": "Super Lub", "metadata_description": "", "metadata_recommended_use": "Lubricante", "metadata_section": "Secci\u00f3n 6: MEDIDAS QUE SE DEBEN TOMAR EN CASO DE DERRAME ACCIDENTAL"}, "excluded_embed_metadata_keys": [], "excluded_llm_metadata_keys": [], "relationships": {"1": {"node_id": "0b496788-14a5-4a97-82c0-62b2a7d43748", "node_type": "4", "metadata": {"document_title": "HOJA DE DATOS DE SEGURIDAD", "metadata_product": "Super Lub", "metadata_description": "", "metadata_recommended_use": "Lubricante", "metadata_section": "Secci\u00f3n 6: MEDIDAS QUE SE DEBEN TOMAR EN CASO DE DERRAME ACCIDENTAL"}, "hash": "f42c71ec174a3c1d6370486839046e2eaee941194b605ce0c2fb7a87655eb899", "class_name": "RelatedNodeInfo"}, "2": {"node_id": "b958e530-0950-49fd-8cab-4c8c964a27e0", "node_type": "1", "metadata": {"document_title": "HOJA DE DATOS DE SEGURIDAD", "metadata_product": "Super Lub", "metadata_description": "", "metadata_recommended_use": "Lubricante", "metadata_section": "Seccion 5: MEDIDAS PARA LUCHA CONTRA INCENDIOS"}, "hash": "5099b9410483e415b11dc39cffc66220216fadf275072fb77b85aa527972cd2a", "class_name": "RelatedNodeInfo"}, "3": {"node_id": "e904394e-ad5a-4364-9e73-767f96f45c2b", "node_type": "1", "metadata": {"document_title": "HOJA DE DATOS DE SEGURIDAD", "metadata_product": "Super Lub", "metadata_description": "", "metadata_recommended_use": "Lubricante", "metadata_section": "Secci\u00f3n 7: MANIPULACI\u00d3N Y ALMACENAMIENTO"}, "hash": "46f9ac12454219e7201c70e9d90d04a3ed310e0c9b0cb96da0fbab36f0e7ad7f", "class_name": "RelatedNodeInfo"}}, "hash": "f42c71ec174a3c1d6370486839046e2eaee941194b605ce0c2fb7a87655eb899", "text": "Equipo de protecci\u00f3n y Procedimientos de emergencia;Asegure suficiente ventilaci\u00f3n y extracci\u00f3n de aire.;Usar equipo protector.;Mantener alejado de las fuentes de ignici\u00f3n y fuego abierto.\nMedidas de precauci\u00f3n personales;Evite el contacto con los ojos y la piel.;Mantener alejado de las fuentes de ignici\u00f3n y fuego abierto.;Evite la exposici\u00f3n al producto.\nPrecauciones medioambientales;No verter en el desag\u00fce/ aguas de superficie/aguas subterr\u00e1neas.\nM\u00e9todos y materiales de limpieza;Asegurar suficiente ventilaci\u00f3n y extracci\u00f3n de aire.;Absorber el producto restante con arena seca, tierra, vermiculita u otro material inerte. Coloque el material adsorbido en contenedores apropiados y ret\u00edralos a un lugar seguro donde pueden ser almacenados hasta la eliminaci\u00f3n.;Desecharlo en recipiente cerrado para su eliminaci\u00f3n.", "start_char_idx": null, "end_char_idx": null, "text_template": "{metadata_str}\n\n{content}", "metadata_template": "{key}: {value}", "metadata_seperator": "\n", "class_name": "TextNode"}, "__type__": "1"}, "e904394e-ad5a-4364-9e73-767f96f45c2b": {"__data__": {"id_": "e904394e-ad5a-4364-9e73-767f96f45c2b", "embedding": null, "metadata": {"document_title": "HOJA DE DATOS DE SEGURIDAD", "metadata_product": "Super Lub", "metadata_description": "", "metadata_recommended_use": "Lubricante", "metadata_section": "Secci\u00f3n 7: MANIPULACI\u00d3N Y ALMACENAMIENTO"}, "excluded_embed_metadata_keys": [], "excluded_llm_metadata_keys": [], "relationships": {"1": {"node_id": "f85af681-1d09-4f97-8226-f7df30842693", "node_type": "4", "metadata": {"document_title": "HOJA DE DATOS DE SEGURIDAD", "metadata_product": "Super Lub", "metadata_description": "", "metadata_recommended_use": "Lubricante", "metadata_section": "Secci\u00f3n 7: MANIPULACI\u00d3N Y ALMACENAMIENTO"}, "hash": "46f9ac12454219e7201c70e9d90d04a3ed310e0c9b0cb96da0fbab36f0e7ad7f", "class_name": "RelatedNodeInfo"}, "2": {"node_id": "c42ef9c7-b5b1-4ea2-a32d-0abe362faa5e", "node_type": "1", "metadata": {"document_title": "HOJA DE DATOS DE SEGURIDAD", "metadata_product": "Super Lub", "metadata_description": "", "metadata_recommended_use": "Lubricante", "metadata_section": "Secci\u00f3n 6: MEDIDAS QUE SE DEBEN TOMAR EN CASO DE DERRAME ACCIDENTAL"}, "hash": "f42c71ec174a3c1d6370486839046e2eaee941194b605ce0c2fb7a87655eb899", "class_name": "RelatedNodeInfo"}, "3": {"node_id": "8d23d28f-ece8-4619-a515-3233dec83ce8", "node_type": "1", "metadata": {"document_title": "HOJA DE DATOS DE SEGURIDAD", "metadata_product": "Super Lub", "metadata_description": "", "metadata_recommended_use": "Lubricante", "metadata_section": "Secci\u00f3n 8: CONTROL DE EXPOSICI\u00d3N/PROTECCI\u00d3N PERSONA"}, "hash": "139f5083b24d0dc584b13d02aee88233935753a5a1c110fccf8379768043fc14", "class_name": "RelatedNodeInfo"}}, "hash": "46f9ac12454219e7201c70e9d90d04a3ed310e0c9b0cb96da0fbab36f0e7ad7f", "text": "Manipulaci\u00f3n;Asegure que las salas de trabajo est\u00e9n adecuadamente ventiladas.;Mant\u00e9ngase fuera del alcance de los ni\u00f1os.;Evite el contacto con los ojos y la piel.;Usar equipo protector.;No comer, ni beber, ni fumar durante su utilizaci\u00f3n.;L\u00e1vense las manos antes de los descansos e inmediatamente despu\u00e9s de manipular la sustancia. Almacenamiento;Material adecuado para el embalaje: envase original.;Almacenar a temperatura ambiente.;Almacenar en lugar seco y fresco.;Almacenar en los envases originales a una temperatura entre 8 - 28\u00b0C.;Se deber\u00e1 mantener una distancia de 2,4 m entre sustancias peligrosas incompatibles. Adem\u00e1s, se deber\u00e1 mantener una distancia de 1,2 m entre las sustancias peligrosas y otras sustancias o mercanc\u00edas no peligrosas.;No almacenar conjuntamente con \u00e1cidos fuertes.;No almacenar conjuntamente con bases fuertes o materias altamente alcalinas.;No almacenar junto con oxidantes.", "start_char_idx": null, "end_char_idx": null, "text_template": "{metadata_str}\n\n{content}", "metadata_template": "{key}: {value}", "metadata_seperator": "\n", "class_name": "TextNode"}, "__type__": "1"}, "8d23d28f-ece8-4619-a515-3233dec83ce8": {"__data__": {"id_": "8d23d28f-ece8-4619-a515-3233dec83ce8", "embedding": null, "metadata": {"document_title": "HOJA DE DATOS DE SEGURIDAD", "metadata_product": "Super Lub", "metadata_description": "", "metadata_recommended_use": "Lubricante", "metadata_section": "Secci\u00f3n 8: CONTROL DE EXPOSICI\u00d3N/PROTECCI\u00d3N PERSONA"}, "excluded_embed_metadata_keys": [], "excluded_llm_metadata_keys": [], "relationships": {"1": {"node_id": "82706b6a-c491-4cb4-9c2a-6cf7a87648ee", "node_type": "4", "metadata": {"document_title": "HOJA DE DATOS DE SEGURIDAD", "metadata_product": "Super Lub", "metadata_description": "", "metadata_recommended_use": "Lubricante", "metadata_section": "Secci\u00f3n 8: CONTROL DE EXPOSICI\u00d3N/PROTECCI\u00d3N PERSONA"}, "hash": "139f5083b24d0dc584b13d02aee88233935753a5a1c110fccf8379768043fc14", "class_name": "RelatedNodeInfo"}, "2": {"node_id": "e904394e-ad5a-4364-9e73-767f96f45c2b", "node_type": "1", "metadata": {"document_title": "HOJA DE DATOS DE SEGURIDAD", "metadata_product": "Super Lub", "metadata_description": "", "metadata_recommended_use": "Lubricante", "metadata_section": "Secci\u00f3n 7: MANIPULACI\u00d3N Y ALMACENAMIENTO"}, "hash": "46f9ac12454219e7201c70e9d90d04a3ed310e0c9b0cb96da0fbab36f0e7ad7f", "class_name": "RelatedNodeInfo"}, "3": {"node_id": "70d71f99-e351-47f3-b912-c49b3035ff18", "node_type": "1", "metadata": {"document_title": "HOJA DE DATOS DE SEGURIDAD", "metadata_product": "Super Lub", "metadata_description": "", "metadata_recommended_use": "Lubricante", "metadata_section": "Secci\u00f3n 9: PROPIEDADES F\u00cdSICAS Y QU\u00cdMICAS"}, "hash": "2ca2b588cd652190d3413943736d0af8b6d3c363fceaa50e66386281ea657668", "class_name": "RelatedNodeInfo"}}, "hash": "139f5083b24d0dc584b13d02aee88233935753a5a1c110fccf8379768043fc14", "text": "Par\u00e1metros de control;Limites de Exposici\u00f3n Ocupacional;V\u00e1lido para;Chile;No contiene componentes con valores l\u00edmites de exposici\u00f3n profesional disponible.\n\u00cdndice de exposici\u00f3n biol\u00f3gica;Ninguno\nMedidas de ingenier\u00eda;Asegurar suficiente ventilaci\u00f3n y extracci\u00f3n de aire.\nProtecci\u00f3n respiratoria;M\u00e1scara de respiraci\u00f3n necesaria cuando la ventilaci\u00f3n sea insuficiente.\nProtecci\u00f3n de manos;guantes de protecci\u00f3n adecuados\nProtecci\u00f3n de ojos;Llevar gafas protectoras.\nProtecci\u00f3n de la piel y el cuerpo;Ropa de protecci\u00f3n que cubra los brazos y las piernas.\nPrecauciones espec\u00edficas;No hay peligros t\u00e9rmicos.\nMedidas de protecci\u00f3n general e higiene;Lavarse las manos antes de las pausas y al finalizar el trabajo.No comer, beber ni fumar durante el trabajo.Evitese el contacto con los ojos y la piel.", "start_char_idx": null, "end_char_idx": null, "text_template": "{metadata_str}\n\n{content}", "metadata_template": "{key}: {value}", "metadata_seperator": "\n", "class_name": "TextNode"}, "__type__": "1"}, "70d71f99-e351-47f3-b912-c49b3035ff18": {"__data__": {"id_": "70d71f99-e351-47f3-b912-c49b3035ff18", "embedding": null, "metadata": {"document_title": "HOJA DE DATOS DE SEGURIDAD", "metadata_product": "Super Lub", "metadata_description": "", "metadata_recommended_use": "Lubricante", "metadata_section": "Secci\u00f3n 9: PROPIEDADES F\u00cdSICAS Y QU\u00cdMICAS"}, "excluded_embed_metadata_keys": [], "excluded_llm_metadata_keys": [], "relationships": {"1": {"node_id": "dd4e5eef-bbda-4e43-9ec5-731ed3a8a904", "node_type": "4", "metadata": {"document_title": "HOJA DE DATOS DE SEGURIDAD", "metadata_product": "Super Lub", "metadata_description": "", "metadata_recommended_use": "Lubricante", "metadata_section": "Secci\u00f3n 9: PROPIEDADES F\u00cdSICAS Y QU\u00cdMICAS"}, "hash": "2ca2b588cd652190d3413943736d0af8b6d3c363fceaa50e66386281ea657668", "class_name": "RelatedNodeInfo"}, "2": {"node_id": "8d23d28f-ece8-4619-a515-3233dec83ce8", "node_type": "1", "metadata": {"document_title": "HOJA DE DATOS DE SEGURIDAD", "metadata_product": "Super Lub", "metadata_description": "", "metadata_recommended_use": "Lubricante", "metadata_section": "Secci\u00f3n 8: CONTROL DE EXPOSICI\u00d3N/PROTECCI\u00d3N PERSONA"}, "hash": "139f5083b24d0dc584b13d02aee88233935753a5a1c110fccf8379768043fc14", "class_name": "RelatedNodeInfo"}, "3": {"node_id": "5bf637c1-1312-460e-ace7-a66d87b68f77", "node_type": "1", "metadata": {"document_title": "HOJA DE DATOS DE SEGURIDAD", "metadata_product": "Super Lub", "metadata_description": "", "metadata_recommended_use": "Lubricante", "metadata_section": "Secci\u00f3n 10: ESTABILIDAD Y REACTIVIDAD"}, "hash": "0f28620e9ef7c7f482741bfd58472677b1f9f44e1cbafcd2ab8e98868bc8cb1a", "class_name": "RelatedNodeInfo"}}, "hash": "2ca2b588cd652190d3413943736d0af8b6d3c363fceaa50e66386281ea657668", "text": "Aspecto (Estado f\u00edsico, forma, color, etc): L\u00edquido, aerosol\nOlor: Caracter\u00edstico\npH;No disponible\nPunto de fusi\u00f3n/punto de congelamiento;No disponible\nPunto de ebullici\u00f3n, punto inicial de ebullici\u00f3n y rango de ebullici\u00f3n;> 220\u00b0C (> 428\u00b0F)\nPunto de inflamaci\u00f3n;-60\u00b0C (-76\u00b0F)\nL\u00edmites de explosividad;No disponible\nPresi\u00f3n de vapor;No disponible\nDensidad relativa del vapor (aire = 1);No disponible\nDensidad/densidad relativa (agua = 1 o);0,84 g/cm3\nSolubilidad(es);No disponible\nCoeficiente de partici\u00f3n n-octanol/agua;No disponible\nTemperatura de autoinflamaci\u00f3n;No disponible\nTemperatura de descomposici\u00f3n;No disponible", "start_char_idx": null, "end_char_idx": null, "text_template": "{metadata_str}\n\n{content}", "metadata_template": "{key}: {value}", "metadata_seperator": "\n", "class_name": "TextNode"}, "__type__": "1"}, "5bf637c1-1312-460e-ace7-a66d87b68f77": {"__data__": {"id_": "5bf637c1-1312-460e-ace7-a66d87b68f77", "embedding": null, "metadata": {"document_title": "HOJA DE DATOS DE SEGURIDAD", "metadata_product": "Super Lub", "metadata_description": "", "metadata_recommended_use": "Lubricante", "metadata_section": "Secci\u00f3n 10: ESTABILIDAD Y REACTIVIDAD"}, "excluded_embed_metadata_keys": [], "excluded_llm_metadata_keys": [], "relationships": {"1": {"node_id": "776f588a-0ac5-4fe4-9cc4-dd8431a2be38", "node_type": "4", "metadata": {"document_title": "HOJA DE DATOS DE SEGURIDAD", "metadata_product": "Super Lub", "metadata_description": "", "metadata_recommended_use": "Lubricante", "metadata_section": "Secci\u00f3n 10: ESTABILIDAD Y REACTIVIDAD"}, "hash": "0f28620e9ef7c7f482741bfd58472677b1f9f44e1cbafcd2ab8e98868bc8cb1a", "class_name": "RelatedNodeInfo"}, "2": {"node_id": "70d71f99-e351-47f3-b912-c49b3035ff18", "node_type": "1", "metadata": {"document_title": "HOJA DE DATOS DE SEGURIDAD", "metadata_product": "Super Lub", "metadata_description": "", "metadata_recommended_use": "Lubricante", "metadata_section": "Secci\u00f3n 9: PROPIEDADES F\u00cdSICAS Y QU\u00cdMICAS"}, "hash": "2ca2b588cd652190d3413943736d0af8b6d3c363fceaa50e66386281ea657668", "class_name": "RelatedNodeInfo"}, "3": {"node_id": "c4f5d4bc-18d6-4522-9ebf-9cb6a65c7645", "node_type": "1", "metadata": {"document_title": "HOJA DE DATOS DE SEGURIDAD", "metadata_product": "Super Lub", "metadata_description": "", "metadata_recommended_use": "Lubricante", "metadata_section": "Secci\u00f3n 11: INFORMACI\u00d3N TOXICOL\u00d3GICA"}, "hash": "eecb3fd41a765a75f0e8205c15944c683752534d1e51676ace34f8c341432f73", "class_name": "RelatedNodeInfo"}}, "hash": "0f28620e9ef7c7f482741bfd58472677b1f9f44e1cbafcd2ab8e98868bc8cb1a", "text": "Estabilidad qu\u00edmica;Estable bajo condiciones normales de presi\u00f3n y temperatura.\nReacciones peligrosas;No conocidas.\nCondiciones que deben evitarse;Mantener alejado de las fuentes de ignici\u00f3n y fuego abierto.\nMateriales incompatibles;\u00c1cidos.A agentes oxidantes. Clorados. Per\u00f3xidos.\nMateriales a evitar;No hay datos.\nProductos de descomposici\u00f3n peligrosos: Mon\u00f3xido de carbono; \u00f3xidos de nitr\u00f3geno;", "start_char_idx": null, "end_char_idx": null, "text_template": "{metadata_str}\n\n{content}", "metadata_template": "{key}: {value}", "metadata_seperator": "\n", "class_name": "TextNode"}, "__type__": "1"}, "c4f5d4bc-18d6-4522-9ebf-9cb6a65c7645": {"__data__": {"id_": "c4f5d4bc-18d6-4522-9ebf-9cb6a65c7645", "embedding": null, "metadata": {"document_title": "HOJA DE DATOS DE SEGURIDAD", "metadata_product": "Super Lub", "metadata_description": "", "metadata_recommended_use": "Lubricante", "metadata_section": "Secci\u00f3n 11: INFORMACI\u00d3N TOXICOL\u00d3GICA"}, "excluded_embed_metadata_keys": [], "excluded_llm_metadata_keys": [], "relationships": {"1": {"node_id": "eb6960d4-6fe6-42f5-b300-a495f8b6dee6", "node_type": "4", "metadata": {"document_title": "HOJA DE DATOS DE SEGURIDAD", "metadata_product": "Super Lub", "metadata_description": "", "metadata_recommended_use": "Lubricante", "metadata_section": "Secci\u00f3n 11: INFORMACI\u00d3N TOXICOL\u00d3GICA"}, "hash": "eecb3fd41a765a75f0e8205c15944c683752534d1e51676ace34f8c341432f73", "class_name": "RelatedNodeInfo"}, "2": {"node_id": "5bf637c1-1312-460e-ace7-a66d87b68f77", "node_type": "1", "metadata": {"document_title": "HOJA DE DATOS DE SEGURIDAD", "metadata_product": "Super Lub", "metadata_description": "", "metadata_recommended_use": "Lubricante", "metadata_section": "Secci\u00f3n 10: ESTABILIDAD Y REACTIVIDAD"}, "hash": "0f28620e9ef7c7f482741bfd58472677b1f9f44e1cbafcd2ab8e98868bc8cb1a", "class_name": "RelatedNodeInfo"}, "3": {"node_id": "e6523ff8-a1df-412f-a11e-87a03e033e3a", "node_type": "1", "metadata": {"document_title": "HOJA DE DATOS DE SEGURIDAD", "metadata_product": "Super Lub", "metadata_description": "", "metadata_recommended_use": "Lubricante", "metadata_section": "Secci\u00f3n 11: INFORMACI\u00d3N TOXICOL\u00d3GICA"}, "hash": "2114868f5a3e73b67ab269b6edf4679404cacefd72f6f420c15340989b7ab35f", "class_name": "RelatedNodeInfo"}}, "hash": "eecb3fd41a765a75f0e8205c15944c683752534d1e51676ace34f8c341432f73", "text": "Toxicidad inhalativa aguda: Nocivo en caso de inhalaci\u00f3n.; Toxicidad oral aguda: No disponible; Toxicidad inhalativa aguda: Ingredientes peligrosos; N\u00b0 CAS; Tipo de valor; Valor; Ruta de aplicaci\u00f3n; Tiempo de exposici\u00f3n; Especies; M\u00e9todo butano (<0.1 % butadieno) 106-97-8; LC50; 274200 ppm; inhalaci\u00f3n; 4 h; Rata; no especificado Propano 74-98-6; LC50; > 800000 ppm; 15 minuto; Rata; no especificado Toxicidad dermal aguda: No disponible; Corrosi\u00f3n o irritaci\u00f3n cut\u00e1neas: No disponible; Lesiones o irritaci\u00f3n ocular graves: No disponible; Sensibilizaci\u00f3n respiratoria o cut\u00e1nea: No disponible; Mutagenicidad en c\u00e9lulas germinales: Ingredientes peligrosos; N\u00b0 CAS; Resultado; Tipo de estudio / V\u00eda de administraci\u00f3n; Activaci\u00f3n metab\u00f3lica / tiempo de exposici\u00f3n; Especies; M\u00e9todo butano (<0.1 % butadieno) 106-97-8; negativo; bacterial reverse mutation assay (e.g. Ames test); OECD Guideline 471 (Bacterial Reverse Mutation Assay); con o sin; OECD Guideline 473 (In vitro Mammalian Chromosome Aberration Test); Drosophila melanogaster; no especificado Ensayo de aberraciones cromos\u00f3micas en vivo en mam\u00edferos; con o sin; butano (<0.1 % butadieno) 106-97-8; negativo; bacterial reverse mutation assay (e.g. Ames test);", "start_char_idx": null, "end_char_idx": null, "text_template": "{metadata_str}\n\n{content}", "metadata_template": "{key}: {value}", "metadata_seperator": "\n", "class_name": "TextNode"}, "__type__": "1"}, "e6523ff8-a1df-412f-a11e-87a03e033e3a": {"__data__": {"id_": "e6523ff8-a1df-412f-a11e-87a03e033e3a", "embedding": null, "metadata": {"document_title": "HOJA DE DATOS DE SEGURIDAD", "metadata_product": "Super Lub", "metadata_description": "", "metadata_recommended_use": "Lubricante", "metadata_section": "Secci\u00f3n 11: INFORMACI\u00d3N TOXICOL\u00d3GICA"}, "excluded_embed_metadata_keys": [], "excluded_llm_metadata_keys": [], "relationships": {"1": {"node_id": "e3ec2b99-c2ec-4537-b060-820750a24673", "node_type": "4", "metadata": {"document_title": "HOJA DE DATOS DE SEGURIDAD", "metadata_product": "Super Lub", "metadata_description": "", "metadata_recommended_use": "Lubricante", "metadata_section": "Secci\u00f3n 11: INFORMACI\u00d3N TOXICOL\u00d3GICA"}, "hash": "2114868f5a3e73b67ab269b6edf4679404cacefd72f6f420c15340989b7ab35f", "class_name": "RelatedNodeInfo"}, "2": {"node_id": "c4f5d4bc-18d6-4522-9ebf-9cb6a65c7645", "node_type": "1", "metadata": {"document_title": "HOJA DE DATOS DE SEGURIDAD", "metadata_product": "Super Lub", "metadata_description": "", "metadata_recommended_use": "Lubricante", "metadata_section": "Secci\u00f3n 11: INFORMACI\u00d3N TOXICOL\u00d3GICA"}, "hash": "eecb3fd41a765a75f0e8205c15944c683752534d1e51676ace34f8c341432f73", "class_name": "RelatedNodeInfo"}, "3": {"node_id": "4349a714-fa3d-4509-931b-d3ece5838b50", "node_type": "1", "metadata": {"document_title": "HOJA DE DATOS DE SEGURIDAD", "metadata_product": "Super Lub", "metadata_description": "", "metadata_recommended_use": "Lubricante", "metadata_section": "Secci\u00f3n: 12: INFORMACI\u00d3N ECOL\u00d3GICA"}, "hash": "5ca82bc8e5c4ad3d82fdb4ac01cd1434d507ea196d8c6fb532fbe24a544dfa06", "class_name": "RelatedNodeInfo"}}, "hash": "2114868f5a3e73b67ab269b6edf4679404cacefd72f6f420c15340989b7ab35f", "text": "OECD Guideline 471 (Bacterial Reverse Mutation Assay); con o sin; OECD Guideline 473 (In vitro Mammalian Chromosome Aberration Test); Drosophila melanogaster; no especificado Ensayo de aberraciones cromos\u00f3micas en vivo en mam\u00edferos; con o sin; Propano 74-98-6; negativo; bacterial reverse mutation assay (e.g. Ames test); OECD Guideline 471 (Bacterial Reverse Mutation Assay); con o sin; OECD Guideline 473 (In vitro Mammalian Chromosome Aberration Test); Drosophila melanogaster; no especificado Ensayo de aberraciones cromos\u00f3micas en vivo en mam\u00edferos; con o sin; Carcinogenicidad;No disponible Toxicidad para la reproducci\u00f3n; ;Ingredientes peligrosos;Resultado / clasificaci\u00f3n;Especies;Tiempo de exposici\u00f3n;Especies;M\u00e9todo ;butano (< 0.1 % butadieno) 106-97-8;NOAEL P1,2 14 mg/l NOAEL F1 21,4 mg/l;Rata;OECD Guideline 422 (Combined Repeated Dose Toxicity Study with the Reproduction / Developmental Toxicity Screening Test) Toxicidad espec\u00edfica en determinados \u00f3rganos (STOT) \u2013 exposici\u00f3n \u00fanica;Puede limitar las v\u00edas respiratorias. Toxicidad espec\u00edfica en determinados \u00f3rganos (STOT) \u2013 exposici\u00f3n repetida;No disponible Peligro de aspiraci\u00f3n;No disponible", "start_char_idx": null, "end_char_idx": null, "text_template": "{metadata_str}\n\n{content}", "metadata_template": "{key}: {value}", "metadata_seperator": "\n", "class_name": "TextNode"}, "__type__": "1"}, "4349a714-fa3d-4509-931b-d3ece5838b50": {"__data__": {"id_": "4349a714-fa3d-4509-931b-d3ece5838b50", "embedding": null, "metadata": {"document_title": "HOJA DE DATOS DE SEGURIDAD", "metadata_product": "Super Lub", "metadata_description": "", "metadata_recommended_use": "Lubricante", "metadata_section": "Secci\u00f3n: 12: INFORMACI\u00d3N ECOL\u00d3GICA"}, "excluded_embed_metadata_keys": [], "excluded_llm_metadata_keys": [], "relationships": {"1": {"node_id": "43553b42-a3f0-4958-aaae-4970d5c6119c", "node_type": "4", "metadata": {"document_title": "HOJA DE DATOS DE SEGURIDAD", "metadata_product": "Super Lub", "metadata_description": "", "metadata_recommended_use": "Lubricante", "metadata_section": "Secci\u00f3n: 12: INFORMACI\u00d3N ECOL\u00d3GICA"}, "hash": "5ca82bc8e5c4ad3d82fdb4ac01cd1434d507ea196d8c6fb532fbe24a544dfa06", "class_name": "RelatedNodeInfo"}, "2": {"node_id": "e6523ff8-a1df-412f-a11e-87a03e033e3a", "node_type": "1", "metadata": {"document_title": "HOJA DE DATOS DE SEGURIDAD", "metadata_product": "Super Lub", "metadata_description": "", "metadata_recommended_use": "Lubricante", "metadata_section": "Secci\u00f3n 11: INFORMACI\u00d3N TOXICOL\u00d3GICA"}, "hash": "2114868f5a3e73b67ab269b6edf4679404cacefd72f6f420c15340989b7ab35f", "class_name": "RelatedNodeInfo"}, "3": {"node_id": "981ac45f-9ab2-4b24-99b8-08de9665cc08", "node_type": "1", "metadata": {"document_title": "HOJA DE DATOS DE SEGURIDAD", "metadata_product": "Super Lub", "metadata_description": "", "metadata_recommended_use": "Lubricante", "metadata_section": "Secci\u00f3n 13: INFORMACI\u00d3N SOBRE LA DISPOSICI\u00d3N FINAL"}, "hash": "b26767e4dcea71789d6f887de878b3913e616feb66ad47ef58b27aa8914c2b19", "class_name": "RelatedNodeInfo"}}, "hash": "5ca82bc8e5c4ad3d82fdb4ac01cd1434d507ea196d8c6fb532fbe24a544dfa06", "text": "Detalles generales de ecolog\u00eda;No verter en aguas residuales, en el suelo o en el medio acu\u00e1tico. T\u00f3xico para los organismos acu\u00e1ticos.\nEcotoxicidad;\n;Ingredientes peligrosos N\u00ba CAS;Tipo de valor;Valor;Estudio de Toxicidad Aguda;Tiempo de exposici\u00f3n;Especies;M\u00e9todo\n;butano (< 0.1 % butadieno) 106-97-8;LC50;27,98 mg/l;peces;96 h;n especificado\n;butano (< 0.1 % butadieno) 106-97-8;EC50;14,22 mg/l;Daphnia;48 h;n especificado\n;butano (< 0.1 % butadieno) 106-97-8;EC50;7,71 mg/l;algas;96 h;n especificado\nPersistencia y degradabilidad;No hay datos.\nPotencial de bioacumulaci\u00f3n;No hay datos.\nMovilidad en el suelo;No hay datos.\nOtros efectos adversos;No hay datos.", "start_char_idx": null, "end_char_idx": null, "text_template": "{metadata_str}\n\n{content}", "metadata_template": "{key}: {value}", "metadata_seperator": "\n", "class_name": "TextNode"}, "__type__": "1"}, "981ac45f-9ab2-4b24-99b8-08de9665cc08": {"__data__": {"id_": "981ac45f-9ab2-4b24-99b8-08de9665cc08", "embedding": null, "metadata": {"document_title": "HOJA DE DATOS DE SEGURIDAD", "metadata_product": "Super Lub", "metadata_description": "", "metadata_recommended_use": "Lubricante", "metadata_section": "Secci\u00f3n 13: INFORMACI\u00d3N SOBRE LA DISPOSICI\u00d3N FINAL"}, "excluded_embed_metadata_keys": [], "excluded_llm_metadata_keys": [], "relationships": {"1": {"node_id": "93f44bd3-5d1e-4cc0-a492-9391e130dedb", "node_type": "4", "metadata": {"document_title": "HOJA DE DATOS DE SEGURIDAD", "metadata_product": "Super Lub", "metadata_description": "", "metadata_recommended_use": "Lubricante", "metadata_section": "Secci\u00f3n 13: INFORMACI\u00d3N SOBRE LA DISPOSICI\u00d3N FINAL"}, "hash": "b26767e4dcea71789d6f887de878b3913e616feb66ad47ef58b27aa8914c2b19", "class_name": "RelatedNodeInfo"}, "2": {"node_id": "4349a714-fa3d-4509-931b-d3ece5838b50", "node_type": "1", "metadata": {"document_title": "HOJA DE DATOS DE SEGURIDAD", "metadata_product": "Super Lub", "metadata_description": "", "metadata_recommended_use": "Lubricante", "metadata_section": "Secci\u00f3n: 12: INFORMACI\u00d3N ECOL\u00d3GICA"}, "hash": "5ca82bc8e5c4ad3d82fdb4ac01cd1434d507ea196d8c6fb532fbe24a544dfa06", "class_name": "RelatedNodeInfo"}, "3": {"node_id": "dc6c7570-2d17-4eb9-9098-9b63c572890f", "node_type": "1", "metadata": {"document_title": "HOJA DE DATOS DE SEGURIDAD", "metadata_product": "Super Lub", "metadata_description": "", "metadata_recommended_use": "Lubricante", "metadata_section": "Secci\u00f3n 14: INFORMACI\u00d3N SOBRE EL TRANSPORTE"}, "hash": "425f1878becb1e737f6c66968508bb127a24595127e3193a4c83c4def04dc58e", "class_name": "RelatedNodeInfo"}}, "hash": "b26767e4dcea71789d6f887de878b3913e616feb66ad47ef58b27aa8914c2b19", "text": "Evacuaci\u00f3n del producto;Eliminar de acuerdo con los siguientes reglamentos Chilenos vigentes: Decreto N\u00ba 1, Decreto Supremo N\u00ba 594, Decreto Supremo N\u00ba 609, y Decreto Supremo N\u00ba 148' u otros aplicables al momento de eliminarlo. Evacuaci\u00f3n del envase sucio;Los envases vac\u00edos y asegurarse de que el contenedor est\u00e9 vac\u00edo, no hay gas residual, enviar para el reciclaje. No perforar ni quemar los envases vac\u00edos.;Elminar de acuerdo con los siguientes reglamentos Chilenos vigentes: Decreto N\u00ba1, Decreto Supremo N\u00ba 594, Decreto Supremo N\u00ba 609, y Decreto Supremo N\u00ba 148\"* u otros aplicables al momento de eliminarlo.", "start_char_idx": null, "end_char_idx": null, "text_template": "{metadata_str}\n\n{content}", "metadata_template": "{key}: {value}", "metadata_seperator": "\n", "class_name": "TextNode"}, "__type__": "1"}, "dc6c7570-2d17-4eb9-9098-9b63c572890f": {"__data__": {"id_": "dc6c7570-2d17-4eb9-9098-9b63c572890f", "embedding": null, "metadata": {"document_title": "HOJA DE DATOS DE SEGURIDAD", "metadata_product": "Super Lub", "metadata_description": "", "metadata_recommended_use": "Lubricante", "metadata_section": "Secci\u00f3n 14: INFORMACI\u00d3N SOBRE EL TRANSPORTE"}, "excluded_embed_metadata_keys": [], "excluded_llm_metadata_keys": [], "relationships": {"1": {"node_id": "911f0cb3-7bb3-4dd0-9790-dd122a33dc5b", "node_type": "4", "metadata": {"document_title": "HOJA DE DATOS DE SEGURIDAD", "metadata_product": "Super Lub", "metadata_description": "", "metadata_recommended_use": "Lubricante", "metadata_section": "Secci\u00f3n 14: INFORMACI\u00d3N SOBRE EL TRANSPORTE"}, "hash": "425f1878becb1e737f6c66968508bb127a24595127e3193a4c83c4def04dc58e", "class_name": "RelatedNodeInfo"}, "2": {"node_id": "981ac45f-9ab2-4b24-99b8-08de9665cc08", "node_type": "1", "metadata": {"document_title": "HOJA DE DATOS DE SEGURIDAD", "metadata_product": "Super Lub", "metadata_description": "", "metadata_recommended_use": "Lubricante", "metadata_section": "Secci\u00f3n 13: INFORMACI\u00d3N SOBRE LA DISPOSICI\u00d3N FINAL"}, "hash": "b26767e4dcea71789d6f887de878b3913e616feb66ad47ef58b27aa8914c2b19", "class_name": "RelatedNodeInfo"}, "3": {"node_id": "7d288375-8cb1-4cca-9f92-497239361b8b", "node_type": "1", "metadata": {"document_title": "HOJA DE DATOS DE SEGURIDAD", "metadata_product": "Super Lub", "metadata_description": "", "metadata_recommended_use": "Lubricante", "metadata_section": "Secci\u00f3n 15: INFORMACI\u00d3N REGLAMENTARIA"}, "hash": "3ec5fdb2e9d866ff8659c18dc9a714da745df4ee0769de086405d8b5d4ed2226", "class_name": "RelatedNodeInfo"}}, "hash": "425f1878becb1e737f6c66968508bb127a24595127e3193a4c83c4def04dc58e", "text": "Transporte por carretera ADR;Clase;2;Grupo de embalaje;;C\u00f3digo de clasificaci\u00f3n;5F;N\u00b0 caracterizaci\u00f3n del peligro;23;N\u00b0 UN;1950;Etiqueta de peligor;2.1;Nombre t\u00e9cnico;AEROSOLES; Transporte de ferrocarril RID;Clase;2;Grupo de embalaje;;C\u00f3digo de clasificaci\u00f3n;5F;N\u00b0 caracterizaci\u00f3n del peligro;23;N\u00b0 UN;1950;Etiqueta de peligro;2.1;Nombre t\u00e9cnico;AEROSOLES; Transporte fluvial ADN;Clase;2;Grupo de embalaje;;C\u00f3digo de clasificaci\u00f3n;5F;N\u00b0 caracterizaci\u00f3n del peligro;;N\u00b0 UN;1950;Etiqueta de peligro;2.1; Transporte mar\u00edtimo IMDG;Clase;2.1;Grupo de embalaje;;N\u00b0 UN;1950;Etiqueta de peligro;2.1;Ems;F-D S-U;Nombre adecuado de transporte;AEROSOLES; Transporte a\u00e9reo IATA;Clase;2.1;Grupo de embalaje;;Instrucci\u00f3n de embalaje (pasajeros);203;Instrucci\u00f3n de embalaje (carga);203;N\u00b0 UN;1950;Etiqueta de peligro;2.1;Nombre adecuado de transporte;Aerosoles, inflamables; N\u00famero NU: UN1950", "start_char_idx": null, "end_char_idx": null, "text_template": "{metadata_str}\n\n{content}", "metadata_template": "{key}: {value}", "metadata_seperator": "\n", "class_name": "TextNode"}, "__type__": "1"}, "7d288375-8cb1-4cca-9f92-497239361b8b": {"__data__": {"id_": "7d288375-8cb1-4cca-9f92-497239361b8b", "embedding": null, "metadata": {"document_title": "HOJA DE DATOS DE SEGURIDAD", "metadata_product": "Super Lub", "metadata_description": "", "metadata_recommended_use": "Lubricante", "metadata_section": "Secci\u00f3n 15: INFORMACI\u00d3N REGLAMENTARIA"}, "excluded_embed_metadata_keys": [], "excluded_llm_metadata_keys": [], "relationships": {"1": {"node_id": "ee32e848-421b-4a49-89c5-92db0ae08d02", "node_type": "4", "metadata": {"document_title": "HOJA DE DATOS DE SEGURIDAD", "metadata_product": "Super Lub", "metadata_description": "", "metadata_recommended_use": "Lubricante", "metadata_section": "Secci\u00f3n 15: INFORMACI\u00d3N REGLAMENTARIA"}, "hash": "3ec5fdb2e9d866ff8659c18dc9a714da745df4ee0769de086405d8b5d4ed2226", "class_name": "RelatedNodeInfo"}, "2": {"node_id": "dc6c7570-2d17-4eb9-9098-9b63c572890f", "node_type": "1", "metadata": {"document_title": "HOJA DE DATOS DE SEGURIDAD", "metadata_product": "Super Lub", "metadata_description": "", "metadata_recommended_use": "Lubricante", "metadata_section": "Secci\u00f3n 14: INFORMACI\u00d3N SOBRE EL TRANSPORTE"}, "hash": "425f1878becb1e737f6c66968508bb127a24595127e3193a4c83c4def04dc58e", "class_name": "RelatedNodeInfo"}, "3": {"node_id": "54a8a1a5-1ec9-4b6c-bdf3-a5be4c19f068", "node_type": "1", "metadata": {"document_title": "HOJA DE DATOS DE SEGURIDAD", "metadata_product": "Super Lub", "metadata_description": "", "metadata_recommended_use": "Lubricante", "metadata_section": "Secci\u00f3n 16: OTRAS INFORMACIONES"}, "hash": "b6c587c50432b4d4b84a5d57feefd109a6b628804957071394c13762ecdcf247", "class_name": "RelatedNodeInfo"}}, "hash": "3ec5fdb2e9d866ff8659c18dc9a714da745df4ee0769de086405d8b5d4ed2226", "text": "Reglamentaci\u00f3n y legislaci\u00f3n en materia de seguridad, salud y medio ambiente espec\u00edficas para la sustancia o la mezcla a la norma NORMA CHILENA OFICIAL NCH382. Of 2013 - Sustancias peligrosas - Terminolog\u00eda y clasificaci\u00f3n general (equivalente a la norma DOT) NORMA CHILENA OFICIAL NCH1411/4 de 1978 - Prevenci\u00f3n de riesgos - Parte 4: Identificaci\u00f3n de riesgos de materiales (equivalente a la norma NFPA 704) NORMA CHILENA OFICIAL NCH: 2190 de 2003 - Transporte de sustancias peligrosas - Distintivos para identificaci\u00f3n de riesgos Norma Chilena N\u00ba 2245/15, Sustancias Qu\u00edmica - Hoja de Datos de Seguridad - Requisitos. Decreto Supremo N\u00ba 148/03, Reglamentos sanitario sobra manejo de residuos peligrosos. Decreto Supremo N\u00ba 298/94, Reglamenta transporte de cargas peligrosas por calles y caminos. Decreto Supremo N\u00ba 43/16, Aprueba el reglamento de almacenamiento de sustancia peligrosas. Decreto Supremo 594, Art\u00edculo 65, Reglamento sobre Condiciones Sanitarias y Ambientales B\u00e1sicas en los Lugares de Trabajo", "start_char_idx": null, "end_char_idx": null, "text_template": "{metadata_str}\n\n{content}", "metadata_template": "{key}: {value}", "metadata_seperator": "\n", "class_name": "TextNode"}, "__type__": "1"}, "54a8a1a5-1ec9-4b6c-bdf3-a5be4c19f068": {"__data__": {"id_": "54a8a1a5-1ec9-4b6c-bdf3-a5be4c19f068", "embedding": null, "metadata": {"document_title": "HOJA DE DATOS DE SEGURIDAD", "metadata_product": "Super Lub", "metadata_description": "", "metadata_recommended_use": "Lubricante", "metadata_section": "Secci\u00f3n 16: OTRAS INFORMACIONES"}, "excluded_embed_metadata_keys": [], "excluded_llm_metadata_keys": [], "relationships": {"1": {"node_id": "c1788d69-852f-41e9-a525-d485d17d588c", "node_type": "4", "metadata": {"document_title": "HOJA DE DATOS DE SEGURIDAD", "metadata_product": "Super Lub", "metadata_description": "", "metadata_recommended_use": "Lubricante", "metadata_section": "Secci\u00f3n 16: OTRAS INFORMACIONES"}, "hash": "b6c587c50432b4d4b84a5d57feefd109a6b628804957071394c13762ecdcf247", "class_name": "RelatedNodeInfo"}, "2": {"node_id": "7d288375-8cb1-4cca-9f92-497239361b8b", "node_type": "1", "metadata": {"document_title": "HOJA DE DATOS DE SEGURIDAD", "metadata_product": "Super Lub", "metadata_description": "", "metadata_recommended_use": "Lubricante", "metadata_section": "Secci\u00f3n 15: INFORMACI\u00d3N REGLAMENTARIA"}, "hash": "3ec5fdb2e9d866ff8659c18dc9a714da745df4ee0769de086405d8b5d4ed2226", "class_name": "RelatedNodeInfo"}}, "hash": "b6c587c50432b4d4b84a5d57feefd109a6b628804957071394c13762ecdcf247", "text": "Esta SDS fue elaborada basada en nuestros conocimientos actuales sobre el manejo adecuado del producto en condiciones normales de uso, de acuerdo con la aplicaci\u00f3n especificada en el envase. Cualquier otro uso del producto que afecte a su combinaci\u00f3n con otros materiales, as\u00ed como las formas de utilizar varios de los mencionados, son responsabilidad del usuario. La advertencia es que el manejo de cualquier sustancia qu\u00edmica requiere conocimiento previo de sus peligros para el usuario. En el lugar de trabajo la empresa usuaria debe promocionar la formaci\u00f3n de sus empleados y contratistas sobre los posibles riesgos derivados de la exposici\u00f3n al producto qu\u00edmico.\nPara preparar este documento, fueron consideradas las informaciones pertinentes de las SDS de los proveedores.\nEl etiquetado del producto se indica en la secci\u00f3n 2. El texto completo de todas las abreviaturas indicadas por c\u00f3digos en esta hoja de seguridad es el siguiente:\nH220 Gas extremadamente inflamable.\nH280 Contiene gas a presi\u00f3n; peligro de explosi\u00f3n en caso de calentamiento.\nH304 Puede ser mortal en caso de ingesti\u00f3n y penetraci\u00f3n en las v\u00edas respiratorias.\nControl de cambios:\nEstructura de HDS actualizada\nCambio en todas las secciones\nAbreviaturas:\nADNR: Reglamento para el Transporte de Mercanc\u00edas Peligrosas en el R\u00edn .\nADR: Acuerdo Europeo sobre Transporte Internacional de Mercanc\u00edas Peligrosas por Carretera .\nBCF: Factor de Bioconcentraci\u00f3n\nBEI: \u00cdndice de Exposici\u00f3n Biol\u00f3gica\nCAS - Servicio de Res\u00famenes de Productos Qu\u00edmicos\nIARC: Agencia Internacional para la Investigaci\u00f3n sobre el C\u00e1ncer\nIATA \u00b7 DGR : Asociaci\u00f3n Internacional de Transporte A\u00e9reo - Reglamentaci\u00f3n de Mercanc\u00edas Peligrosas\nIMDG: C\u00f3digo mar\u00edtimo internacional de mercanc\u00edas peligrosas\nLC 50: Concentraci\u00f3n Letal 50%\nLD 50: Dosis Letal 50%\nOCDE: Organizaci\u00f3n para la Cooperaci\u00f3n y el Desarrollo Econ\u00f3mico\nRID: Reglamento Internacional para el Transporte de Sustancias Peligrosas por Ferrocarril\nSTEL : L\u00edmite de Exposici\u00f3n a largo plazo\nTLV - Valor L\u00edmite Umbral\nTWA - Tiempo promedio ponderado", "start_char_idx": null, "end_char_idx": null, "text_template": "{metadata_str}\n\n{content}", "metadata_template": "{key}: {value}", "metadata_seperator": "\n", "class_name": "TextNode"}, "__type__": "1"}}, "docstore/ref_doc_info": {"f0f148f1-b5e2-4d18-a420-493400ec03a6": {"node_ids": ["bfd04e23-d9d0-43df-9ec3-907e0f06042c"], "metadata": {"document_title": "HOJA DE DATOS DE SEGURIDAD", "metadata_product": "Super Lub", "metadata_description": "", "metadata_recommended_use": "Lubricante", "metadata_section": "Seccion 1: Identificaci\u00f3n del producto y de la empresa"}}, "bec77276-1fd2-47ef-9619-b33729716ee6": {"node_ids": ["d093144f-855f-4cf2-b1de-f13bf4f31d5f"], "metadata": {"document_title": "HOJA DE DATOS DE SEGURIDAD", "metadata_product": "Super Lub", "metadata_description": "", "metadata_recommended_use": "Lubricante", "metadata_section": "Seccion 2: IDENTIFICACI\u00d3N DE LOS PELIGROS"}}, "4ceb9a1b-9deb-4140-85a9-81c2846a5896": {"node_ids": ["3492ea2a-3a9b-4a6c-8bad-3afdb380d4d8"], "metadata": {"document_title": "HOJA DE DATOS DE SEGURIDAD", "metadata_product": "Super Lub", "metadata_description": "", "metadata_recommended_use": "Lubricante", "metadata_section": "Seccion 3: COMPOSICI\u00d3N/INFORMACI\u00d3N DE LOS COMPONENTES"}}, "37b8460c-ca16-4c20-a8fa-1e393759288f": {"node_ids": ["acb145e1-a507-463d-bd96-7261473c5f22"], "metadata": {"document_title": "HOJA DE DATOS DE SEGURIDAD", "metadata_product": "Super Lub", "metadata_description": "", "metadata_recommended_use": "Lubricante", "metadata_section": "Seccion 4: PRIMEROS AUXILIOS"}}, "2cfe1006-bc81-44d6-b328-075e3924ae30": {"node_ids": ["b958e530-0950-49fd-8cab-4c8c964a27e0"], "metadata": {"document_title": "HOJA DE DATOS DE SEGURIDAD", "metadata_product": "Super Lub", "metadata_description": "", "metadata_recommended_use": "Lubricante", "metadata_section": "Seccion 5: MEDIDAS PARA LUCHA CONTRA INCENDIOS"}}, "0b496788-14a5-4a97-82c0-62b2a7d43748": {"node_ids": ["c42ef9c7-b5b1-4ea2-a32d-0abe362faa5e"], "metadata": {"document_title": "HOJA DE DATOS DE SEGURIDAD", "metadata_product": "Super Lub", "metadata_description": "", "metadata_recommended_use": "Lubricante", "metadata_section": "Secci\u00f3n 6: MEDIDAS QUE SE DEBEN TOMAR EN CASO DE DERRAME ACCIDENTAL"}}, "f85af681-1d09-4f97-8226-f7df30842693": {"node_ids": ["e904394e-ad5a-4364-9e73-767f96f45c2b"], "metadata": {"document_title": "HOJA DE DATOS DE SEGURIDAD", "metadata_product": "Super Lub", "metadata_description": "", "metadata_recommended_use": "Lubricante", "metadata_section": "Secci\u00f3n 7: MANIPULACI\u00d3N Y ALMACENAMIENTO"}}, "82706b6a-c491-4cb4-9c2a-6cf7a87648ee": {"node_ids": ["8d23d28f-ece8-4619-a515-3233dec83ce8"], "metadata": {"document_title": "HOJA DE DATOS DE SEGURIDAD", "metadata_product": "Super Lub", "metadata_description": "", "metadata_recommended_use": "Lubricante", "metadata_section": "Secci\u00f3n 8: CONTROL DE EXPOSICI\u00d3N/PROTECCI\u00d3N PERSONA"}}, "dd4e5eef-bbda-4e43-9ec5-731ed3a8a904": {"node_ids": ["70d71f99-e351-47f3-b912-c49b3035ff18"], "metadata": {"document_title": "HOJA DE DATOS DE SEGURIDAD", "metadata_product": "Super Lub", "metadata_description": "", "metadata_recommended_use": "Lubricante", "metadata_section": "Secci\u00f3n 9: PROPIEDADES F\u00cdSICAS Y QU\u00cdMICAS"}}, "776f588a-0ac5-4fe4-9cc4-dd8431a2be38": {"node_ids": ["5bf637c1-1312-460e-ace7-a66d87b68f77"], "metadata": {"document_title": "HOJA DE DATOS DE SEGURIDAD", "metadata_product": "Super Lub", "metadata_description": "", "metadata_recommended_use": "Lubricante", "metadata_section": "Secci\u00f3n 10: ESTABILIDAD Y REACTIVIDAD"}}, "eb6960d4-6fe6-42f5-b300-a495f8b6dee6": {"node_ids": ["c4f5d4bc-18d6-4522-9ebf-9cb6a65c7645"], "metadata": {"document_title": "HOJA DE DATOS DE SEGURIDAD", "metadata_product": "Super Lub", "metadata_description": "", "metadata_recommended_use": "Lubricante", "metadata_section": "Secci\u00f3n 11: INFORMACI\u00d3N TOXICOL\u00d3GICA"}}, "e3ec2b99-c2ec-4537-b060-820750a24673": {"node_ids": ["e6523ff8-a1df-412f-a11e-87a03e033e3a"], "metadata": {"document_title": "HOJA DE DATOS DE SEGURIDAD", "metadata_product": "Super Lub", "metadata_description": "", "metadata_recommended_use": "Lubricante", "metadata_section": "Secci\u00f3n 11: INFORMACI\u00d3N TOXICOL\u00d3GICA"}}, "43553b42-a3f0-4958-aaae-4970d5c6119c": {"node_ids": ["4349a714-fa3d-4509-931b-d3ece5838b50"], "metadata": {"document_title": "HOJA DE DATOS DE SEGURIDAD", "metadata_product": "Super Lub", "metadata_description": "", "metadata_recommended_use": "Lubricante", "metadata_section": "Secci\u00f3n: 12: INFORMACI\u00d3N ECOL\u00d3GICA"}}, "93f44bd3-5d1e-4cc0-a492-9391e130dedb": {"node_ids": ["981ac45f-9ab2-4b24-99b8-08de9665cc08"], "metadata": {"document_title": "HOJA DE DATOS DE SEGURIDAD", "metadata_product": "Super Lub", "metadata_description": "", "metadata_recommended_use": "Lubricante", "metadata_section": "Secci\u00f3n 13: INFORMACI\u00d3N SOBRE LA DISPOSICI\u00d3N FINAL"}}, "911f0cb3-7bb3-4dd0-9790-dd122a33dc5b": {"node_ids": ["dc6c7570-2d17-4eb9-9098-9b63c572890f"], "metadata": {"document_title": "HOJA DE DATOS DE SEGURIDAD", "metadata_product": "Super Lub", "metadata_description": "", "metadata_recommended_use": "Lubricante", "metadata_section": "Secci\u00f3n 14: INFORMACI\u00d3N SOBRE EL TRANSPORTE"}}, "ee32e848-421b-4a49-89c5-92db0ae08d02": {"node_ids": ["7d288375-8cb1-4cca-9f92-497239361b8b"], "metadata": {"document_title": "HOJA DE DATOS DE SEGURIDAD", "metadata_product": "Super Lub", "metadata_description": "", "metadata_recommended_use": "Lubricante", "metadata_section": "Secci\u00f3n 15: INFORMACI\u00d3N REGLAMENTARIA"}}, "c1788d69-852f-41e9-a525-d485d17d588c": {"node_ids": ["54a8a1a5-1ec9-4b6c-bdf3-a5be4c19f068"], "metadata": {"document_title": "HOJA DE DATOS DE SEGURIDAD", "metadata_product": "Super Lub", "metadata_description": "", "metadata_recommended_use": "Lubricante", "metadata_section": "Secci\u00f3n 16: OTRAS INFORMACIONES"}}}, "docstore/metadata": {"bfd04e23-d9d0-43df-9ec3-907e0f06042c": {"doc_hash": "ad72148ac9b12e93ad9a1891fc9b96db2a8c55e2e73ed602822880f2722ade81", "ref_doc_id": "f0f148f1-b5e2-4d18-a420-493400ec03a6"}, "d093144f-855f-4cf2-b1de-f13bf4f31d5f": {"doc_hash": "05087cc1913ad033267100549830bc55a55ef7c3c4b27ccddc06b609518f910e", "ref_doc_id": "bec77276-1fd2-47ef-9619-b33729716ee6"}, "3492ea2a-3a9b-4a6c-8bad-3afdb380d4d8": {"doc_hash": "667143628c72eb5be4cdb6151bc31f7030cae41d4842d0e0abbeff47c3db650f", "ref_doc_id": "4ceb9a1b-9deb-4140-85a9-81c2846a5896"}, "acb145e1-a507-463d-bd96-7261473c5f22": {"doc_hash": "ab4e0a02fa472a86e4ffdff0baf97fc3c115c049158f2133410e4a254df10749", "ref_doc_id": "37b8460c-ca16-4c20-a8fa-1e393759288f"}, "b958e530-0950-49fd-8cab-4c8c964a27e0": {"doc_hash": "5099b9410483e415b11dc39cffc66220216fadf275072fb77b85aa527972cd2a", "ref_doc_id": "2cfe1006-bc81-44d6-b328-075e3924ae30"}, "c42ef9c7-b5b1-4ea2-a32d-0abe362faa5e": {"doc_hash": "f42c71ec174a3c1d6370486839046e2eaee941194b605ce0c2fb7a87655eb899", "ref_doc_id": "0b496788-14a5-4a97-82c0-62b2a7d43748"}, "e904394e-ad5a-4364-9e73-767f96f45c2b": {"doc_hash": "46f9ac12454219e7201c70e9d90d04a3ed310e0c9b0cb96da0fbab36f0e7ad7f", "ref_doc_id": "f85af681-1d09-4f97-8226-f7df30842693"}, "8d23d28f-ece8-4619-a515-3233dec83ce8": {"doc_hash": "139f5083b24d0dc584b13d02aee88233935753a5a1c110fccf8379768043fc14", "ref_doc_id": "82706b6a-c491-4cb4-9c2a-6cf7a87648ee"}, "70d71f99-e351-47f3-b912-c49b3035ff18": {"doc_hash": "2ca2b588cd652190d3413943736d0af8b6d3c363fceaa50e66386281ea657668", "ref_doc_id": "dd4e5eef-bbda-4e43-9ec5-731ed3a8a904"}, "5bf637c1-1312-460e-ace7-a66d87b68f77": {"doc_hash": "0f28620e9ef7c7f482741bfd58472677b1f9f44e1cbafcd2ab8e98868bc8cb1a", "ref_doc_id": "776f588a-0ac5-4fe4-9cc4-dd8431a2be38"}, "c4f5d4bc-18d6-4522-9ebf-9cb6a65c7645": {"doc_hash": "eecb3fd41a765a75f0e8205c15944c683752534d1e51676ace34f8c341432f73", "ref_doc_id": "eb6960d4-6fe6-42f5-b300-a495f8b6dee6"}, "e6523ff8-a1df-412f-a11e-87a03e033e3a": {"doc_hash": "2114868f5a3e73b67ab269b6edf4679404cacefd72f6f420c15340989b7ab35f", "ref_doc_id": "e3ec2b99-c2ec-4537-b060-820750a24673"}, "4349a714-fa3d-4509-931b-d3ece5838b50": {"doc_hash": "5ca82bc8e5c4ad3d82fdb4ac01cd1434d507ea196d8c6fb532fbe24a544dfa06", "ref_doc_id": "43553b42-a3f0-4958-aaae-4970d5c6119c"}, "981ac45f-9ab2-4b24-99b8-08de9665cc08": {"doc_hash": "b26767e4dcea71789d6f887de878b3913e616feb66ad47ef58b27aa8914c2b19", "ref_doc_id": "93f44bd3-5d1e-4cc0-a492-9391e130dedb"}, "dc6c7570-2d17-4eb9-9098-9b63c572890f": {"doc_hash": "425f1878becb1e737f6c66968508bb127a24595127e3193a4c83c4def04dc58e", "ref_doc_id": "911f0cb3-7bb3-4dd0-9790-dd122a33dc5b"}, "7d288375-8cb1-4cca-9f92-497239361b8b": {"doc_hash": "3ec5fdb2e9d866ff8659c18dc9a714da745df4ee0769de086405d8b5d4ed2226", "ref_doc_id": "ee32e848-421b-4a49-89c5-92db0ae08d02"}, "54a8a1a5-1ec9-4b6c-bdf3-a5be4c19f068": {"doc_hash": "b6c587c50432b4d4b84a5d57feefd109a6b628804957071394c13762ecdcf247", "ref_doc_id": "c1788d69-852f-41e9-a525-d485d17d588c"}}}