{"docstore/data": {"317c16fb-8788-452f-9955-89185dcdd87a": {"__data__": {"id_": "317c16fb-8788-452f-9955-89185dcdd87a", "embedding": null, "metadata": {"document_title": "HOJA DE DATOS DE SEGURIDAD", "metadata_product": "Aceites desechados", "metadata_description": "", "metadata_recommended_use": "Sin uso recomendado", "metadata_section": "Secci\u00f3n 1: Identificaci\u00f3n del producto qu\u00edmico y de la empresa"}, "excluded_embed_metadata_keys": [], "excluded_llm_metadata_keys": [], "relationships": {"1": {"node_id": "5a7c8ebb-39cb-4027-9c56-376904d86389", "node_type": "4", "metadata": {"document_title": "HOJA DE DATOS DE SEGURIDAD", "metadata_product": "Aceites desechados", "metadata_description": "", "metadata_recommended_use": "Sin uso recomendado", "metadata_section": "Secci\u00f3n 1: Identificaci\u00f3n del producto qu\u00edmico y de la empresa"}, "hash": "cc4e344eebe0d9081f1411ebf37365b18ba1e6d9624f69d827e008cfd6daf49e", "class_name": "RelatedNodeInfo"}, "3": {"node_id": "46a22110-a485-438a-bd60-75eabece48d5", "node_type": "1", "metadata": {"document_title": "HOJA DE DATOS DE SEGURIDAD", "metadata_product": "Aceites desechados", "metadata_description": "", "metadata_recommended_use": "Sin uso recomendado", "metadata_section": "Secci\u00f3n 2: Identificaci\u00f3n de los peligros"}, "hash": "2002dd7407962d315966d2adf234b54cfa52a3bc863f662b3f21599a4afa27db", "class_name": "RelatedNodeInfo"}}, "hash": "cc4e344eebe0d9081f1411ebf37365b18ba1e6d9624f69d827e008cfd6daf49e", "text": "Identificaci\u00f3n del producto qu\u00edmico;Residuo: Aceites desechados. Sin\u00f3nimos en CODELCO Corporativo;Aceites minerales, aceites lubricantes usados, aceites usados y residuales, aceite refrigerante, aceites minerales org\u00e1nicos, residuo l\u00edquido hidr\u00e1ulico usado, residuos de aceites usados a granel. Usos recomendados/Descripci\u00f3n;Sin uso recomendado. Restricciones de uso;No disponible. Nombre del proveedor;Generador: CODELCO Divisi\u00f3n Radomiro Tomic. Direcci\u00f3n del proveedor;Generador: Av. Central Sur 1990 Villa Ayquina Calama (direcci\u00f3n oficial de la divisi\u00f3n Radomiro Tomic). N\u00famero de tel\u00e9fono del proveedor;Generador: +56 55-2 362618 N\u00famero del tel\u00e9fono de emergencia en Chile;Generador: +56 55-2 366812 Direcci\u00f3n electr\u00f3nica del proveedor;Generador: gseguridadysalud@codelco.cl", "start_char_idx": null, "end_char_idx": null, "text_template": "{metadata_str}\n\n{content}", "metadata_template": "{key}: {value}", "metadata_seperator": "\n", "class_name": "TextNode"}, "__type__": "1"}, "46a22110-a485-438a-bd60-75eabece48d5": {"__data__": {"id_": "46a22110-a485-438a-bd60-75eabece48d5", "embedding": null, "metadata": {"document_title": "HOJA DE DATOS DE SEGURIDAD", "metadata_product": "Aceites desechados", "metadata_description": "", "metadata_recommended_use": "Sin uso recomendado", "metadata_section": "Secci\u00f3n 2: Identificaci\u00f3n de los peligros"}, "excluded_embed_metadata_keys": [], "excluded_llm_metadata_keys": [], "relationships": {"1": {"node_id": "2491c7f7-5927-4d25-8602-2d963601ab8d", "node_type": "4", "metadata": {"document_title": "HOJA DE DATOS DE SEGURIDAD", "metadata_product": "Aceites desechados", "metadata_description": "", "metadata_recommended_use": "Sin uso recomendado", "metadata_section": "Secci\u00f3n 2: Identificaci\u00f3n de los peligros"}, "hash": "2002dd7407962d315966d2adf234b54cfa52a3bc863f662b3f21599a4afa27db", "class_name": "RelatedNodeInfo"}, "2": {"node_id": "317c16fb-8788-452f-9955-89185dcdd87a", "node_type": "1", "metadata": {"document_title": "HOJA DE DATOS DE SEGURIDAD", "metadata_product": "Aceites desechados", "metadata_description": "", "metadata_recommended_use": "Sin uso recomendado", "metadata_section": "Secci\u00f3n 1: Identificaci\u00f3n del producto qu\u00edmico y de la empresa"}, "hash": "cc4e344eebe0d9081f1411ebf37365b18ba1e6d9624f69d827e008cfd6daf49e", "class_name": "RelatedNodeInfo"}, "3": {"node_id": "b93ec47f-a166-418f-a93b-0bc1574aa56b", "node_type": "1", "metadata": {"document_title": "HOJA DE DATOS DE SEGURIDAD", "metadata_product": "Aceites desechados", "metadata_description": "", "metadata_recommended_use": "Sin uso recomendado", "metadata_section": "Seccion 3: Composici\u00f3n/informaci\u00f3n de los componentes"}, "hash": "e6df7eb5d5381c8c45e85181cc77f38dbbf120ee2b7541c293573580eaae92db", "class_name": "RelatedNodeInfo"}}, "hash": "2002dd7407962d315966d2adf234b54cfa52a3bc863f662b3f21599a4afa27db", "text": "Clasificaci\u00f3n seg\u00fan NCh382;No aplica.\nDistintivo seg\u00fan NCh2190: imagen.\nSe\u00f1al de seguridad seg\u00fan NCh1411/4: imagen;\nClasificaci\u00f3n espec\u00edfica;Clasificaci\u00f3n seg\u00fan DS148/2004: TOXICO EXTRINSECO\n;Clasificaci\u00f3n DS 148/04: Art.18 Lista I:.I8 (Ver secci\u00f3n 13)\n;Clasificaci\u00f3n DS 148/04: Art.90 Lista A: A 3020 (Ver secci\u00f3n 13)\n;Clasificaci\u00f3n DS 148/04 Art.21 No aplica.\nDistintivo espec\u00edfico;No aplica\nDescripci\u00f3n de peligros;El residuo presenta componentes que por contacto prolongado y repetido puede causar dermatitis.\nDescripci\u00f3n de peligros espec\u00edficos; No es de esperar peligros fisicoqu\u00edmicos.\nOtros peligros;Ninguno.", "start_char_idx": null, "end_char_idx": null, "text_template": "{metadata_str}\n\n{content}", "metadata_template": "{key}: {value}", "metadata_seperator": "\n", "class_name": "TextNode"}, "__type__": "1"}, "b93ec47f-a166-418f-a93b-0bc1574aa56b": {"__data__": {"id_": "b93ec47f-a166-418f-a93b-0bc1574aa56b", "embedding": null, "metadata": {"document_title": "HOJA DE DATOS DE SEGURIDAD", "metadata_product": "Aceites desechados", "metadata_description": "", "metadata_recommended_use": "Sin uso recomendado", "metadata_section": "Seccion 3: Composici\u00f3n/informaci\u00f3n de los componentes"}, "excluded_embed_metadata_keys": [], "excluded_llm_metadata_keys": [], "relationships": {"1": {"node_id": "56c2be94-6fdd-4a1d-87b4-971244c5c5d0", "node_type": "4", "metadata": {"document_title": "HOJA DE DATOS DE SEGURIDAD", "metadata_product": "Aceites desechados", "metadata_description": "", "metadata_recommended_use": "Sin uso recomendado", "metadata_section": "Seccion 3: Composici\u00f3n/informaci\u00f3n de los componentes"}, "hash": "e6df7eb5d5381c8c45e85181cc77f38dbbf120ee2b7541c293573580eaae92db", "class_name": "RelatedNodeInfo"}, "2": {"node_id": "46a22110-a485-438a-bd60-75eabece48d5", "node_type": "1", "metadata": {"document_title": "HOJA DE DATOS DE SEGURIDAD", "metadata_product": "Aceites desechados", "metadata_description": "", "metadata_recommended_use": "Sin uso recomendado", "metadata_section": "Secci\u00f3n 2: Identificaci\u00f3n de los peligros"}, "hash": "2002dd7407962d315966d2adf234b54cfa52a3bc863f662b3f21599a4afa27db", "class_name": "RelatedNodeInfo"}, "3": {"node_id": "891feed9-00c8-4a83-a6bb-178e599ba7de", "node_type": "1", "metadata": {"document_title": "HOJA DE DATOS DE SEGURIDAD", "metadata_product": "Aceites desechados", "metadata_description": "", "metadata_recommended_use": "Sin uso recomendado", "metadata_section": "Secci\u00f3n 4: Primeros auxilios"}, "hash": "5712b67a31b88d49947fb8957055447d332a263bf6a9e6796096811a7083ed6c", "class_name": "RelatedNodeInfo"}}, "hash": "e6df7eb5d5381c8c45e85181cc77f38dbbf120ee2b7541c293573580eaae92db", "text": "Tipo de sustancia;Residuo (Mezcla)\nDenominaci\u00f3n qu\u00edmica sistem\u00e1tica;Componente 1 Hidrocarburos;Componente 2 Aceites minerales\nNombre com\u00fan o gen\u00e9rico;No disponible;aceite mineral\nRango de concentraci\u00f3n;No disponible;No disponible\nN\u00famero CAS;No disponible;8002-05-9\nN\u00famero CE;No disponible;232-298-5", "start_char_idx": null, "end_char_idx": null, "text_template": "{metadata_str}\n\n{content}", "metadata_template": "{key}: {value}", "metadata_seperator": "\n", "class_name": "TextNode"}, "__type__": "1"}, "891feed9-00c8-4a83-a6bb-178e599ba7de": {"__data__": {"id_": "891feed9-00c8-4a83-a6bb-178e599ba7de", "embedding": null, "metadata": {"document_title": "HOJA DE DATOS DE SEGURIDAD", "metadata_product": "Aceites desechados", "metadata_description": "", "metadata_recommended_use": "Sin uso recomendado", "metadata_section": "Secci\u00f3n 4: Primeros auxilios"}, "excluded_embed_metadata_keys": [], "excluded_llm_metadata_keys": [], "relationships": {"1": {"node_id": "949284bf-dc64-4eb2-a9c2-0e42fd3529ab", "node_type": "4", "metadata": {"document_title": "HOJA DE DATOS DE SEGURIDAD", "metadata_product": "Aceites desechados", "metadata_description": "", "metadata_recommended_use": "Sin uso recomendado", "metadata_section": "Secci\u00f3n 4: Primeros auxilios"}, "hash": "5712b67a31b88d49947fb8957055447d332a263bf6a9e6796096811a7083ed6c", "class_name": "RelatedNodeInfo"}, "2": {"node_id": "b93ec47f-a166-418f-a93b-0bc1574aa56b", "node_type": "1", "metadata": {"document_title": "HOJA DE DATOS DE SEGURIDAD", "metadata_product": "Aceites desechados", "metadata_description": "", "metadata_recommended_use": "Sin uso recomendado", "metadata_section": "Seccion 3: Composici\u00f3n/informaci\u00f3n de los componentes"}, "hash": "e6df7eb5d5381c8c45e85181cc77f38dbbf120ee2b7541c293573580eaae92db", "class_name": "RelatedNodeInfo"}, "3": {"node_id": "2e5bad5a-e0f0-4dce-bf5b-ddbe76c28981", "node_type": "1", "metadata": {"document_title": "HOJA DE DATOS DE SEGURIDAD", "metadata_product": "Aceites desechados", "metadata_description": "", "metadata_recommended_use": "Sin uso recomendado", "metadata_section": "Seccion 5: Medidas para lucha contra incendios"}, "hash": "00b331c19c5e335cc634435e0a88405f60d6ff9efc56e088c2c19c0c3480f00e", "class_name": "RelatedNodeInfo"}}, "hash": "5712b67a31b88d49947fb8957055447d332a263bf6a9e6796096811a7083ed6c", "text": "Inhalaci\u00f3n;Trasladar al afectado a un lugar libre de contaminantes. Solicitar atenci\u00f3n m\u00e9dica.\nContacto con la piel;Lavar la piel con abundante agua y jab\u00f3n. En caso de irritaci\u00f3n o sarpullidos. Solicitar atenci\u00f3n m\u00e9dica.\nContacto con los ojos;No frotar los ojos. Lavar con abundante agua durante 15 minutos, manteniendo los p\u00e1rpados abiertos. En caso de irritaci\u00f3n persistente, solicitar atenci\u00f3n m\u00e9dica.\nIngesti\u00f3n;Riesgo poco probable en operaciones normales. No obstante, si ocurre solicitar atenci\u00f3n m\u00e9dica de inmediato. Se sugiere lavar la boca y no administrar nada v\u00eda oral a una persona inconsciente.\nEfectos agudos previstos;El contacto directo con el residuo, puede causar irritaci\u00f3n en piel y ojos, causando resequedad y conjuntivitis. La inhalaci\u00f3n de vapores puede causar irritaci\u00f3n de las mucosas, de v\u00edas respiratorias superiores, dolor de cabeza, n\u00e1useas y v\u00f3mitos.\nEfectos retardados previstos;El contacto prolongado y repetido puede causar reacci\u00f3n al\u00e9rgica en la piel y provocar da\u00f1os en los \u00f3rganos diana.\nS\u00edntomas/efectos mas importantes;El residuo presenta componentes que por contacto prolongado y repetido puede causar dermatitis.\nProtecci\u00f3n de quienes brindan los primeros auxilios;Se recomienda a las personas que entregan los primeros auxilios el uso de elementos de protecci\u00f3n personal. Cuando las concentraciones sean elevadas y no cumplan con los l\u00edmites permisibles, utilizar respirador medio rostro con filtro para vapores org\u00e1nicos.\nNotas especiales para un m\u00e9dico tratante;Informar al m\u00e9dico sobre las caracter\u00edsticas del residuo y tipo de contacto. Presentar esta Hoja de Datos de Seguridad al momento de la atenci\u00f3n.", "start_char_idx": null, "end_char_idx": null, "text_template": "{metadata_str}\n\n{content}", "metadata_template": "{key}: {value}", "metadata_seperator": "\n", "class_name": "TextNode"}, "__type__": "1"}, "2e5bad5a-e0f0-4dce-bf5b-ddbe76c28981": {"__data__": {"id_": "2e5bad5a-e0f0-4dce-bf5b-ddbe76c28981", "embedding": null, "metadata": {"document_title": "HOJA DE DATOS DE SEGURIDAD", "metadata_product": "Aceites desechados", "metadata_description": "", "metadata_recommended_use": "Sin uso recomendado", "metadata_section": "Seccion 5: Medidas para lucha contra incendios"}, "excluded_embed_metadata_keys": [], "excluded_llm_metadata_keys": [], "relationships": {"1": {"node_id": "2ebb0727-a64c-422d-9375-afa8e403cb50", "node_type": "4", "metadata": {"document_title": "HOJA DE DATOS DE SEGURIDAD", "metadata_product": "Aceites desechados", "metadata_description": "", "metadata_recommended_use": "Sin uso recomendado", "metadata_section": "Seccion 5: Medidas para lucha contra incendios"}, "hash": "00b331c19c5e335cc634435e0a88405f60d6ff9efc56e088c2c19c0c3480f00e", "class_name": "RelatedNodeInfo"}, "2": {"node_id": "891feed9-00c8-4a83-a6bb-178e599ba7de", "node_type": "1", "metadata": {"document_title": "HOJA DE DATOS DE SEGURIDAD", "metadata_product": "Aceites desechados", "metadata_description": "", "metadata_recommended_use": "Sin uso recomendado", "metadata_section": "Secci\u00f3n 4: Primeros auxilios"}, "hash": "5712b67a31b88d49947fb8957055447d332a263bf6a9e6796096811a7083ed6c", "class_name": "RelatedNodeInfo"}, "3": {"node_id": "e3f26214-98c5-4111-8549-6d87e3c6347b", "node_type": "1", "metadata": {"document_title": "HOJA DE DATOS DE SEGURIDAD", "metadata_product": "Aceites desechados", "metadata_description": "", "metadata_recommended_use": "Sin uso recomendado", "metadata_section": "Seccion 6: Medidas que se deben tomar en caso de derrame accidental"}, "hash": "1cbfbb72002a0772aef78db3913131cdd7ea9a9047bab3de31abebd360726653", "class_name": "RelatedNodeInfo"}}, "hash": "00b331c19c5e335cc634435e0a88405f60d6ff9efc56e088c2c19c0c3480f00e", "text": "Agentes de extinci\u00f3n;Usar polvo Qu\u00edmico Seco, CO2, Espuma o Agua tipo neblina. Agentes de extinci\u00f3n inapropiados;No utilizar chorros directos de agua a alta presi\u00f3n si el residuo est\u00e1 en llamas, debido al riesgo de esparcimiento del material en combusti\u00f3n. Productos que se forman en la combusti\u00f3n y degradaci\u00f3n t\u00e9rmica;La combusti\u00f3n genera una mezcla de gases, l\u00edquidos y s\u00f3lidos, incluyendo mon\u00f3xido de carbono, di\u00f3xido de azufre, \u00f3xidos de nitr\u00f3geno y compuestos org\u00e1nicos e inorg\u00e1nicos no determinados. Peligros espec\u00edficos asociados;No disponible. M\u00e9todos espec\u00edficos de extinci\u00f3n;Aislar la zona, evacuar a todo el personal del \u00e1rea de peligro. Ubicarse en un lugar a favor del viento y que no se ejercer el caso de no poder apagarlo. Dirigir el agente extintor a la base en fuego, no a las llamas. Cerrarse de apagar el fuego. Enfriar con lluvia de agua los envases cercanos al fuego. En caso de fuego incontrolado no atacar. Esperar a los bomberos. Precauciones para el personal de emergencia y/o los bomberos;Usar ropa protectora adecuada para prevenir contacto con la piel. En \u00e1reas cerradas o con escasa ventilaci\u00f3n, utilizar equipo respiratorio independiente de presi\u00f3n positiva debidamente certificado. Algunos pueden arder pero no incendiarse inmediatamente.", "start_char_idx": null, "end_char_idx": null, "text_template": "{metadata_str}\n\n{content}", "metadata_template": "{key}: {value}", "metadata_seperator": "\n", "class_name": "TextNode"}, "__type__": "1"}, "e3f26214-98c5-4111-8549-6d87e3c6347b": {"__data__": {"id_": "e3f26214-98c5-4111-8549-6d87e3c6347b", "embedding": null, "metadata": {"document_title": "HOJA DE DATOS DE SEGURIDAD", "metadata_product": "Aceites desechados", "metadata_description": "", "metadata_recommended_use": "Sin uso recomendado", "metadata_section": "Seccion 6: Medidas que se deben tomar en caso de derrame accidental"}, "excluded_embed_metadata_keys": [], "excluded_llm_metadata_keys": [], "relationships": {"1": {"node_id": "a6bc5936-aa91-41a1-b727-7c4e8936d6b2", "node_type": "4", "metadata": {"document_title": "HOJA DE DATOS DE SEGURIDAD", "metadata_product": "Aceites desechados", "metadata_description": "", "metadata_recommended_use": "Sin uso recomendado", "metadata_section": "Seccion 6: Medidas que se deben tomar en caso de derrame accidental"}, "hash": "1cbfbb72002a0772aef78db3913131cdd7ea9a9047bab3de31abebd360726653", "class_name": "RelatedNodeInfo"}, "2": {"node_id": "2e5bad5a-e0f0-4dce-bf5b-ddbe76c28981", "node_type": "1", "metadata": {"document_title": "HOJA DE DATOS DE SEGURIDAD", "metadata_product": "Aceites desechados", "metadata_description": "", "metadata_recommended_use": "Sin uso recomendado", "metadata_section": "Seccion 5: Medidas para lucha contra incendios"}, "hash": "00b331c19c5e335cc634435e0a88405f60d6ff9efc56e088c2c19c0c3480f00e", "class_name": "RelatedNodeInfo"}, "3": {"node_id": "d1133fcb-c1ed-4639-b62c-6a64f428fd28", "node_type": "1", "metadata": {"document_title": "HOJA DE DATOS DE SEGURIDAD", "metadata_product": "Aceites desechados", "metadata_description": "", "metadata_recommended_use": "Sin uso recomendado", "metadata_section": "Seccion 7: Manipulacion y almacenamiento"}, "hash": "dde195743c8520f8960d979a1634170a4696e2050b4a03fc468aeb2a956c3475", "class_name": "RelatedNodeInfo"}}, "hash": "1cbfbb72002a0772aef78db3913131cdd7ea9a9047bab3de31abebd360726653", "text": "Precauciones personales;C\u00f3mo acci\u00f3n inmediata de preacuci\u00f3n, a\u00edsle en tres direcciones, el \u00e1rea del derrame o escape como m\u00ednimo 30 metros para s\u00f3lidos. Mantener alejado al personal no autorizado. Antes de ingresar a la zona debe usar equipo de protecci\u00f3n completo.\nEquipos de protecci\u00f3n;Llevar puestos equipos de protecci\u00f3n individual adecuados, a trav\u00e9s del uso de elementos de protecci\u00f3n personal (ver secci\u00f3n 8).\nProcedimientos de emergencia;Aislar el lugar y evacuar al personal del \u00e1rea hacia un sector previamente establecido. Eliminar o controlar toda fuente de ignici\u00f3n y materiales incompatibles. Ventilar. Conterner el derrame para evitar su propagaci\u00f3n.\nPrecauciones medioambientales;Evitar ingreso a cursos de agua natural, a pozos de agua y a la red de alcantarillado.\nM\u00e9todos y materiales de contenci\u00f3n, confinamiento y/o abatimiento;No dispersar con agua. Contener y recuperar si es posible. Esta operaci\u00f3n la debe efectuar s\u00f3lo personal entrenado. Contener el derrame, formado diques con arena o tierra seca, recoger con herramientas y equipos que no produzcan chispas y colocar en contenedores apropiados e identificar para disposici\u00f3n final.\nM\u00e9todos y materiales de limpieza\nRecuperaci\u00f3n;Absorber con absorbedente inerte, tierra seca, arena u otro material. Recoger y depositar en tambores o aquello que lo retenga, para finalmente sellar y etiquetar el contenido.\nNeutralizaci\u00f3n;No disponible.\nDisposici\u00f3n final;Retirar los residuos en recipientes de seguridad con identificaci\u00f3n de su contenido y enviar a plantas autorizadas para su descarte.\nMedidas adicionales de prevenci\u00f3n de desastres;No disponible.", "start_char_idx": null, "end_char_idx": null, "text_template": "{metadata_str}\n\n{content}", "metadata_template": "{key}: {value}", "metadata_seperator": "\n", "class_name": "TextNode"}, "__type__": "1"}, "d1133fcb-c1ed-4639-b62c-6a64f428fd28": {"__data__": {"id_": "d1133fcb-c1ed-4639-b62c-6a64f428fd28", "embedding": null, "metadata": {"document_title": "HOJA DE DATOS DE SEGURIDAD", "metadata_product": "Aceites desechados", "metadata_description": "", "metadata_recommended_use": "Sin uso recomendado", "metadata_section": "Seccion 7: Manipulacion y almacenamiento"}, "excluded_embed_metadata_keys": [], "excluded_llm_metadata_keys": [], "relationships": {"1": {"node_id": "d919141a-a911-402c-957e-8163258cf799", "node_type": "4", "metadata": {"document_title": "HOJA DE DATOS DE SEGURIDAD", "metadata_product": "Aceites desechados", "metadata_description": "", "metadata_recommended_use": "Sin uso recomendado", "metadata_section": "Seccion 7: Manipulacion y almacenamiento"}, "hash": "dde195743c8520f8960d979a1634170a4696e2050b4a03fc468aeb2a956c3475", "class_name": "RelatedNodeInfo"}, "2": {"node_id": "e3f26214-98c5-4111-8549-6d87e3c6347b", "node_type": "1", "metadata": {"document_title": "HOJA DE DATOS DE SEGURIDAD", "metadata_product": "Aceites desechados", "metadata_description": "", "metadata_recommended_use": "Sin uso recomendado", "metadata_section": "Seccion 6: Medidas que se deben tomar en caso de derrame accidental"}, "hash": "1cbfbb72002a0772aef78db3913131cdd7ea9a9047bab3de31abebd360726653", "class_name": "RelatedNodeInfo"}, "3": {"node_id": "27e15367-fced-4869-9421-883d1d90a58a", "node_type": "1", "metadata": {"document_title": "HOJA DE DATOS DE SEGURIDAD", "metadata_product": "Aceites desechados", "metadata_description": "", "metadata_recommended_use": "Sin uso recomendado", "metadata_section": "Seccion 7: Manipulacion y almacenamiento"}, "hash": "114f0c9b334d9dee4929306ca758e4cd31564b43c9d10f44d7c92f8a20c05538", "class_name": "RelatedNodeInfo"}}, "hash": "dde195743c8520f8960d979a1634170a4696e2050b4a03fc468aeb2a956c3475", "text": "Precauciones para la manipulacion segura; Evitar contacto con los ojos, piel y ropa. Manipular solo en recintos con ventilacion adecuada. Utilizar equipo de proteccion personal como respirador con filtro de vapores organicos, antiparras, guantes de nitrilo y ropa protectora. Medidas operacionales y tecnicas; El residuo debe ser manipulado con los mismos cuidados debido a su natura por cualquier otro residuo qu\u00edmico industrial. Solo se debe terminar para personal competente para el manejo de residuos qu\u00edmicos, el cual deber\u00e1 ser consciente de todos los peligros relacionados con el mismo. Otras precauciones; El residuo no presenta problemas especiales en el manejo si se manipula a trav\u00e9s de buenas pr\u00e1cticas de higiene personal despu\u00e9s de su manipulaci\u00f3n. Evitar contacto con materiales incompatibles. Prevenci\u00f3n del contacto; Almacenamiento; Condiciones para el almacenamiento seguro; Almacenar los aceites usados por un periodo m\u00e1ximo de 6 meses, disponer en contenedores permanentemente tapados y cerrados, apropiados para ello (esperar adecuado, sin filtraciones, capaces de resistir al aceite usado y su manipulaci\u00f3n, rotulados). Almacenar separadamente de los residuos incompatibles, Mantener en el sitio de almacenamiento o en un lugar de rapido acceso equipos y/o materiales para atender emergencias y derrames (extinguidores, materiales absorbentes, contenedores para los residuos derramados).", "start_char_idx": null, "end_char_idx": null, "text_template": "{metadata_str}\n\n{content}", "metadata_template": "{key}: {value}", "metadata_seperator": "\n", "class_name": "TextNode"}, "__type__": "1"}, "27e15367-fced-4869-9421-883d1d90a58a": {"__data__": {"id_": "27e15367-fced-4869-9421-883d1d90a58a", "embedding": null, "metadata": {"document_title": "HOJA DE DATOS DE SEGURIDAD", "metadata_product": "Aceites desechados", "metadata_description": "", "metadata_recommended_use": "Sin uso recomendado", "metadata_section": "Seccion 7: Manipulacion y almacenamiento"}, "excluded_embed_metadata_keys": [], "excluded_llm_metadata_keys": [], "relationships": {"1": {"node_id": "04359e5d-6e4f-467a-b921-adea510a505c", "node_type": "4", "metadata": {"document_title": "HOJA DE DATOS DE SEGURIDAD", "metadata_product": "Aceites desechados", "metadata_description": "", "metadata_recommended_use": "Sin uso recomendado", "metadata_section": "Seccion 7: Manipulacion y almacenamiento"}, "hash": "114f0c9b334d9dee4929306ca758e4cd31564b43c9d10f44d7c92f8a20c05538", "class_name": "RelatedNodeInfo"}, "2": {"node_id": "d1133fcb-c1ed-4639-b62c-6a64f428fd28", "node_type": "1", "metadata": {"document_title": "HOJA DE DATOS DE SEGURIDAD", "metadata_product": "Aceites desechados", "metadata_description": "", "metadata_recommended_use": "Sin uso recomendado", "metadata_section": "Seccion 7: Manipulacion y almacenamiento"}, "hash": "dde195743c8520f8960d979a1634170a4696e2050b4a03fc468aeb2a956c3475", "class_name": "RelatedNodeInfo"}, "3": {"node_id": "c8d67ea0-540e-407e-b26a-15e5a965ce97", "node_type": "1", "metadata": {"document_title": "HOJA DE DATOS DE SEGURIDAD", "metadata_product": "Aceites desechados", "metadata_description": "", "metadata_recommended_use": "Sin uso recomendado", "metadata_section": "Seccion 8: Controles de exposici\u00f3n/protecci\u00f3n personal"}, "hash": "839ff870253e2e974256dc3af65da6ea53759b870c796f4a02065cd31b567c25", "class_name": "RelatedNodeInfo"}}, "hash": "114f0c9b334d9dee4929306ca758e4cd31564b43c9d10f44d7c92f8a20c05538", "text": "Disponer de registros actualizados de los tipos y cantidades de residuos que ingresan y egresan del sitio de almacenamiento de residuos peligrosos, asi como los distintos finales de los residuos almacenados. Medidas tecnicas; Almacenar en instalaciones con una base continua, impermeable y resistente quimicamente a los residuos almacenados, contar con cierre perimetral de al menos 1,80 metros de altura. Estar techado y protegido de condiciones ambientales tales como la humedad temperatura y radiacion solar. Tener capacidad de retenci\u00f3n de derrames o derrames no inferior al volumen del contenedor mas cuympactado a nivel 20% del volumen total de los contenedores almacenadores. Adem\u00e1s, contar con se\u00f1alizaci\u00f3n de acuerdo a la NCh 2190 y tener acceso restringido. Sustancias y mezclas incompatibles; Este residuo no se debe mezclar con residuos del grupo A-2 (Residuos de asbesto, Residuos de berilio, Embalajes varatos contaminados con plaguucidas, Residuos de plaguicidas, Otras sustancias toxicas) ya que pueden generar emisi\u00f3n de sustancias toxicas en casos de fuego o explosi\u00f3n. Material de envase y/o embalaje; Materiales recomendados: Tambores met\u00e1licos.", "start_char_idx": null, "end_char_idx": null, "text_template": "{metadata_str}\n\n{content}", "metadata_template": "{key}: {value}", "metadata_seperator": "\n", "class_name": "TextNode"}, "__type__": "1"}, "c8d67ea0-540e-407e-b26a-15e5a965ce97": {"__data__": {"id_": "c8d67ea0-540e-407e-b26a-15e5a965ce97", "embedding": null, "metadata": {"document_title": "HOJA DE DATOS DE SEGURIDAD", "metadata_product": "Aceites desechados", "metadata_description": "", "metadata_recommended_use": "Sin uso recomendado", "metadata_section": "Seccion 8: Controles de exposici\u00f3n/protecci\u00f3n personal"}, "excluded_embed_metadata_keys": [], "excluded_llm_metadata_keys": [], "relationships": {"1": {"node_id": "63227ff4-b51d-45c9-a9b1-84554790b438", "node_type": "4", "metadata": {"document_title": "HOJA DE DATOS DE SEGURIDAD", "metadata_product": "Aceites desechados", "metadata_description": "", "metadata_recommended_use": "Sin uso recomendado", "metadata_section": "Seccion 8: Controles de exposici\u00f3n/protecci\u00f3n personal"}, "hash": "839ff870253e2e974256dc3af65da6ea53759b870c796f4a02065cd31b567c25", "class_name": "RelatedNodeInfo"}, "2": {"node_id": "27e15367-fced-4869-9421-883d1d90a58a", "node_type": "1", "metadata": {"document_title": "HOJA DE DATOS DE SEGURIDAD", "metadata_product": "Aceites desechados", "metadata_description": "", "metadata_recommended_use": "Sin uso recomendado", "metadata_section": "Seccion 7: Manipulacion y almacenamiento"}, "hash": "114f0c9b334d9dee4929306ca758e4cd31564b43c9d10f44d7c92f8a20c05538", "class_name": "RelatedNodeInfo"}, "3": {"node_id": "2e7a2e5d-bb63-4111-9c2a-d135a69e88bf", "node_type": "1", "metadata": {"document_title": "HOJA DE DATOS DE SEGURIDAD", "metadata_product": "Aceites desechados", "metadata_description": "", "metadata_recommended_use": "Sin uso recomendado", "metadata_section": "Seccion 9: Propiedades f\u00edsicas y qu\u00edmicas"}, "hash": "7e2f6b5b192e2c9f8783f214f3a6f480b1c7496af74bbaa80d47715c73bb66b3", "class_name": "RelatedNodeInfo"}}, "hash": "839ff870253e2e974256dc3af65da6ea53759b870c796f4a02065cd31b567c25", "text": "Concentraci\u00f3n m\u00e1xima permisible\nComponente;Valores l\u00edmites (normativa nacional DS 594)\n;Valor LPP;Valor LPT;Valor LPA\nHidrocarburos;No establecido;No establecido;No establecido\nAceites Minerales;No establecido;No establecido;No establecido\nComponente;Valores l\u00edmites (normativa internacional)\nHidrocarburos;ACGIH (TWA);No establecido\n;NIOSH (TWA);No establecido\n;OSHA (TWA);No establecido\nAceites Minerales;ACGIH (TWA);No establecido;NIOSH (TWA);No establecido;OSHA (TWA);No establecido\nElementos de protecci\u00f3n personal;Protecci\u00f3n respiratoria;En lugares sin ventilaci\u00f3n se recomienda mascarilla para vapores org\u00e1nicos.;Protecci\u00f3n de manos;Utilizar guantes impermeables (Neopreno o nitrilo);Protecci\u00f3n de ojos;Utilizar antiparras.;Protecci\u00f3n de la piel y el cuerpo;Utilizar calzado de seguridad con sello rojo para hidrocarburos y ropa de trabajo (overol).;Medidas de ingenier\u00eda;Se recomienda un sistema local y/o general de evacuaci\u00f3n para mantener por debajo de los L\u00edmites de Exposici\u00f3n en el Aire. Se recomienda ventilaci\u00f3n local, ya que puede controlar las emisiones de los contaminantes en su fuente, previniendo dispersiones de esta dentro del lugar de trabajo", "start_char_idx": null, "end_char_idx": null, "text_template": "{metadata_str}\n\n{content}", "metadata_template": "{key}: {value}", "metadata_seperator": "\n", "class_name": "TextNode"}, "__type__": "1"}, "2e7a2e5d-bb63-4111-9c2a-d135a69e88bf": {"__data__": {"id_": "2e7a2e5d-bb63-4111-9c2a-d135a69e88bf", "embedding": null, "metadata": {"document_title": "HOJA DE DATOS DE SEGURIDAD", "metadata_product": "Aceites desechados", "metadata_description": "", "metadata_recommended_use": "Sin uso recomendado", "metadata_section": "Seccion 9: Propiedades f\u00edsicas y qu\u00edmicas"}, "excluded_embed_metadata_keys": [], "excluded_llm_metadata_keys": [], "relationships": {"1": {"node_id": "2e0d038f-6fe9-4142-bdbb-f26ad5c61dc6", "node_type": "4", "metadata": {"document_title": "HOJA DE DATOS DE SEGURIDAD", "metadata_product": "Aceites desechados", "metadata_description": "", "metadata_recommended_use": "Sin uso recomendado", "metadata_section": "Seccion 9: Propiedades f\u00edsicas y qu\u00edmicas"}, "hash": "7e2f6b5b192e2c9f8783f214f3a6f480b1c7496af74bbaa80d47715c73bb66b3", "class_name": "RelatedNodeInfo"}, "2": {"node_id": "c8d67ea0-540e-407e-b26a-15e5a965ce97", "node_type": "1", "metadata": {"document_title": "HOJA DE DATOS DE SEGURIDAD", "metadata_product": "Aceites desechados", "metadata_description": "", "metadata_recommended_use": "Sin uso recomendado", "metadata_section": "Seccion 8: Controles de exposici\u00f3n/protecci\u00f3n personal"}, "hash": "839ff870253e2e974256dc3af65da6ea53759b870c796f4a02065cd31b567c25", "class_name": "RelatedNodeInfo"}, "3": {"node_id": "10beafc4-00d1-4b6d-a80b-06bcf9315905", "node_type": "1", "metadata": {"document_title": "HOJA DE DATOS DE SEGURIDAD", "metadata_product": "Aceites desechados", "metadata_description": "", "metadata_recommended_use": "Sin uso recomendado", "metadata_section": "Seccion 10: Estabilidad y reactividad"}, "hash": "3161044f22d8a650343badeee46b8ce8b6eced704ae76c8ea3c87e305cdb3362", "class_name": "RelatedNodeInfo"}}, "hash": "7e2f6b5b192e2c9f8783f214f3a6f480b1c7496af74bbaa80d47715c73bb66b3", "text": "Estado f\u00edsico; L\u00edquido.; Forma en que se presenta; L\u00edquido.; Color; \u00c1mbar p\u00e1lido a oscuro.; Olor; Hidrocarburos.; pH (concentraci\u00f3n y t); No disponible.; Punto de fusi\u00f3n/punto de congelamiento; No disponible.; Punto de ebullici\u00f3n y punto de ebullici\u00f3n y rango de ebullici\u00f3n; No disponible.; Punto de inflamaci\u00f3n; Sobre 140 \u00b0C (284\u00b0F).; L\u00edmites de explosividad o inflamabilidad; No disponible.; Presi\u00f3n de vapor; No disponible.; Densidad relativa del vapor (aire=1); No disponible.; Densidad; No disponible.; Solubilidad; No disponible.; Coeficiente de partici\u00f3n octanol/agua; No disponible.; Temperatura de auto-ignici\u00f3n; No disponible.; Temperatura de descomposici\u00f3n; No disponible.; Umbral olfativo; No disponible.; Tasa de evaporaci\u00f3n; No disponible.; Inflamabilidad (s\u00f3lido, gas); No disponible.; Viscosidad; No disponible.", "start_char_idx": null, "end_char_idx": null, "text_template": "{metadata_str}\n\n{content}", "metadata_template": "{key}: {value}", "metadata_seperator": "\n", "class_name": "TextNode"}, "__type__": "1"}, "10beafc4-00d1-4b6d-a80b-06bcf9315905": {"__data__": {"id_": "10beafc4-00d1-4b6d-a80b-06bcf9315905", "embedding": null, "metadata": {"document_title": "HOJA DE DATOS DE SEGURIDAD", "metadata_product": "Aceites desechados", "metadata_description": "", "metadata_recommended_use": "Sin uso recomendado", "metadata_section": "Seccion 10: Estabilidad y reactividad"}, "excluded_embed_metadata_keys": [], "excluded_llm_metadata_keys": [], "relationships": {"1": {"node_id": "5ef865c5-4f75-429f-a0b3-dfc3bb538e87", "node_type": "4", "metadata": {"document_title": "HOJA DE DATOS DE SEGURIDAD", "metadata_product": "Aceites desechados", "metadata_description": "", "metadata_recommended_use": "Sin uso recomendado", "metadata_section": "Seccion 10: Estabilidad y reactividad"}, "hash": "3161044f22d8a650343badeee46b8ce8b6eced704ae76c8ea3c87e305cdb3362", "class_name": "RelatedNodeInfo"}, "2": {"node_id": "2e7a2e5d-bb63-4111-9c2a-d135a69e88bf", "node_type": "1", "metadata": {"document_title": "HOJA DE DATOS DE SEGURIDAD", "metadata_product": "Aceites desechados", "metadata_description": "", "metadata_recommended_use": "Sin uso recomendado", "metadata_section": "Seccion 9: Propiedades f\u00edsicas y qu\u00edmicas"}, "hash": "7e2f6b5b192e2c9f8783f214f3a6f480b1c7496af74bbaa80d47715c73bb66b3", "class_name": "RelatedNodeInfo"}, "3": {"node_id": "ee25ff9f-3885-47d0-859b-841391d8861c", "node_type": "1", "metadata": {"document_title": "HOJA DE DATOS DE SEGURIDAD", "metadata_product": "Aceites desechados", "metadata_description": "", "metadata_recommended_use": "Sin uso recomendado", "metadata_section": "Secci\u00f3n 11: Informaci\u00f3n toxicol\u00f3gica"}, "hash": "1456a9956e01a4ed74c57a72b1022d10ff996c82073bc1b1411016edb2c4e21b", "class_name": "RelatedNodeInfo"}}, "hash": "3161044f22d8a650343badeee46b8ce8b6eced704ae76c8ea3c87e305cdb3362", "text": "Estabilidad qu\u00edmica; El residuo es estable en condiciones normales de almacenamiento, presi\u00f3n y temperatura. Reacciones peligrosas; Este residuo no se debe mezclar con residuos del grupo A-2 (Residuos de asbesto, Residuos de bario, Embalajes vac\u00edos contaminados con plaguicidas, Residuos de plomo, y otras substancias t\u00f3xicas) ya que puede generar emisi\u00f3n de sustancias t\u00f3xicas en caso de fuego o explosi\u00f3n. Condiciones que se deben evitar; Evitar altas temperaturas, chispas, llamas abiertas y otras fuentes de ignici\u00f3n. Materiales incompatibles; Materiales oxidantes y \u00e1cidos fuertes Productos de descomposici\u00f3n peligrosos; La combusti\u00f3n genera una mezcla de gases, l\u00edquidos y s\u00f3lidos, incluyendo mon\u00f3xido de carbono, di\u00f3xido de azufre, \u00f3xidos de nitr\u00f3geno y compuestos org\u00e1nicos e inorg\u00e1nicos no determinados.", "start_char_idx": null, "end_char_idx": null, "text_template": "{metadata_str}\n\n{content}", "metadata_template": "{key}: {value}", "metadata_seperator": "\n", "class_name": "TextNode"}, "__type__": "1"}, "ee25ff9f-3885-47d0-859b-841391d8861c": {"__data__": {"id_": "ee25ff9f-3885-47d0-859b-841391d8861c", "embedding": null, "metadata": {"document_title": "HOJA DE DATOS DE SEGURIDAD", "metadata_product": "Aceites desechados", "metadata_description": "", "metadata_recommended_use": "Sin uso recomendado", "metadata_section": "Secci\u00f3n 11: Informaci\u00f3n toxicol\u00f3gica"}, "excluded_embed_metadata_keys": [], "excluded_llm_metadata_keys": [], "relationships": {"1": {"node_id": "4e011ba5-7923-4df6-a9a6-29487d6c5978", "node_type": "4", "metadata": {"document_title": "HOJA DE DATOS DE SEGURIDAD", "metadata_product": "Aceites desechados", "metadata_description": "", "metadata_recommended_use": "Sin uso recomendado", "metadata_section": "Secci\u00f3n 11: Informaci\u00f3n toxicol\u00f3gica"}, "hash": "1456a9956e01a4ed74c57a72b1022d10ff996c82073bc1b1411016edb2c4e21b", "class_name": "RelatedNodeInfo"}, "2": {"node_id": "10beafc4-00d1-4b6d-a80b-06bcf9315905", "node_type": "1", "metadata": {"document_title": "HOJA DE DATOS DE SEGURIDAD", "metadata_product": "Aceites desechados", "metadata_description": "", "metadata_recommended_use": "Sin uso recomendado", "metadata_section": "Seccion 10: Estabilidad y reactividad"}, "hash": "3161044f22d8a650343badeee46b8ce8b6eced704ae76c8ea3c87e305cdb3362", "class_name": "RelatedNodeInfo"}, "3": {"node_id": "2d49146a-c274-49cf-a309-fce81ec1eb5a", "node_type": "1", "metadata": {"document_title": "HOJA DE DATOS DE SEGURIDAD", "metadata_product": "Aceites desechados", "metadata_description": "", "metadata_recommended_use": "Sin uso recomendado", "metadata_section": "Seccion 12: Informaci\u00f3n ecol\u00f3gica"}, "hash": "017b16a0aa5488b0340732c5e843fc78ec22a582de7f052cd4af784b4b14617a", "class_name": "RelatedNodeInfo"}}, "hash": "1456a9956e01a4ed74c57a72b1022d10ff996c82073bc1b1411016edb2c4e21b", "text": "Toxicidad aguda (DL50 y CL50); Datos toxicol\u00f3gicos: Residuo; DL50 Oral; DL50 Dermal; CL50 Inhalaci\u00f3n Aceites Minerales; No disponible; No disponible; No disponible Componentes; DL50 Oral; DL50 Dermal; CL50 Inhalaci\u00f3n Hidrocarburos; No disponible; No disponible; No disponible Aceites Minerales (mg/Kg Rata); > 5000; > 2000 mg/kg (conejo); 2.1-8 mg/l (4h-Rata) Irritaci\u00f3n/corrosi\u00f3n cut\u00e1nea; El residuo presenta componentes que podr\u00edan causar irritaci\u00f3n, resequedad. Lesiones oculares graves/irritaci\u00f3n ocular; El residuo presenta componentes que podr\u00edan causar irritaci\u00f3n ocular. Sensibilizaci\u00f3n respiratoria o cut\u00e1nea; No disponible. Mutagenicidad de c\u00e9lulas reproductoras in vitro; No disponible. Carcinogenicidad; No disponible Toxicidad reproductiva; No disponible Toxicidad espec\u00edfica en \u00f3rganos para lares-esposici\u00f3n \u00fanica; No disponible Toxicidad espec\u00edfica en \u00f3rganos para lares-exposiciones repetidas; El residuo presenta componentes que podr\u00edan provocar da\u00f1o en los \u00f3rganos tras tasa exposiciones prolongadas o repetidas. Peligro de inhalaci\u00f3n; La inhalaci\u00f3n de vapores puede causar irritaci\u00f3n de las mucosas, de v\u00edas respiratorias superiores, dolor de cabeza, n\u00e1useas, v\u00f3mito. Adem\u00e1s, los hidrocarburos pueden causar aspiraci\u00f3n pulmonar. Toxicocin\u00e9tica Metabolismo; No disponible. Distribuci\u00f3n; No disponible Patogenicidad e infecciosidad aguda (oral, d\u00e9rmica e inhalatoria); No aplica. Disrupci\u00f3n endocrina; No disponible. Neurotoxicidad; No disponible. Inmunotoxicidad; No disponible. S\u00edntomas relacionados; No disponible L\u00edmite inmediatamente peligroso para la vida y la salud (IDLH); No disponible. V\u00edas de exposici\u00f3n; Inhalaci\u00f3n; Contacto con la piel; Contacto ocular; Ingesti\u00f3n ; La inhalaci\u00f3n de vapores puede causar irritaci\u00f3n de las mucosas, de v\u00edas respiratorias superiores, dolor de cabeza, n\u00e1useas, v\u00f3mito.; Puede causar irritaci\u00f3n, resequedad.; Puede causar irritaci\u00f3n, conjuntivitis.; Poco probable la ingesti\u00f3n. Si ocurre, puede causar malestar gastrointestinal, con s\u00edntomas que pueden incluir irritaci\u00f3n, n\u00e1useas, v\u00f3mitos y diarrea.", "start_char_idx": null, "end_char_idx": null, "text_template": "{metadata_str}\n\n{content}", "metadata_template": "{key}: {value}", "metadata_seperator": "\n", "class_name": "TextNode"}, "__type__": "1"}, "2d49146a-c274-49cf-a309-fce81ec1eb5a": {"__data__": {"id_": "2d49146a-c274-49cf-a309-fce81ec1eb5a", "embedding": null, "metadata": {"document_title": "HOJA DE DATOS DE SEGURIDAD", "metadata_product": "Aceites desechados", "metadata_description": "", "metadata_recommended_use": "Sin uso recomendado", "metadata_section": "Seccion 12: Informaci\u00f3n ecol\u00f3gica"}, "excluded_embed_metadata_keys": [], "excluded_llm_metadata_keys": [], "relationships": {"1": {"node_id": "0a5a967e-22ea-49ca-9ff0-537cd585bad4", "node_type": "4", "metadata": {"document_title": "HOJA DE DATOS DE SEGURIDAD", "metadata_product": "Aceites desechados", "metadata_description": "", "metadata_recommended_use": "Sin uso recomendado", "metadata_section": "Seccion 12: Informaci\u00f3n ecol\u00f3gica"}, "hash": "017b16a0aa5488b0340732c5e843fc78ec22a582de7f052cd4af784b4b14617a", "class_name": "RelatedNodeInfo"}, "2": {"node_id": "ee25ff9f-3885-47d0-859b-841391d8861c", "node_type": "1", "metadata": {"document_title": "HOJA DE DATOS DE SEGURIDAD", "metadata_product": "Aceites desechados", "metadata_description": "", "metadata_recommended_use": "Sin uso recomendado", "metadata_section": "Secci\u00f3n 11: Informaci\u00f3n toxicol\u00f3gica"}, "hash": "1456a9956e01a4ed74c57a72b1022d10ff996c82073bc1b1411016edb2c4e21b", "class_name": "RelatedNodeInfo"}, "3": {"node_id": "c0ea9190-763f-4f02-8b4c-ae40b48ac1d3", "node_type": "1", "metadata": {"document_title": "HOJA DE DATOS DE SEGURIDAD", "metadata_product": "Aceites desechados", "metadata_description": "", "metadata_recommended_use": "Sin uso recomendado", "metadata_section": "Seccion 13: Informaci\u00f3n sobre la disposici\u00f3n final"}, "hash": "caa22c609d2bc0308580cb99c2de9b6fa7f32c0520e14bc54a7d485f547d8e5a", "class_name": "RelatedNodeInfo"}}, "hash": "017b16a0aa5488b0340732c5e843fc78ec22a582de7f052cd4af784b4b14617a", "text": "Ecotoxicidad (EC, IC y LC);Persistencia y degradabilidad;Potencial de bioacumulaci\u00f3n;Movilidad en el suelo;Otros efectos adversos;Ecotoxicidad aguda: Hidrocarburos No disponible Ecotoxicidad cr\u00f3nica; Hidrocarburos No disponible Ecotoxicidad aguda: Aceites Minerales Peces: CL50: 1641-4965 mg/l. Ecotoxicidad cr\u00f3nica: Aceites Minerales No disponible;No disponible.;Puede ser biolumulable.;L\u00edquido o semis\u00f3lido en la mayor\u00eda de condiciones ambientales. Flota sobre el agua.;Mezcla poco soluble, puede causar deterioro f\u00edsico de los organismos acu\u00e1ticos. Una capa de aceite o de grasa pueden cubrir un \u00e1rea grande que causar\u00eda p\u00e9rdida de vida en el medio o crear un ambiente anaer\u00f3bico. Puede contaminar los cursos de agua, aire y suelos. Puede causar impacto ambiental negativo sobre el medio bi\u00f3tico y abi\u00f3tico en caso de derrames.", "start_char_idx": null, "end_char_idx": null, "text_template": "{metadata_str}\n\n{content}", "metadata_template": "{key}: {value}", "metadata_seperator": "\n", "class_name": "TextNode"}, "__type__": "1"}, "c0ea9190-763f-4f02-8b4c-ae40b48ac1d3": {"__data__": {"id_": "c0ea9190-763f-4f02-8b4c-ae40b48ac1d3", "embedding": null, "metadata": {"document_title": "HOJA DE DATOS DE SEGURIDAD", "metadata_product": "Aceites desechados", "metadata_description": "", "metadata_recommended_use": "Sin uso recomendado", "metadata_section": "Seccion 13: Informaci\u00f3n sobre la disposici\u00f3n final"}, "excluded_embed_metadata_keys": [], "excluded_llm_metadata_keys": [], "relationships": {"1": {"node_id": "c078543d-824c-4460-ac60-9bef76f838bc", "node_type": "4", "metadata": {"document_title": "HOJA DE DATOS DE SEGURIDAD", "metadata_product": "Aceites desechados", "metadata_description": "", "metadata_recommended_use": "Sin uso recomendado", "metadata_section": "Seccion 13: Informaci\u00f3n sobre la disposici\u00f3n final"}, "hash": "caa22c609d2bc0308580cb99c2de9b6fa7f32c0520e14bc54a7d485f547d8e5a", "class_name": "RelatedNodeInfo"}, "2": {"node_id": "2d49146a-c274-49cf-a309-fce81ec1eb5a", "node_type": "1", "metadata": {"document_title": "HOJA DE DATOS DE SEGURIDAD", "metadata_product": "Aceites desechados", "metadata_description": "", "metadata_recommended_use": "Sin uso recomendado", "metadata_section": "Seccion 12: Informaci\u00f3n ecol\u00f3gica"}, "hash": "017b16a0aa5488b0340732c5e843fc78ec22a582de7f052cd4af784b4b14617a", "class_name": "RelatedNodeInfo"}, "3": {"node_id": "113c53c9-9461-4fe5-a3d7-6a35e853c5cc", "node_type": "1", "metadata": {"document_title": "HOJA DE DATOS DE SEGURIDAD", "metadata_product": "Aceites desechados", "metadata_description": "", "metadata_recommended_use": "Sin uso recomendado", "metadata_section": "Seccion 14: Informaci\u00f3n sobre el transporte"}, "hash": "bb9942b88e0b758382e0887fedf2140d7d3e0f4fb335b1d0ac32d28c0f95837b", "class_name": "RelatedNodeInfo"}}, "hash": "caa22c609d2bc0308580cb99c2de9b6fa7f32c0520e14bc54a7d485f547d8e5a", "text": "M\u00e9todos de disposici\u00f3n final para residuos, envases y embalajes contaminados y cualquier material contaminado, de acuerdo a la normativa nacional vigente. El residuo puede ser considerado \"peligroso\", seg\u00fan DS 148: Reglamento Sanitario sobre manejo de residuos peligrosos, art\u00edculo 18 letra I (c\u00f3digo 1B). Aceites minerales residuales no aptos para el uso, al. cuatro 18B destinados) y art\u00edculo 90, lista A (C\u00f3digo A 3020, Aceites minerales desechados no aptos para el uso al que estaban destinados). Es responsabilidad del generador del residuo identificar su nivel de peligrosidad, manipularlo y eliminar adecuadamente cumpliendo con la legislaci\u00f3n nacional vigente.", "start_char_idx": null, "end_char_idx": null, "text_template": "{metadata_str}\n\n{content}", "metadata_template": "{key}: {value}", "metadata_seperator": "\n", "class_name": "TextNode"}, "__type__": "1"}, "113c53c9-9461-4fe5-a3d7-6a35e853c5cc": {"__data__": {"id_": "113c53c9-9461-4fe5-a3d7-6a35e853c5cc", "embedding": null, "metadata": {"document_title": "HOJA DE DATOS DE SEGURIDAD", "metadata_product": "Aceites desechados", "metadata_description": "", "metadata_recommended_use": "Sin uso recomendado", "metadata_section": "Seccion 14: Informaci\u00f3n sobre el transporte"}, "excluded_embed_metadata_keys": [], "excluded_llm_metadata_keys": [], "relationships": {"1": {"node_id": "4ac42035-c2eb-437e-8192-3020298948c4", "node_type": "4", "metadata": {"document_title": "HOJA DE DATOS DE SEGURIDAD", "metadata_product": "Aceites desechados", "metadata_description": "", "metadata_recommended_use": "Sin uso recomendado", "metadata_section": "Seccion 14: Informaci\u00f3n sobre el transporte"}, "hash": "bb9942b88e0b758382e0887fedf2140d7d3e0f4fb335b1d0ac32d28c0f95837b", "class_name": "RelatedNodeInfo"}, "2": {"node_id": "c0ea9190-763f-4f02-8b4c-ae40b48ac1d3", "node_type": "1", "metadata": {"document_title": "HOJA DE DATOS DE SEGURIDAD", "metadata_product": "Aceites desechados", "metadata_description": "", "metadata_recommended_use": "Sin uso recomendado", "metadata_section": "Seccion 13: Informaci\u00f3n sobre la disposici\u00f3n final"}, "hash": "caa22c609d2bc0308580cb99c2de9b6fa7f32c0520e14bc54a7d485f547d8e5a", "class_name": "RelatedNodeInfo"}, "3": {"node_id": "bba22625-eecb-455b-8360-3c941b75b28e", "node_type": "1", "metadata": {"document_title": "HOJA DE DATOS DE SEGURIDAD", "metadata_product": "Aceites desechados", "metadata_description": "", "metadata_recommended_use": "Sin uso recomendado", "metadata_section": "Seccion 15: Informaci\u00f3n reglamentaria"}, "hash": "d7d63cce75d99e03647c2a2daaa2746bdc8bcc6eb1949e4ccb9cb527c9fc2cfb", "class_name": "RelatedNodeInfo"}}, "hash": "bb9942b88e0b758382e0887fedf2140d7d3e0f4fb335b1d0ac32d28c0f95837b", "text": "Regulaciones;Numero NU;Designaci\u00f3n oficial de transporte;Clasificaci\u00f3n de peligro primario NU;Clasificaci\u00f3n de peligro secundario NU;Grupo de embalaje/envase;Peligro Ambientales;Precauciones especiales\nTerrestre;DS 298 Decreto;Res 80 l\u00edquido peligroso para el medio ambiente, N.E.P.;Obst\u00e1culos f\u00edsicos y sustancias v\u00e1rias, inclu\u00eddas las sustancias peligrosas para el medio ambiente;No aplica.;III;S\u00ed;Ninguno\nMar\u00edtima;IMDG;Decreto 382 l\u00edquido peligroso para el medio ambiente, N.E.P.;Obst\u00e1culos f\u00edsicos y sustancias v\u00e1rias, inclu\u00eddas las sustancias peligrosas para el medio ambiente;No aplica.;III;S\u00ed;Ninguno\nA\u00e9rea;IATA;Decreto; 382 l\u00edquido peligroso para el medio ambiente, N.E.P.;Obst\u00e1culos f\u00edsicos y sustancias v\u00e1rias, inclu\u00eddas las sustancias peligrosas para el medio ambiente;No aplica.;III;S\u00ed;Ninguno\nNota;Cuando se trasporten desechos o residuos, para su eliminaci\u00f3n o su tratamiento posterior el nombre oficial debe ser de acuerdo a la NCh382 el cual debe ser precedido del termino desecho.", "start_char_idx": null, "end_char_idx": null, "text_template": "{metadata_str}\n\n{content}", "metadata_template": "{key}: {value}", "metadata_seperator": "\n", "class_name": "TextNode"}, "__type__": "1"}, "bba22625-eecb-455b-8360-3c941b75b28e": {"__data__": {"id_": "bba22625-eecb-455b-8360-3c941b75b28e", "embedding": null, "metadata": {"document_title": "HOJA DE DATOS DE SEGURIDAD", "metadata_product": "Aceites desechados", "metadata_description": "", "metadata_recommended_use": "Sin uso recomendado", "metadata_section": "Seccion 15: Informaci\u00f3n reglamentaria"}, "excluded_embed_metadata_keys": [], "excluded_llm_metadata_keys": [], "relationships": {"1": {"node_id": "5363b515-8ca0-4042-94d3-3932f7adeea0", "node_type": "4", "metadata": {"document_title": "HOJA DE DATOS DE SEGURIDAD", "metadata_product": "Aceites desechados", "metadata_description": "", "metadata_recommended_use": "Sin uso recomendado", "metadata_section": "Seccion 15: Informaci\u00f3n reglamentaria"}, "hash": "d7d63cce75d99e03647c2a2daaa2746bdc8bcc6eb1949e4ccb9cb527c9fc2cfb", "class_name": "RelatedNodeInfo"}, "2": {"node_id": "113c53c9-9461-4fe5-a3d7-6a35e853c5cc", "node_type": "1", "metadata": {"document_title": "HOJA DE DATOS DE SEGURIDAD", "metadata_product": "Aceites desechados", "metadata_description": "", "metadata_recommended_use": "Sin uso recomendado", "metadata_section": "Seccion 14: Informaci\u00f3n sobre el transporte"}, "hash": "bb9942b88e0b758382e0887fedf2140d7d3e0f4fb335b1d0ac32d28c0f95837b", "class_name": "RelatedNodeInfo"}, "3": {"node_id": "c9dbdc5d-539d-4e19-af6c-56b35a5f3487", "node_type": "1", "metadata": {"document_title": "HOJA DE DATOS DE SEGURIDAD", "metadata_product": "Aceites desechados", "metadata_description": "", "metadata_recommended_use": "Sin uso recomendado", "metadata_section": "Seccion 16: Otras informaciones"}, "hash": "8ffdda5be6a29bfd3d008c13c1c602ac0ce2d7f3b0f5906c125ff391dfedba50", "class_name": "RelatedNodeInfo"}}, "hash": "d7d63cce75d99e03647c2a2daaa2746bdc8bcc6eb1949e4ccb9cb527c9fc2cfb", "text": "Regulaciones nacionales;NCh2245:2015. Hoja de datos de seguridad para producto qu\u00edmicos-contenido y orden de las secciones. NCh1411/4:2001. Prevenci\u00f3n de riesgos \u2013 Parte 4: identificaci\u00f3n de riesgos de materiales. NCh382:2013. Sustancias Peligrosas-Clasificaci\u00f3n NCh2190:2003. Transporte de sustancias peligrosas-Distintivo para identificaci\u00f3n de riesgos. DS N\u00b040, 1969 (\u00daltima versi\u00f3n 16/09/95) Reglamento sobre prevenci\u00f3n de riesgos profesionales. DS N\u00b0148, 2004. Reglamento sanitario sobre manejo de residuos peligrosos. DS N\u00b0594, 1999. Reglamento sobre condiciones sanitarias y ambientales b\u00e1sicas en los lugares de trabajo. C\u00f3digo IMSBC, resoluci\u00f3n MSC.268 (85), Anexo 3.;;;Regulaciones internacionales;NFPA 704, 2017. Sistema normativo para la identificaci\u00f3n de los riesgos de materiales para respuesta a emergencias. USA: Sustancias no listada como sustancia peligrosa (DOT) OSHA. Occupational Safety and Health Administration. NIOSH. The National Institute for Occupational Safety and Health. ACGIH. American Conference of Governmental Industrial Hygienist ANEXO V DEL CONVENIO MARPOL 73/78. Convenio internacional para prevenir la contaminaci\u00f3n por los buques. C\u00d3DIGO IMSBC. C\u00f3digo Mar\u00edtimo Internacional de cargas s\u00f3lidas a granel. C\u00d3DIGO IMDG. International Maritime Dangerous Goods. C\u00d3DIGO IATA. International Air Transport Association.;;;;El receptor deber\u00e1 verificar la posible existencia de regulaciones locales aplicables al residuo qu\u00edmico.", "start_char_idx": null, "end_char_idx": null, "text_template": "{metadata_str}\n\n{content}", "metadata_template": "{key}: {value}", "metadata_seperator": "\n", "class_name": "TextNode"}, "__type__": "1"}, "c9dbdc5d-539d-4e19-af6c-56b35a5f3487": {"__data__": {"id_": "c9dbdc5d-539d-4e19-af6c-56b35a5f3487", "embedding": null, "metadata": {"document_title": "HOJA DE DATOS DE SEGURIDAD", "metadata_product": "Aceites desechados", "metadata_description": "", "metadata_recommended_use": "Sin uso recomendado", "metadata_section": "Seccion 16: Otras informaciones"}, "excluded_embed_metadata_keys": [], "excluded_llm_metadata_keys": [], "relationships": {"1": {"node_id": "9501c232-c3ba-4451-861e-7a024ffcdf7f", "node_type": "4", "metadata": {"document_title": "HOJA DE DATOS DE SEGURIDAD", "metadata_product": "Aceites desechados", "metadata_description": "", "metadata_recommended_use": "Sin uso recomendado", "metadata_section": "Seccion 16: Otras informaciones"}, "hash": "8ffdda5be6a29bfd3d008c13c1c602ac0ce2d7f3b0f5906c125ff391dfedba50", "class_name": "RelatedNodeInfo"}, "2": {"node_id": "bba22625-eecb-455b-8360-3c941b75b28e", "node_type": "1", "metadata": {"document_title": "HOJA DE DATOS DE SEGURIDAD", "metadata_product": "Aceites desechados", "metadata_description": "", "metadata_recommended_use": "Sin uso recomendado", "metadata_section": "Seccion 15: Informaci\u00f3n reglamentaria"}, "hash": "d7d63cce75d99e03647c2a2daaa2746bdc8bcc6eb1949e4ccb9cb527c9fc2cfb", "class_name": "RelatedNodeInfo"}}, "hash": "8ffdda5be6a29bfd3d008c13c1c602ac0ce2d7f3b0f5906c125ff391dfedba50", "text": "Control de cambios del documento; Primera versi\u00f3n.;;;Referencias bibliogr\u00e1ficas; Visto por \u00faltima vez: junio-2017 http://www.ourstolenfuture.org/Basics/chemlist.htm http://rstco.ista5.net/tdn_ristcbox_buscador.asp https://www.osha.gov/dsg/annotated-pels/tablez-3.html http://echa.europa.eu/information-on-chemicals;;;Abreviaturas y acr\u00f3nimos; PEL: Permissible exposure limit. REL: Recommended exposure limits. TLV: Threshold limit value. LPP: L\u00edmite permisible ponderado. LPT: L\u00edmite permisible temporal. TWA: Time Weighted Average CAS: Chemical Abstracts Service. IMDG: International Maritime Dangerous Goods. IATA: International Air Transport Association.;;;P\u00e1gina 9 de 10 www.sisquim.com IUPAC; International Union of Pure and Applied Chemistry PBT; Sustancias persistentes, bioacumulables y t\u00f3xicas mPmB; Sustancias muy persistentes y muy bioacumulables Directrices; La presente Hoja de Datos de Seguridad (HDS) se confeccion\u00f3 de acuerdo a los requisitos y formatos exigidos por la NCh2245:2015. Este documento entrega informaci\u00f3n b\u00e1sica, necesaria para prevenir riesgos o atender situaciones que puedan presentarse durante la exposici\u00f3n a este residuo (Derecho a saber - Decreto Supremo N\u00b040). La informaci\u00f3n contenida en la presente HDS es de uso p\u00fablico. Elaboraci\u00f3n T\u00e9cnica en espa\u00f1ol de acuerdo a la NCh2245.Vigente; Elaborado por: Mar\u00eda Elizabeth Casta\u00f1\u00f3n U. Revisado por: Jeniffer Araneda C. Aprobado por: Danilo Mena T.", "start_char_idx": null, "end_char_idx": null, "text_template": "{metadata_str}\n\n{content}", "metadata_template": "{key}: {value}", "metadata_seperator": "\n", "class_name": "TextNode"}, "__type__": "1"}}, "docstore/ref_doc_info": {"5a7c8ebb-39cb-4027-9c56-376904d86389": {"node_ids": ["317c16fb-8788-452f-9955-89185dcdd87a"], "metadata": {"document_title": "HOJA DE DATOS DE SEGURIDAD", "metadata_product": "Aceites desechados", "metadata_description": "", "metadata_recommended_use": "Sin uso recomendado", "metadata_section": "Secci\u00f3n 1: Identificaci\u00f3n del producto qu\u00edmico y de la empresa"}}, "2491c7f7-5927-4d25-8602-2d963601ab8d": {"node_ids": ["46a22110-a485-438a-bd60-75eabece48d5"], "metadata": {"document_title": "HOJA DE DATOS DE SEGURIDAD", "metadata_product": "Aceites desechados", "metadata_description": "", "metadata_recommended_use": "Sin uso recomendado", "metadata_section": "Secci\u00f3n 2: Identificaci\u00f3n de los peligros"}}, "56c2be94-6fdd-4a1d-87b4-971244c5c5d0": {"node_ids": ["b93ec47f-a166-418f-a93b-0bc1574aa56b"], "metadata": {"document_title": "HOJA DE DATOS DE SEGURIDAD", "metadata_product": "Aceites desechados", "metadata_description": "", "metadata_recommended_use": "Sin uso recomendado", "metadata_section": "Seccion 3: Composici\u00f3n/informaci\u00f3n de los componentes"}}, "949284bf-dc64-4eb2-a9c2-0e42fd3529ab": {"node_ids": ["891feed9-00c8-4a83-a6bb-178e599ba7de"], "metadata": {"document_title": "HOJA DE DATOS DE SEGURIDAD", "metadata_product": "Aceites desechados", "metadata_description": "", "metadata_recommended_use": "Sin uso recomendado", "metadata_section": "Secci\u00f3n 4: Primeros auxilios"}}, "2ebb0727-a64c-422d-9375-afa8e403cb50": {"node_ids": ["2e5bad5a-e0f0-4dce-bf5b-ddbe76c28981"], "metadata": {"document_title": "HOJA DE DATOS DE SEGURIDAD", "metadata_product": "Aceites desechados", "metadata_description": "", "metadata_recommended_use": "Sin uso recomendado", "metadata_section": "Seccion 5: Medidas para lucha contra incendios"}}, "a6bc5936-aa91-41a1-b727-7c4e8936d6b2": {"node_ids": ["e3f26214-98c5-4111-8549-6d87e3c6347b"], "metadata": {"document_title": "HOJA DE DATOS DE SEGURIDAD", "metadata_product": "Aceites desechados", "metadata_description": "", "metadata_recommended_use": "Sin uso recomendado", "metadata_section": "Seccion 6: Medidas que se deben tomar en caso de derrame accidental"}}, "d919141a-a911-402c-957e-8163258cf799": {"node_ids": ["d1133fcb-c1ed-4639-b62c-6a64f428fd28"], "metadata": {"document_title": "HOJA DE DATOS DE SEGURIDAD", "metadata_product": "Aceites desechados", "metadata_description": "", "metadata_recommended_use": "Sin uso recomendado", "metadata_section": "Seccion 7: Manipulacion y almacenamiento"}}, "04359e5d-6e4f-467a-b921-adea510a505c": {"node_ids": ["27e15367-fced-4869-9421-883d1d90a58a"], "metadata": {"document_title": "HOJA DE DATOS DE SEGURIDAD", "metadata_product": "Aceites desechados", "metadata_description": "", "metadata_recommended_use": "Sin uso recomendado", "metadata_section": "Seccion 7: Manipulacion y almacenamiento"}}, "63227ff4-b51d-45c9-a9b1-84554790b438": {"node_ids": ["c8d67ea0-540e-407e-b26a-15e5a965ce97"], "metadata": {"document_title": "HOJA DE DATOS DE SEGURIDAD", "metadata_product": "Aceites desechados", "metadata_description": "", "metadata_recommended_use": "Sin uso recomendado", "metadata_section": "Seccion 8: Controles de exposici\u00f3n/protecci\u00f3n personal"}}, "2e0d038f-6fe9-4142-bdbb-f26ad5c61dc6": {"node_ids": ["2e7a2e5d-bb63-4111-9c2a-d135a69e88bf"], "metadata": {"document_title": "HOJA DE DATOS DE SEGURIDAD", "metadata_product": "Aceites desechados", "metadata_description": "", "metadata_recommended_use": "Sin uso recomendado", "metadata_section": "Seccion 9: Propiedades f\u00edsicas y qu\u00edmicas"}}, "5ef865c5-4f75-429f-a0b3-dfc3bb538e87": {"node_ids": ["10beafc4-00d1-4b6d-a80b-06bcf9315905"], "metadata": {"document_title": "HOJA DE DATOS DE SEGURIDAD", "metadata_product": "Aceites desechados", "metadata_description": "", "metadata_recommended_use": "Sin uso recomendado", "metadata_section": "Seccion 10: Estabilidad y reactividad"}}, "4e011ba5-7923-4df6-a9a6-29487d6c5978": {"node_ids": ["ee25ff9f-3885-47d0-859b-841391d8861c"], "metadata": {"document_title": "HOJA DE DATOS DE SEGURIDAD", "metadata_product": "Aceites desechados", "metadata_description": "", "metadata_recommended_use": "Sin uso recomendado", "metadata_section": "Secci\u00f3n 11: Informaci\u00f3n toxicol\u00f3gica"}}, "0a5a967e-22ea-49ca-9ff0-537cd585bad4": {"node_ids": ["2d49146a-c274-49cf-a309-fce81ec1eb5a"], "metadata": {"document_title": "HOJA DE DATOS DE SEGURIDAD", "metadata_product": "Aceites desechados", "metadata_description": "", "metadata_recommended_use": "Sin uso recomendado", "metadata_section": "Seccion 12: Informaci\u00f3n ecol\u00f3gica"}}, "c078543d-824c-4460-ac60-9bef76f838bc": {"node_ids": ["c0ea9190-763f-4f02-8b4c-ae40b48ac1d3"], "metadata": {"document_title": "HOJA DE DATOS DE SEGURIDAD", "metadata_product": "Aceites desechados", "metadata_description": "", "metadata_recommended_use": "Sin uso recomendado", "metadata_section": "Seccion 13: Informaci\u00f3n sobre la disposici\u00f3n final"}}, "4ac42035-c2eb-437e-8192-3020298948c4": {"node_ids": ["113c53c9-9461-4fe5-a3d7-6a35e853c5cc"], "metadata": {"document_title": "HOJA DE DATOS DE SEGURIDAD", "metadata_product": "Aceites desechados", "metadata_description": "", "metadata_recommended_use": "Sin uso recomendado", "metadata_section": "Seccion 14: Informaci\u00f3n sobre el transporte"}}, "5363b515-8ca0-4042-94d3-3932f7adeea0": {"node_ids": ["bba22625-eecb-455b-8360-3c941b75b28e"], "metadata": {"document_title": "HOJA DE DATOS DE SEGURIDAD", "metadata_product": "Aceites desechados", "metadata_description": "", "metadata_recommended_use": "Sin uso recomendado", "metadata_section": "Seccion 15: Informaci\u00f3n reglamentaria"}}, "9501c232-c3ba-4451-861e-7a024ffcdf7f": {"node_ids": ["c9dbdc5d-539d-4e19-af6c-56b35a5f3487"], "metadata": {"document_title": "HOJA DE DATOS DE SEGURIDAD", "metadata_product": "Aceites desechados", "metadata_description": "", "metadata_recommended_use": "Sin uso recomendado", "metadata_section": "Seccion 16: Otras informaciones"}}}, "docstore/metadata": {"317c16fb-8788-452f-9955-89185dcdd87a": {"doc_hash": "cc4e344eebe0d9081f1411ebf37365b18ba1e6d9624f69d827e008cfd6daf49e", "ref_doc_id": "5a7c8ebb-39cb-4027-9c56-376904d86389"}, "46a22110-a485-438a-bd60-75eabece48d5": {"doc_hash": "2002dd7407962d315966d2adf234b54cfa52a3bc863f662b3f21599a4afa27db", "ref_doc_id": "2491c7f7-5927-4d25-8602-2d963601ab8d"}, "b93ec47f-a166-418f-a93b-0bc1574aa56b": {"doc_hash": "e6df7eb5d5381c8c45e85181cc77f38dbbf120ee2b7541c293573580eaae92db", "ref_doc_id": "56c2be94-6fdd-4a1d-87b4-971244c5c5d0"}, "891feed9-00c8-4a83-a6bb-178e599ba7de": {"doc_hash": "5712b67a31b88d49947fb8957055447d332a263bf6a9e6796096811a7083ed6c", "ref_doc_id": "949284bf-dc64-4eb2-a9c2-0e42fd3529ab"}, "2e5bad5a-e0f0-4dce-bf5b-ddbe76c28981": {"doc_hash": "00b331c19c5e335cc634435e0a88405f60d6ff9efc56e088c2c19c0c3480f00e", "ref_doc_id": "2ebb0727-a64c-422d-9375-afa8e403cb50"}, "e3f26214-98c5-4111-8549-6d87e3c6347b": {"doc_hash": "1cbfbb72002a0772aef78db3913131cdd7ea9a9047bab3de31abebd360726653", "ref_doc_id": "a6bc5936-aa91-41a1-b727-7c4e8936d6b2"}, "d1133fcb-c1ed-4639-b62c-6a64f428fd28": {"doc_hash": "dde195743c8520f8960d979a1634170a4696e2050b4a03fc468aeb2a956c3475", "ref_doc_id": "d919141a-a911-402c-957e-8163258cf799"}, "27e15367-fced-4869-9421-883d1d90a58a": {"doc_hash": "114f0c9b334d9dee4929306ca758e4cd31564b43c9d10f44d7c92f8a20c05538", "ref_doc_id": "04359e5d-6e4f-467a-b921-adea510a505c"}, "c8d67ea0-540e-407e-b26a-15e5a965ce97": {"doc_hash": "839ff870253e2e974256dc3af65da6ea53759b870c796f4a02065cd31b567c25", "ref_doc_id": "63227ff4-b51d-45c9-a9b1-84554790b438"}, "2e7a2e5d-bb63-4111-9c2a-d135a69e88bf": {"doc_hash": "7e2f6b5b192e2c9f8783f214f3a6f480b1c7496af74bbaa80d47715c73bb66b3", "ref_doc_id": "2e0d038f-6fe9-4142-bdbb-f26ad5c61dc6"}, "10beafc4-00d1-4b6d-a80b-06bcf9315905": {"doc_hash": "3161044f22d8a650343badeee46b8ce8b6eced704ae76c8ea3c87e305cdb3362", "ref_doc_id": "5ef865c5-4f75-429f-a0b3-dfc3bb538e87"}, "ee25ff9f-3885-47d0-859b-841391d8861c": {"doc_hash": "1456a9956e01a4ed74c57a72b1022d10ff996c82073bc1b1411016edb2c4e21b", "ref_doc_id": "4e011ba5-7923-4df6-a9a6-29487d6c5978"}, "2d49146a-c274-49cf-a309-fce81ec1eb5a": {"doc_hash": "017b16a0aa5488b0340732c5e843fc78ec22a582de7f052cd4af784b4b14617a", "ref_doc_id": "0a5a967e-22ea-49ca-9ff0-537cd585bad4"}, "c0ea9190-763f-4f02-8b4c-ae40b48ac1d3": {"doc_hash": "caa22c609d2bc0308580cb99c2de9b6fa7f32c0520e14bc54a7d485f547d8e5a", "ref_doc_id": "c078543d-824c-4460-ac60-9bef76f838bc"}, "113c53c9-9461-4fe5-a3d7-6a35e853c5cc": {"doc_hash": "bb9942b88e0b758382e0887fedf2140d7d3e0f4fb335b1d0ac32d28c0f95837b", "ref_doc_id": "4ac42035-c2eb-437e-8192-3020298948c4"}, "bba22625-eecb-455b-8360-3c941b75b28e": {"doc_hash": "d7d63cce75d99e03647c2a2daaa2746bdc8bcc6eb1949e4ccb9cb527c9fc2cfb", "ref_doc_id": "5363b515-8ca0-4042-94d3-3932f7adeea0"}, "c9dbdc5d-539d-4e19-af6c-56b35a5f3487": {"doc_hash": "8ffdda5be6a29bfd3d008c13c1c602ac0ce2d7f3b0f5906c125ff391dfedba50", "ref_doc_id": "9501c232-c3ba-4451-861e-7a024ffcdf7f"}}}