{"docstore/data": {"d2566f99-9f94-4f59-abd3-d9f3192e732e": {"__data__": {"id_": "d2566f99-9f94-4f59-abd3-d9f3192e732e", "embedding": null, "metadata": {"document_title": "HOJA DE DATOS DE SEGURIDAD", "metadata_product": "Mobil mining coolant.", "metadata_description": "", "metadata_recommended_use": "Anticongelante/enfriador", "metadata_section": "Seccion 1: Identificacion del producto quimico y de la empresa"}, "excluded_embed_metadata_keys": [], "excluded_llm_metadata_keys": [], "relationships": {"1": {"node_id": "8576cd48-5ef2-4d34-9535-550336d939af", "node_type": "4", "metadata": {"document_title": "HOJA DE DATOS DE SEGURIDAD", "metadata_product": "Mobil mining coolant.", "metadata_description": "", "metadata_recommended_use": "Anticongelante/enfriador", "metadata_section": "Seccion 1: Identificacion del producto quimico y de la empresa"}, "hash": "f8b8bf055ad995e8c66dcc45eafab2b2aa623a688a8f2ae030c115ee6e4a1f90", "class_name": "RelatedNodeInfo"}, "3": {"node_id": "077e6f1b-2c0e-4815-a6e7-8b90b2bde260", "node_type": "1", "metadata": {"document_title": "HOJA DE DATOS DE SEGURIDAD", "metadata_product": "Mobil mining coolant.", "metadata_description": "", "metadata_recommended_use": "Anticongelante/enfriador", "metadata_section": "Seccion 2: Identificacion de los peligros"}, "hash": "ffc54590f2e4f3e2f5a55b40251ecddeabc8fe4239e66a67fca9a336f20d6cd2", "class_name": "RelatedNodeInfo"}}, "hash": "f8b8bf055ad995e8c66dcc45eafab2b2aa623a688a8f2ae030c115ee6e4a1f90", "text": "Identificacion del producto quimico; Mobil mining coolant.; Usos recomendados; Anticongelante/enfriador.; Restricciones de uso; Se desaconseja cualquier uso distinto al informado en la presente HDS.; Nombre del proveedor; Compa\u00f1\u00eda de petr\u00f3leos de Chile Copec S.A.; Direccion del proveedor; Isidora Goyenechea 2915, Santiago, Chile.; Numero de telefono del proveedor; (56) 2-26907000.; Numero de telefono de emergencia en Chile; (56) 2-26753713.; Numero de telefono de informacion toxicologica en Chile; (56) 227771994.; Direccion electronica del proveedor; www.copec.cl", "start_char_idx": null, "end_char_idx": null, "text_template": "{metadata_str}\n\n{content}", "metadata_template": "{key}: {value}", "metadata_seperator": "\n", "class_name": "TextNode"}, "__type__": "1"}, "077e6f1b-2c0e-4815-a6e7-8b90b2bde260": {"__data__": {"id_": "077e6f1b-2c0e-4815-a6e7-8b90b2bde260", "embedding": null, "metadata": {"document_title": "HOJA DE DATOS DE SEGURIDAD", "metadata_product": "Mobil mining coolant.", "metadata_description": "", "metadata_recommended_use": "Anticongelante/enfriador", "metadata_section": "Seccion 2: Identificacion de los peligros"}, "excluded_embed_metadata_keys": [], "excluded_llm_metadata_keys": [], "relationships": {"1": {"node_id": "0f3f18f3-60f0-48a1-af53-46ffcc4c3f51", "node_type": "4", "metadata": {"document_title": "HOJA DE DATOS DE SEGURIDAD", "metadata_product": "Mobil mining coolant.", "metadata_description": "", "metadata_recommended_use": "Anticongelante/enfriador", "metadata_section": "Seccion 2: Identificacion de los peligros"}, "hash": "ffc54590f2e4f3e2f5a55b40251ecddeabc8fe4239e66a67fca9a336f20d6cd2", "class_name": "RelatedNodeInfo"}, "2": {"node_id": "d2566f99-9f94-4f59-abd3-d9f3192e732e", "node_type": "1", "metadata": {"document_title": "HOJA DE DATOS DE SEGURIDAD", "metadata_product": "Mobil mining coolant.", "metadata_description": "", "metadata_recommended_use": "Anticongelante/enfriador", "metadata_section": "Seccion 1: Identificacion del producto quimico y de la empresa"}, "hash": "f8b8bf055ad995e8c66dcc45eafab2b2aa623a688a8f2ae030c115ee6e4a1f90", "class_name": "RelatedNodeInfo"}, "3": {"node_id": "1b837230-259d-4ee3-8c5f-e4ab53edc9f6", "node_type": "1", "metadata": {"document_title": "HOJA DE DATOS DE SEGURIDAD", "metadata_product": "Mobil mining coolant.", "metadata_description": "", "metadata_recommended_use": "Anticongelante/enfriador", "metadata_section": "Seccion 3: Composici\u00f3n/informaci\u00f3n de los componentes"}, "hash": "0e73812167e9c353dd98fd2f66cfa3bb65e68bf529eeaab9f039696e97ec3128", "class_name": "RelatedNodeInfo"}}, "hash": "ffc54590f2e4f3e2f5a55b40251ecddeabc8fe4239e66a67fca9a336f20d6cd2", "text": "Clasificacion segun NCh382; Sustancia no peligrosa.; Distintivo segun NCh2190; No aplica.; Clasificacion segun SGA; Toxicidad especifica de \u00f3rganos diana (exposiciones repetidas). Categoria 2.; Etiqueta SGA; ; Palabra de advertencia; ATENCION; Indicaciones de peligro; H373; Indicaciones de precauci\u00f3n; P260; Se\u00f1al de seguridad segun; NCh1411/4' Clasificaci\u00f3n espec\u00edfica; No aplica. Distintivo espec\u00edfico; No aplica. Descripci\u00f3n de peligros; Puede causar efectos en \u00f3rganos diana (ri\u00f1\u00f3n), por v\u00eda oral tras exposiciones repetidas. Adem\u00e1s, puede causar leve irritaci\u00f3n a los ojos y piel. Descripci\u00f3n de peligros espec\u00edficos; Producto combustible. Otros peligros; Ninguno.", "start_char_idx": null, "end_char_idx": null, "text_template": "{metadata_str}\n\n{content}", "metadata_template": "{key}: {value}", "metadata_seperator": "\n", "class_name": "TextNode"}, "__type__": "1"}, "1b837230-259d-4ee3-8c5f-e4ab53edc9f6": {"__data__": {"id_": "1b837230-259d-4ee3-8c5f-e4ab53edc9f6", "embedding": null, "metadata": {"document_title": "HOJA DE DATOS DE SEGURIDAD", "metadata_product": "Mobil mining coolant.", "metadata_description": "", "metadata_recommended_use": "Anticongelante/enfriador", "metadata_section": "Seccion 3: Composici\u00f3n/informaci\u00f3n de los componentes"}, "excluded_embed_metadata_keys": [], "excluded_llm_metadata_keys": [], "relationships": {"1": {"node_id": "a6218708-7d77-42a4-9108-8b9df2d90870", "node_type": "4", "metadata": {"document_title": "HOJA DE DATOS DE SEGURIDAD", "metadata_product": "Mobil mining coolant.", "metadata_description": "", "metadata_recommended_use": "Anticongelante/enfriador", "metadata_section": "Seccion 3: Composici\u00f3n/informaci\u00f3n de los componentes"}, "hash": "0e73812167e9c353dd98fd2f66cfa3bb65e68bf529eeaab9f039696e97ec3128", "class_name": "RelatedNodeInfo"}, "2": {"node_id": "077e6f1b-2c0e-4815-a6e7-8b90b2bde260", "node_type": "1", "metadata": {"document_title": "HOJA DE DATOS DE SEGURIDAD", "metadata_product": "Mobil mining coolant.", "metadata_description": "", "metadata_recommended_use": "Anticongelante/enfriador", "metadata_section": "Seccion 2: Identificacion de los peligros"}, "hash": "ffc54590f2e4f3e2f5a55b40251ecddeabc8fe4239e66a67fca9a336f20d6cd2", "class_name": "RelatedNodeInfo"}, "3": {"node_id": "47a2f22e-b703-4444-898f-f148ca3fc398", "node_type": "1", "metadata": {"document_title": "HOJA DE DATOS DE SEGURIDAD", "metadata_product": "Mobil mining coolant.", "metadata_description": "", "metadata_recommended_use": "Anticongelante/enfriador", "metadata_section": "Secci\u00f3n 4: Primeros auxilios"}, "hash": "a878c4b0f04b3fa25b7c17d6a56c08c1c00b05a52f5e1b82aad425dfdc7fd775", "class_name": "RelatedNodeInfo"}}, "hash": "0e73812167e9c353dd98fd2f66cfa3bb65e68bf529eeaab9f039696e97ec3128", "text": "Tipo de sustancia;Mezcla.\nComponente 1;Componente 2\nDenominaci\u00f3n qu\u00edmica sistem\u00e1tica;2- (2-hidroxietoxi) etan-1-ol;Etano-1,2-diol\nNombre com\u00fan o gen\u00e9rico;Dietilenglicol;Etilenglicol\nRango de concentraci\u00f3n;1 - 5 %;90 - < 100 %\nN\u00famero CAS;111-46-6;107-21-1\nN\u00famero CE;203-872-2;203-473-3", "start_char_idx": null, "end_char_idx": null, "text_template": "{metadata_str}\n\n{content}", "metadata_template": "{key}: {value}", "metadata_seperator": "\n", "class_name": "TextNode"}, "__type__": "1"}, "47a2f22e-b703-4444-898f-f148ca3fc398": {"__data__": {"id_": "47a2f22e-b703-4444-898f-f148ca3fc398", "embedding": null, "metadata": {"document_title": "HOJA DE DATOS DE SEGURIDAD", "metadata_product": "Mobil mining coolant.", "metadata_description": "", "metadata_recommended_use": "Anticongelante/enfriador", "metadata_section": "Secci\u00f3n 4: Primeros auxilios"}, "excluded_embed_metadata_keys": [], "excluded_llm_metadata_keys": [], "relationships": {"1": {"node_id": "83098c54-e9f4-4e2a-a0dc-47899c61be08", "node_type": "4", "metadata": {"document_title": "HOJA DE DATOS DE SEGURIDAD", "metadata_product": "Mobil mining coolant.", "metadata_description": "", "metadata_recommended_use": "Anticongelante/enfriador", "metadata_section": "Secci\u00f3n 4: Primeros auxilios"}, "hash": "a878c4b0f04b3fa25b7c17d6a56c08c1c00b05a52f5e1b82aad425dfdc7fd775", "class_name": "RelatedNodeInfo"}, "2": {"node_id": "1b837230-259d-4ee3-8c5f-e4ab53edc9f6", "node_type": "1", "metadata": {"document_title": "HOJA DE DATOS DE SEGURIDAD", "metadata_product": "Mobil mining coolant.", "metadata_description": "", "metadata_recommended_use": "Anticongelante/enfriador", "metadata_section": "Seccion 3: Composici\u00f3n/informaci\u00f3n de los componentes"}, "hash": "0e73812167e9c353dd98fd2f66cfa3bb65e68bf529eeaab9f039696e97ec3128", "class_name": "RelatedNodeInfo"}, "3": {"node_id": "856d6d2a-6ee9-4495-a905-c1da5a0f9f99", "node_type": "1", "metadata": {"document_title": "HOJA DE DATOS DE SEGURIDAD", "metadata_product": "Mobil mining coolant.", "metadata_description": "", "metadata_recommended_use": "Anticongelante/enfriador", "metadata_section": "Secci\u00f3n 4: Primeros auxilios"}, "hash": "7fd18b3d1714439823c2cc1e71b06a407ccd64bfdec01cb21e0a713a1f0dfb6d", "class_name": "RelatedNodeInfo"}}, "hash": "a878c4b0f04b3fa25b7c17d6a56c08c1c00b05a52f5e1b82aad425dfdc7fd775", "text": "Inhalaci\u00f3n;Trasladar a la persona al aire fresco. Si no hay respiraci\u00f3n, o \u00e9sta es irregular u ocurre un paro respiratorio, el personal capacitado debe proporcionar respiraci\u00f3n artificial u ox\u00edgeno. Solicitar atenci\u00f3n m\u00e9dica.\nContacto con la piel;Lavar las \u00e1reas de contacto con agua y jab\u00f3n. Si el producto se inyecta dentro \u00f3 debajo de la piel, o en cualquier parte del cuerpo, independientemente de la apariencia del \u00e1rea lastimada o su tama\u00f1o, el individuo debe ser evaluado inmediatamente por un m\u00e9dico como una emergencia quir\u00fargica. Aun cuando los s\u00edntomas iniciales de la inyecci\u00f3n a alta presi\u00f3n sean m\u00ednimos \u00f3 ausentes, el tratamiento quir\u00fargico dentro de las primeras horas puede reducir el da\u00f1o del grado de lesi\u00f3n en forma significativa.\nContacto con los ojos;Lavar inmediatamente con agua. Si se presenta irritaci\u00f3n, solicitar atenci\u00f3n m\u00e9dica.\nIngesti\u00f3n;Solicitar atenci\u00f3n m\u00e9dica.\nEfectos agudos previstos;Puede causar irritaci\u00f3n leve en piel, ojos y tracto respiratorio.\nEfectos retardados previstos;Puede causar efectos en \u00f3rganos diana (ri\u00f1\u00f3n), por exposiciones repetidas.\nS\u00edntomas/efectos m\u00e1s importantes;Puede causar irritaci\u00f3n leve en piel, ojos y tracto respiratorio.", "start_char_idx": null, "end_char_idx": null, "text_template": "{metadata_str}\n\n{content}", "metadata_template": "{key}: {value}", "metadata_seperator": "\n", "class_name": "TextNode"}, "__type__": "1"}, "856d6d2a-6ee9-4495-a905-c1da5a0f9f99": {"__data__": {"id_": "856d6d2a-6ee9-4495-a905-c1da5a0f9f99", "embedding": null, "metadata": {"document_title": "HOJA DE DATOS DE SEGURIDAD", "metadata_product": "Mobil mining coolant.", "metadata_description": "", "metadata_recommended_use": "Anticongelante/enfriador", "metadata_section": "Secci\u00f3n 4: Primeros auxilios"}, "excluded_embed_metadata_keys": [], "excluded_llm_metadata_keys": [], "relationships": {"1": {"node_id": "90c4bfa3-b170-4c78-858a-d9573cc384d2", "node_type": "4", "metadata": {"document_title": "HOJA DE DATOS DE SEGURIDAD", "metadata_product": "Mobil mining coolant.", "metadata_description": "", "metadata_recommended_use": "Anticongelante/enfriador", "metadata_section": "Secci\u00f3n 4: Primeros auxilios"}, "hash": "7fd18b3d1714439823c2cc1e71b06a407ccd64bfdec01cb21e0a713a1f0dfb6d", "class_name": "RelatedNodeInfo"}, "2": {"node_id": "47a2f22e-b703-4444-898f-f148ca3fc398", "node_type": "1", "metadata": {"document_title": "HOJA DE DATOS DE SEGURIDAD", "metadata_product": "Mobil mining coolant.", "metadata_description": "", "metadata_recommended_use": "Anticongelante/enfriador", "metadata_section": "Secci\u00f3n 4: Primeros auxilios"}, "hash": "a878c4b0f04b3fa25b7c17d6a56c08c1c00b05a52f5e1b82aad425dfdc7fd775", "class_name": "RelatedNodeInfo"}, "3": {"node_id": "c3dc82eb-2f98-4861-9a3a-6642306c0267", "node_type": "1", "metadata": {"document_title": "HOJA DE DATOS DE SEGURIDAD", "metadata_product": "Mobil mining coolant.", "metadata_description": "", "metadata_recommended_use": "Anticongelante/enfriador", "metadata_section": "Secci\u00f3n 5: Medidas para lucha contra incendios"}, "hash": "ae1329c0cda3ce8289f55310dadb50c4e13ac9f9cb9fb7e3ea3cd683845336cb", "class_name": "RelatedNodeInfo"}}, "hash": "7fd18b3d1714439823c2cc1e71b06a407ccd64bfdec01cb21e0a713a1f0dfb6d", "text": "Puede causar efectos en \u00f3rganos diana (ri\u00f1\u00f3n), por exposiciones repetidas. Dietilenglicol (DEG): Los datos de prueba indican que, por la oral, el DEG es m\u00e1s t\u00f3xico para los humanos que para los animales. La dosis letal probable para adultos es de alrededor de 50 mL (2 onzas), y 2-3 tragos con un adulto menores pueden causar degeneraci\u00f3n o da\u00f1o al ri\u00f1\u00f3n. Se observaron tumores benignos en la vejiga de ratas, pero no se observaron en ratones. Etilenglicol (EG): La elevada exposici\u00f3n oral repetida ha causado da\u00f1o a los ri\u00f1ones, efectos neurol\u00f3gicos, degeneraci\u00f3n del h\u00edgado y cambios en la qu\u00edmica sangu\u00ednea y en las c\u00e9lulas de la sangre en circulaci\u00f3n en animales de laboratorio.\nProtecci\u00f3n de quienes brindan los primeros auxilios;Notas especiales para un m\u00e9dico tratante\n;La sobreexposici\u00f3n repetida tiene el potencial de causar efectos t\u00f3xicos similares en los humanos. Puede causar efectos de desarrollo y reproductivos a elevadas dosis en los animales de laboratorio. Es incierta la relevancia de estas hallazgos en los humanos.\n;Se recomienda a las personas que entregan los primeros auxilios el uso de equipos de protecci\u00f3n individual.\n;Informar al m\u00e9dico sobre las caracter\u00edsticas del producto y tipo de contacto. Presentar esta Hoja de Datos de Seguridad al momento de la atenci\u00f3n.", "start_char_idx": null, "end_char_idx": null, "text_template": "{metadata_str}\n\n{content}", "metadata_template": "{key}: {value}", "metadata_seperator": "\n", "class_name": "TextNode"}, "__type__": "1"}, "c3dc82eb-2f98-4861-9a3a-6642306c0267": {"__data__": {"id_": "c3dc82eb-2f98-4861-9a3a-6642306c0267", "embedding": null, "metadata": {"document_title": "HOJA DE DATOS DE SEGURIDAD", "metadata_product": "Mobil mining coolant.", "metadata_description": "", "metadata_recommended_use": "Anticongelante/enfriador", "metadata_section": "Secci\u00f3n 5: Medidas para lucha contra incendios"}, "excluded_embed_metadata_keys": [], "excluded_llm_metadata_keys": [], "relationships": {"1": {"node_id": "367eaab6-64ce-4546-af24-6c3ddfbfade8", "node_type": "4", "metadata": {"document_title": "HOJA DE DATOS DE SEGURIDAD", "metadata_product": "Mobil mining coolant.", "metadata_description": "", "metadata_recommended_use": "Anticongelante/enfriador", "metadata_section": "Secci\u00f3n 5: Medidas para lucha contra incendios"}, "hash": "ae1329c0cda3ce8289f55310dadb50c4e13ac9f9cb9fb7e3ea3cd683845336cb", "class_name": "RelatedNodeInfo"}, "2": {"node_id": "856d6d2a-6ee9-4495-a905-c1da5a0f9f99", "node_type": "1", "metadata": {"document_title": "HOJA DE DATOS DE SEGURIDAD", "metadata_product": "Mobil mining coolant.", "metadata_description": "", "metadata_recommended_use": "Anticongelante/enfriador", "metadata_section": "Secci\u00f3n 4: Primeros auxilios"}, "hash": "7fd18b3d1714439823c2cc1e71b06a407ccd64bfdec01cb21e0a713a1f0dfb6d", "class_name": "RelatedNodeInfo"}, "3": {"node_id": "8be4d993-846a-48a6-9352-7303d0b31e7e", "node_type": "1", "metadata": {"document_title": "HOJA DE DATOS DE SEGURIDAD", "metadata_product": "Mobil mining coolant.", "metadata_description": "", "metadata_recommended_use": "Anticongelante/enfriador", "metadata_section": "Secci\u00f3n 6: Medidas que se deben tomar en caso de derrame accidental"}, "hash": "3c106f4471e5d49584797c69942089471896cce27d7d05a2d90efd99ed3c6b94", "class_name": "RelatedNodeInfo"}}, "hash": "ae1329c0cda3ce8289f55310dadb50c4e13ac9f9cb9fb7e3ea3cd683845336cb", "text": "Agentes de extinci\u00f3n; Usar neblina de agua, espuma resistente al alcohol, polvo qu\u00edmico seco o di\u00f3xido de carbono. Agentes de extinci\u00f3n inapropiados; No utilizar chorros directos de agua a alta presi\u00f3n si el producto est\u00e1 en llamas, debido al riesgo de esparcimiento del material en combusti\u00f3n. Productos que se forman en la combusti\u00f3n y degradaci\u00f3n t\u00e9rmica; Se pueden generar productos de la combusti\u00f3n tales como di\u00f3xido de carbono (CO2), mon\u00f3xido de carbono (CO), aldeh\u00eddos y humo. Peligros espec\u00edficos asociados; Producto combustible. En caso de incendio en el entorno se pueden formar gases nocivos. M\u00e9todos espec\u00edficos de extinci\u00f3n; En caso de incendio, aislar r\u00e1pidamente la zona, evacuando a todas las personas de las proximidades del lugar del incidente. No se debe realizar ninguna acci\u00f3n que suponga un riesgo personal o sin formaci\u00f3n adecuada. Desplazar los contenedores lejos del incendio si puede hacerse sin peligro. Usar agua pulverizada para refrigerar los envases expuestos al fuego. Impedir que el agua de extinci\u00f3n de incendios contamina con este material entre en v\u00edas de agua, drenajes o alcantarillados. Precauciones para el personal de emergencia y/o los bomberos; Los bomberos deben llevar equipo de protecci\u00f3n apropiado y un equipo de respiraci\u00f3n aut\u00f3nomo con una m\u00e1scara facial completa que opere en modo de presi\u00f3n positiva.", "start_char_idx": null, "end_char_idx": null, "text_template": "{metadata_str}\n\n{content}", "metadata_template": "{key}: {value}", "metadata_seperator": "\n", "class_name": "TextNode"}, "__type__": "1"}, "8be4d993-846a-48a6-9352-7303d0b31e7e": {"__data__": {"id_": "8be4d993-846a-48a6-9352-7303d0b31e7e", "embedding": null, "metadata": {"document_title": "HOJA DE DATOS DE SEGURIDAD", "metadata_product": "Mobil mining coolant.", "metadata_description": "", "metadata_recommended_use": "Anticongelante/enfriador", "metadata_section": "Secci\u00f3n 6: Medidas que se deben tomar en caso de derrame accidental"}, "excluded_embed_metadata_keys": [], "excluded_llm_metadata_keys": [], "relationships": {"1": {"node_id": "27fe1c74-f4a0-4b8f-bb85-175fe1609642", "node_type": "4", "metadata": {"document_title": "HOJA DE DATOS DE SEGURIDAD", "metadata_product": "Mobil mining coolant.", "metadata_description": "", "metadata_recommended_use": "Anticongelante/enfriador", "metadata_section": "Secci\u00f3n 6: Medidas que se deben tomar en caso de derrame accidental"}, "hash": "3c106f4471e5d49584797c69942089471896cce27d7d05a2d90efd99ed3c6b94", "class_name": "RelatedNodeInfo"}, "2": {"node_id": "c3dc82eb-2f98-4861-9a3a-6642306c0267", "node_type": "1", "metadata": {"document_title": "HOJA DE DATOS DE SEGURIDAD", "metadata_product": "Mobil mining coolant.", "metadata_description": "", "metadata_recommended_use": "Anticongelante/enfriador", "metadata_section": "Secci\u00f3n 5: Medidas para lucha contra incendios"}, "hash": "ae1329c0cda3ce8289f55310dadb50c4e13ac9f9cb9fb7e3ea3cd683845336cb", "class_name": "RelatedNodeInfo"}, "3": {"node_id": "b242e1a5-d7ee-4225-bc46-b099e08d02fc", "node_type": "1", "metadata": {"document_title": "HOJA DE DATOS DE SEGURIDAD", "metadata_product": "Mobil mining coolant.", "metadata_description": "", "metadata_recommended_use": "Anticongelante/enfriador", "metadata_section": "Secci\u00f3n 7: Manipulaci\u00f3n y almacenamiento"}, "hash": "77986fff3eaeaa137f873dc8054980062bcee819b45e44913e6703493604cc7c", "class_name": "RelatedNodeInfo"}}, "hash": "3c106f4471e5d49584797c69942089471896cce27d7d05a2d90efd99ed3c6b94", "text": "Precauciones personales; Equipos de protecci\u00f3n; Procedimientos de emergencia; Precauciones medioambientales; M\u00e9todos y materiales de contenci\u00f3n, confinamiento y/o abatimiento; Evitar el contacto con el producto. Evitar respirar los vapores. Proporcionar ventilaci\u00f3n adecuada. Evacuar el personal a zonas seguras.; Llevar puestos equipos de protecci\u00f3n individual adecuados, a trav\u00e9s del uso de elementos de protecci\u00f3n personal (ver secci\u00f3n 8).; Controlar la fuente del derrame de manera segura, sin que exista riesgo para las personas. Restringir el acceso al \u00e1rea hasta que se complete la limpieza. Actuar de acuerdo a procedimientos internos ante emergencias.; Evitar la entrada en corrientes de agua, alcantarilladas, s\u00f3tanos o \u00e1reas confinadas. Remover los desechos en la trayectoria del derrame y remover los restos contaminados de la orilla y de la superficie del agua y disponer de ellos de acuerdo con la normativa nacional.; Esta operaci\u00f3n la debe efectuar s\u00f3lo personal entrenado. No tocar ni caminar sobre el material derramado. Contener el material derramado con materiales absorbente no combustible. M\u00e9todos y materiales de limpieza; Recuperaci\u00f3n; Neutralizaci\u00f3n; Disposici\u00f3n final; Medidas adicionales de prevenci\u00f3n de desastres Derrame en tierra: Si puede hacerlo sin riesgo detener la fuga. No tocar ni caminar a trav\u00e9s de material derramado.; Derrames peque\u00f1os: Absorber con tierra, arena o alg\u00fan otro material no combustible y transferir a recipientes para su disposici\u00f3n posterior. Recuperar por bombeo o con un absorbente adecuado. Derrame en agua: Si puede hacerlo sin riesgo detener la fuga. Consultar a un experto. Advertir a otras embarcaciones. El material se hundir\u00e1. Remover el material tanto como sea posible, utilizando equipo mec\u00e1nico. Derrames grandes: Contener mediante un dique localizado adelante y a gran distancia del derrame para su recuperaci\u00f3n y posterior eliminaci\u00f3n.; No disponible.; Disponer de acuerdo a la normativa nacional.; No eliminar los residuos en desag\u00fces o v\u00edas fluviales.", "start_char_idx": null, "end_char_idx": null, "text_template": "{metadata_str}\n\n{content}", "metadata_template": "{key}: {value}", "metadata_seperator": "\n", "class_name": "TextNode"}, "__type__": "1"}, "b242e1a5-d7ee-4225-bc46-b099e08d02fc": {"__data__": {"id_": "b242e1a5-d7ee-4225-bc46-b099e08d02fc", "embedding": null, "metadata": {"document_title": "HOJA DE DATOS DE SEGURIDAD", "metadata_product": "Mobil mining coolant.", "metadata_description": "", "metadata_recommended_use": "Anticongelante/enfriador", "metadata_section": "Secci\u00f3n 7: Manipulaci\u00f3n y almacenamiento"}, "excluded_embed_metadata_keys": [], "excluded_llm_metadata_keys": [], "relationships": {"1": {"node_id": "02580726-ac8c-48bb-9660-cb95e251ad8d", "node_type": "4", "metadata": {"document_title": "HOJA DE DATOS DE SEGURIDAD", "metadata_product": "Mobil mining coolant.", "metadata_description": "", "metadata_recommended_use": "Anticongelante/enfriador", "metadata_section": "Secci\u00f3n 7: Manipulaci\u00f3n y almacenamiento"}, "hash": "77986fff3eaeaa137f873dc8054980062bcee819b45e44913e6703493604cc7c", "class_name": "RelatedNodeInfo"}, "2": {"node_id": "8be4d993-846a-48a6-9352-7303d0b31e7e", "node_type": "1", "metadata": {"document_title": "HOJA DE DATOS DE SEGURIDAD", "metadata_product": "Mobil mining coolant.", "metadata_description": "", "metadata_recommended_use": "Anticongelante/enfriador", "metadata_section": "Secci\u00f3n 6: Medidas que se deben tomar en caso de derrame accidental"}, "hash": "3c106f4471e5d49584797c69942089471896cce27d7d05a2d90efd99ed3c6b94", "class_name": "RelatedNodeInfo"}, "3": {"node_id": "18dab540-cf2a-45ad-9d35-ea0818c2e031", "node_type": "1", "metadata": {"document_title": "HOJA DE DATOS DE SEGURIDAD", "metadata_product": "Mobil mining coolant.", "metadata_description": "", "metadata_recommended_use": "Anticongelante/enfriador", "metadata_section": "Secci\u00f3n 8: Controles de exposici\u00f3n/protecci\u00f3n personal"}, "hash": "0311863b9c8f8895812961120645399d618580b8217c9f41cdb56db6af4c0ab0", "class_name": "RelatedNodeInfo"}}, "hash": "77986fff3eaeaa137f873dc8054980062bcee819b45e44913e6703493604cc7c", "text": "Manipulaci\u00f3n; Precauciones para la manipulaci\u00f3n segura; Medidas operacionales y t\u00e9cnicas; Otras precauciones; Prevenci\u00f3n del contacto; Almacenamiento; Condiciones para el almacenamiento seguro; Medidas t\u00e9cnicas; Sustancias y mezclas incompatibles; Material de envase y/o embalaje; Evitar contacto con ojos, piel y ropa. No inhalar neblinas o vapores. Manipular con elementos de protecci\u00f3n personal adecuados (ver secci\u00f3n 8) y solo en recintos bien ventilados. Mantener envases cerrados cuando no se usen.; El producto debe ser manipulado con los mismos cuidados que se toman para cualquier otro producto qu\u00edmico industrial. S\u00f3lo debe ser utilizado por personal competente para el manejo de sustancias qu\u00edmicas, el cual deber\u00e1 ser consciente de todos los peligros relacionados con el mismo. Est\u00e1 prohibido comer, beber o fumar en los lugares donde se manipula, almacena o trata este producto. Las personas que trabajen con el producto deber\u00e1n lavarse las manos y la cara antes de comer, beber o fumar. Quitar la ropa contaminada y el equipo de protecci\u00f3n antes de entrar a las \u00e1reas de comer.; En caso de generarse vapores, puede ser necesario utilizar una ventilaci\u00f3n mec\u00e1nica.; Evitar el contacto con materiales incompatibles.; Almacenar en un lugar seguro, fresco, seco, alejado del calor y que posea buena ventilaci\u00f3n, lejos de fuentes de calor e ignici\u00f3n.; Almacenar en instalaciones que cuenten con ventilaci\u00f3n, piso liso no absorbente, kit de derrames y elementos para primeros auxilios (ejemplo: lavaojos fijo o port\u00e1til). Almacenar en envases herm\u00e9ticamente cerrados y rotulados.; Incompatible con oxidantes fuertes y \u00e1cidos fuertes.; Material recomendado: Envases originales. Material no recomendado: No disponible.", "start_char_idx": null, "end_char_idx": null, "text_template": "{metadata_str}\n\n{content}", "metadata_template": "{key}: {value}", "metadata_seperator": "\n", "class_name": "TextNode"}, "__type__": "1"}, "18dab540-cf2a-45ad-9d35-ea0818c2e031": {"__data__": {"id_": "18dab540-cf2a-45ad-9d35-ea0818c2e031", "embedding": null, "metadata": {"document_title": "HOJA DE DATOS DE SEGURIDAD", "metadata_product": "Mobil mining coolant.", "metadata_description": "", "metadata_recommended_use": "Anticongelante/enfriador", "metadata_section": "Secci\u00f3n 8: Controles de exposici\u00f3n/protecci\u00f3n personal"}, "excluded_embed_metadata_keys": [], "excluded_llm_metadata_keys": [], "relationships": {"1": {"node_id": "ad579406-3191-43f7-8338-d3e3f4405d7a", "node_type": "4", "metadata": {"document_title": "HOJA DE DATOS DE SEGURIDAD", "metadata_product": "Mobil mining coolant.", "metadata_description": "", "metadata_recommended_use": "Anticongelante/enfriador", "metadata_section": "Secci\u00f3n 8: Controles de exposici\u00f3n/protecci\u00f3n personal"}, "hash": "0311863b9c8f8895812961120645399d618580b8217c9f41cdb56db6af4c0ab0", "class_name": "RelatedNodeInfo"}, "2": {"node_id": "b242e1a5-d7ee-4225-bc46-b099e08d02fc", "node_type": "1", "metadata": {"document_title": "HOJA DE DATOS DE SEGURIDAD", "metadata_product": "Mobil mining coolant.", "metadata_description": "", "metadata_recommended_use": "Anticongelante/enfriador", "metadata_section": "Secci\u00f3n 7: Manipulaci\u00f3n y almacenamiento"}, "hash": "77986fff3eaeaa137f873dc8054980062bcee819b45e44913e6703493604cc7c", "class_name": "RelatedNodeInfo"}, "3": {"node_id": "80187665-0579-4791-9e90-527cf71cd830", "node_type": "1", "metadata": {"document_title": "HOJA DE DATOS DE SEGURIDAD", "metadata_product": "Mobil mining coolant.", "metadata_description": "", "metadata_recommended_use": "Anticongelante/enfriador", "metadata_section": "Secci\u00f3n 9: Propiedades f\u00edsicas y qu\u00edmicas"}, "hash": "abb341576eb2052d7eea1e8f1f280a99062724fb6c5fa3f26fac07c801b62862", "class_name": "RelatedNodeInfo"}}, "hash": "0311863b9c8f8895812961120645399d618580b8217c9f41cdb56db6af4c0ab0", "text": "Componentes; Valores l\u00edmites (normativa nacional DS 594); Valor LPP; Valor LPT; Valor LPA\nDietilenglicol; No establecido; No establecido; No establecido; 100 mg/m\u00b3 (aerosol)\nEtilenglicol; No establecido; No establecido; No establecido\nComponentes; Valores l\u00edmites (normativa internacional)\nDietilenglicol; ACGIH (TWA); NIOSH (TWA); OSHA (TWA);: No establecido.;: No establecido.;: No establecido.\nEtilenglicol; ACGIH (TWA); NIOSH (TWA); OSHA (TWA);: 25 ppm.;: No establecido.;: No establecido.\nElementos de protecci\u00f3n personal apropiados\nProtecci\u00f3n respiratoria; : Generalmente no se requiere protecci\u00f3n bajo condiciones normales de uso y con ventilaci\u00f3n adecuada. Para altas concentraciones en el aire, utilizar un respirador con suministro de aire aprobado, operado en el modo de presi\u00f3n positiva.\nProtecci\u00f3n de las manos; : Se recomiendan guantes resistentes a productos qu\u00edmicos.\nProtecci\u00f3n de la vista; : Usar gafas de seguridad qu\u00edmicas antiparras.\nProtecci\u00f3n de la piel y el cuerpo; : Cuando sea posible har se la sustancia salpicar, usar ropas protectoras dependiendo de las operaciones que se vayan a realizar, las requisitos f\u00edsicos y las dem\u00e1s sustancias.\nMedidas de ingenier\u00eda para reducir la exposici\u00f3n; : Estabilizar los materiales de control y de mantenimiento para mantener los niveles en el aire bajo los l\u00edmites de exposici\u00f3n recomendados, sobre todo si la operaci\u00f3n genera vapores (ej. ventilaci\u00f3n natural/forzada). Es recomendable disponer de elementos para primeros auxilios (ejemplo: lavaojos fijo o port\u00e1til).", "start_char_idx": null, "end_char_idx": null, "text_template": "{metadata_str}\n\n{content}", "metadata_template": "{key}: {value}", "metadata_seperator": "\n", "class_name": "TextNode"}, "__type__": "1"}, "80187665-0579-4791-9e90-527cf71cd830": {"__data__": {"id_": "80187665-0579-4791-9e90-527cf71cd830", "embedding": null, "metadata": {"document_title": "HOJA DE DATOS DE SEGURIDAD", "metadata_product": "Mobil mining coolant.", "metadata_description": "", "metadata_recommended_use": "Anticongelante/enfriador", "metadata_section": "Secci\u00f3n 9: Propiedades f\u00edsicas y qu\u00edmicas"}, "excluded_embed_metadata_keys": [], "excluded_llm_metadata_keys": [], "relationships": {"1": {"node_id": "50fc9c23-20a6-4696-9567-4f125cef82ab", "node_type": "4", "metadata": {"document_title": "HOJA DE DATOS DE SEGURIDAD", "metadata_product": "Mobil mining coolant.", "metadata_description": "", "metadata_recommended_use": "Anticongelante/enfriador", "metadata_section": "Secci\u00f3n 9: Propiedades f\u00edsicas y qu\u00edmicas"}, "hash": "abb341576eb2052d7eea1e8f1f280a99062724fb6c5fa3f26fac07c801b62862", "class_name": "RelatedNodeInfo"}, "2": {"node_id": "18dab540-cf2a-45ad-9d35-ea0818c2e031", "node_type": "1", "metadata": {"document_title": "HOJA DE DATOS DE SEGURIDAD", "metadata_product": "Mobil mining coolant.", "metadata_description": "", "metadata_recommended_use": "Anticongelante/enfriador", "metadata_section": "Secci\u00f3n 8: Controles de exposici\u00f3n/protecci\u00f3n personal"}, "hash": "0311863b9c8f8895812961120645399d618580b8217c9f41cdb56db6af4c0ab0", "class_name": "RelatedNodeInfo"}, "3": {"node_id": "33cc888e-5d6a-4391-8937-453393f4bb89", "node_type": "1", "metadata": {"document_title": "HOJA DE DATOS DE SEGURIDAD", "metadata_product": "Mobil mining coolant.", "metadata_description": "", "metadata_recommended_use": "Anticongelante/enfriador", "metadata_section": "Secci\u00f3n 10: Estabilidad y reactividad"}, "hash": "2da641e13f284cc152d28f5951b7fa7274e92dff0bf00094bae529110172eb77", "class_name": "RelatedNodeInfo"}}, "hash": "abb341576eb2052d7eea1e8f1f280a99062724fb6c5fa3f26fac07c801b62862", "text": "Estado f\u00edsico : L\u00edquido. \nApariencia : L\u00edquido rosa. \nColor : Rosa.\nOlor : Caracter\u00edstico.\npH (concentraci\u00f3n y t\u00b0) : 6. \nPunto de fusi\u00f3n/Punto de \ncongelaci\u00f3n : -18\u00b0C, (0\u00b0F). \nPunto inicial de ebullici\u00f3n e intervalo de ebullici\u00f3n y rango de nebullici\u00f3n: 171\u00b0C (223\u00b0F) - 175\u00b0C (226\u00b0F). \nPunto de inflamaci\u00f3n : 119\u00b0C (246\u00b0F) [Copa cerrada Setaflash]. \nL\u00edmites de explosividad o inflamabilidad : UEL: 15,3. LEL:3,2. \nPresi\u00f3n de vapor : < 0,013 kPa (0,1 mm Hg) a 20\u00b0C. \nDensidad relativa del vapor (aire= 1) : 2,1 a 101 kPa [n-butil acetato]. \nDensidad relativa (agua= 1) : 1,115 (15\u00b0C). \nSolubilidad : Soluble. \nCoeficiente de partici\u00f3n octanol/ agua: Log pow: <2 \nTemperatura de auto-ignici\u00f3n: >371\u00b0C (700\u00b0F). \nTemperatura de descomposici\u00f3n : No disponible. \nUmbral olfativo : No disponible. \nTasa de evaporaci\u00f3n : No disponible. \nInflamabilidad (s\u00f3lido, gas) : No aplica. \nViscosidad : <15,6 cSt (15,6 mm2/seg) a 40\u00b0C", "start_char_idx": null, "end_char_idx": null, "text_template": "{metadata_str}\n\n{content}", "metadata_template": "{key}: {value}", "metadata_seperator": "\n", "class_name": "TextNode"}, "__type__": "1"}, "33cc888e-5d6a-4391-8937-453393f4bb89": {"__data__": {"id_": "33cc888e-5d6a-4391-8937-453393f4bb89", "embedding": null, "metadata": {"document_title": "HOJA DE DATOS DE SEGURIDAD", "metadata_product": "Mobil mining coolant.", "metadata_description": "", "metadata_recommended_use": "Anticongelante/enfriador", "metadata_section": "Secci\u00f3n 10: Estabilidad y reactividad"}, "excluded_embed_metadata_keys": [], "excluded_llm_metadata_keys": [], "relationships": {"1": {"node_id": "c470a4f4-2bcf-454d-9900-80db7d9b3c16", "node_type": "4", "metadata": {"document_title": "HOJA DE DATOS DE SEGURIDAD", "metadata_product": "Mobil mining coolant.", "metadata_description": "", "metadata_recommended_use": "Anticongelante/enfriador", "metadata_section": "Secci\u00f3n 10: Estabilidad y reactividad"}, "hash": "2da641e13f284cc152d28f5951b7fa7274e92dff0bf00094bae529110172eb77", "class_name": "RelatedNodeInfo"}, "2": {"node_id": "80187665-0579-4791-9e90-527cf71cd830", "node_type": "1", "metadata": {"document_title": "HOJA DE DATOS DE SEGURIDAD", "metadata_product": "Mobil mining coolant.", "metadata_description": "", "metadata_recommended_use": "Anticongelante/enfriador", "metadata_section": "Secci\u00f3n 9: Propiedades f\u00edsicas y qu\u00edmicas"}, "hash": "abb341576eb2052d7eea1e8f1f280a99062724fb6c5fa3f26fac07c801b62862", "class_name": "RelatedNodeInfo"}, "3": {"node_id": "4ee328ed-0470-4baa-a34a-3d7a60fb853d", "node_type": "1", "metadata": {"document_title": "HOJA DE DATOS DE SEGURIDAD", "metadata_product": "Mobil mining coolant.", "metadata_description": "", "metadata_recommended_use": "Anticongelante/enfriador", "metadata_section": "Seccion 11: Informaci\u00f3n toxicol\u00f3gica"}, "hash": "424c5eefe1126ea5848c154758cd45c699394c00b497e52a41b3f5afea698e31", "class_name": "RelatedNodeInfo"}}, "hash": "2da641e13f284cc152d28f5951b7fa7274e92dff0bf00094bae529110172eb77", "text": "Estabilidad qu\u00edmica;El producto es estable en condiciones normales de almacenamiento, presi\u00f3n y temperatura.\nReacciones peligrosas;No se esperan reacciones peligrosas.\nCondiciones que se deben evitar;Evitar fuentes de ignici\u00f3n de alta energ\u00eda.\nMateriales incompatibles;Incompatible con oxidantes fuertes y \u00e1cidos fuertes.\nProductos de descomposici\u00f3n peligrosos;Se pueden generar productos de la combusti\u00f3n tales como di\u00f3xido de carbono (CO2) y mon\u00f3xido de carbono (CO), aldeh\u00eddos, humo.", "start_char_idx": null, "end_char_idx": null, "text_template": "{metadata_str}\n\n{content}", "metadata_template": "{key}: {value}", "metadata_seperator": "\n", "class_name": "TextNode"}, "__type__": "1"}, "4ee328ed-0470-4baa-a34a-3d7a60fb853d": {"__data__": {"id_": "4ee328ed-0470-4baa-a34a-3d7a60fb853d", "embedding": null, "metadata": {"document_title": "HOJA DE DATOS DE SEGURIDAD", "metadata_product": "Mobil mining coolant.", "metadata_description": "", "metadata_recommended_use": "Anticongelante/enfriador", "metadata_section": "Seccion 11: Informaci\u00f3n toxicol\u00f3gica"}, "excluded_embed_metadata_keys": [], "excluded_llm_metadata_keys": [], "relationships": {"1": {"node_id": "6ba17204-7547-4e7f-bd82-1ccd46a682af", "node_type": "4", "metadata": {"document_title": "HOJA DE DATOS DE SEGURIDAD", "metadata_product": "Mobil mining coolant.", "metadata_description": "", "metadata_recommended_use": "Anticongelante/enfriador", "metadata_section": "Seccion 11: Informaci\u00f3n toxicol\u00f3gica"}, "hash": "d4e85c1b12cceca2dcf5b00ae4fdda5221ed8eaeeda6031d97a75e7aca23cff4", "class_name": "RelatedNodeInfo"}, "2": {"node_id": "33cc888e-5d6a-4391-8937-453393f4bb89", "node_type": "1", "metadata": {"document_title": "HOJA DE DATOS DE SEGURIDAD", "metadata_product": "Mobil mining coolant.", "metadata_description": "", "metadata_recommended_use": "Anticongelante/enfriador", "metadata_section": "Secci\u00f3n 10: Estabilidad y reactividad"}, "hash": "2da641e13f284cc152d28f5951b7fa7274e92dff0bf00094bae529110172eb77", "class_name": "RelatedNodeInfo"}, "3": {"node_id": "b244d0f8-8a0b-48b6-8695-b1c3dbb54054", "node_type": "1", "metadata": {"document_title": "HOJA DE DATOS DE SEGURIDAD", "metadata_product": "Mobil mining coolant.", "metadata_description": "", "metadata_recommended_use": "Anticongelante/enfriador", "metadata_section": "Seccion 11: Informaci\u00f3n toxicol\u00f3gica"}, "hash": "1d1e9c60456dfbf1a03bd6b08bc6ae5baf80a33f018b54f439a9e8bd1ea620ba", "class_name": "RelatedNodeInfo"}}, "hash": "424c5eefe1126ea5848c154758cd45c699394c00b497e52a41b3f5afea698e31", "text": "Toxicidad aguda (DL50 y CL50);Datos toxicol\u00f3gicos:\nProducto;ETA Oral;ETA Dermal;CL50 Inhalaci\u00f3n\nMobil mining coolant;5140 mg/kg;11308 mg/kg;No disponible\nComponentes;DL50 Oral;DL50 Dermal;CL50 Inhalaci\u00f3n\nDietilenglicol;16500 mg/kg (Rata);13300 mg/kg (Conejo);No disponible.\nEtilenglicol;4700 mg/Kg (Rata);10626 mg/kg (Conejo);No disponible.\nIrritaci\u00f3n/corrosi\u00f3n cut\u00e1nea;El producto no es clasificado como irritante o corrosivo cut\u00e1neo, seg\u00fan criterios del GHS.\nLesiones oculares graves/irritaci\u00f3n ocular;El producto no es clasificado como causante de lesiones oculares graves o irritante ocular, seg\u00fan criterios del GHS.\nSensibilizaci\u00f3n respiratoria o cut\u00e1nea;El producto no es clasificado como sensibilizante respiratorio o cut\u00e1neo, seg\u00fan criterios del GHS.\nMutagenicidad de c\u00e9lulas reproductoras in vitro;El producto no es clasificado como mutag\u00e9nico, seg\u00fan criterios del GHS.\nCarcinogenicidad;El producto no es clasificado como cancer\u00edgeno, seg\u00fan criterios del GHS y el Listado de sustancias cancer\u00edgenas (IARC,2019).\nToxicidad reproductiva;El producto no es clasificado como t\u00f3xico reproductivo, seg\u00fan criterios del GHS.\nToxicidad espec\u00edfica en \u00f3rganos particulares-exposici\u00f3n \u00fanica;El producto no es clasificado como t\u00f3xico espec\u00edfico en \u00f3rganos particulares (exposici\u00f3n \u00fanica), seg\u00fan criterios del GHS.\nToxicidad espec\u00edfica en \u00f3rganos particulares-exposiciones repetidas;El producto es clasificado como t\u00f3xico espec\u00edfico en \u00f3rganos particulares (exposici\u00f3n repetida);", "start_char_idx": null, "end_char_idx": null, "text_template": "{metadata_str}\n\n{content}", "metadata_template": "{key}: {value}", "metadata_seperator": "\n", "class_name": "TextNode"}, "__type__": "1"}, "b244d0f8-8a0b-48b6-8695-b1c3dbb54054": {"__data__": {"id_": "b244d0f8-8a0b-48b6-8695-b1c3dbb54054", "embedding": null, "metadata": {"document_title": "HOJA DE DATOS DE SEGURIDAD", "metadata_product": "Mobil mining coolant.", "metadata_description": "", "metadata_recommended_use": "Anticongelante/enfriador", "metadata_section": "Seccion 11: Informaci\u00f3n toxicol\u00f3gica"}, "excluded_embed_metadata_keys": [], "excluded_llm_metadata_keys": [], "relationships": {"1": {"node_id": "b186ef67-3ab2-4abb-a0a8-1c9a439e184a", "node_type": "4", "metadata": {"document_title": "HOJA DE DATOS DE SEGURIDAD", "metadata_product": "Mobil mining coolant.", "metadata_description": "", "metadata_recommended_use": "Anticongelante/enfriador", "metadata_section": "Seccion 11: Informaci\u00f3n toxicol\u00f3gica"}, "hash": "1d1e9c60456dfbf1a03bd6b08bc6ae5baf80a33f018b54f439a9e8bd1ea620ba", "class_name": "RelatedNodeInfo"}, "2": {"node_id": "4ee328ed-0470-4baa-a34a-3d7a60fb853d", "node_type": "1", "metadata": {"document_title": "HOJA DE DATOS DE SEGURIDAD", "metadata_product": "Mobil mining coolant.", "metadata_description": "", "metadata_recommended_use": "Anticongelante/enfriador", "metadata_section": "Seccion 11: Informaci\u00f3n toxicol\u00f3gica"}, "hash": "424c5eefe1126ea5848c154758cd45c699394c00b497e52a41b3f5afea698e31", "class_name": "RelatedNodeInfo"}, "3": {"node_id": "74441712-2b26-4c89-b606-0eff8e143963", "node_type": "1", "metadata": {"document_title": "HOJA DE DATOS DE SEGURIDAD", "metadata_product": "Mobil mining coolant.", "metadata_description": "", "metadata_recommended_use": "Anticongelante/enfriador", "metadata_section": "Seccion 12: Informaci\u00f3n ecol\u00f3gica"}, "hash": "1a42ebff725f817577256fc774cde4183785cef39a00422ea7b13e45865badb8", "class_name": "RelatedNodeInfo"}}, "hash": "1d1e9c60456dfbf1a03bd6b08bc6ae5baf80a33f018b54f439a9e8bd1ea620ba", "text": "provoca da\u00f1os en el ri\u00f1\u00f3n por v\u00eda oral (Categor\u00eda 2, H373), seg\u00fan criterios del GHS.\nPeligro de inhalaci\u00f3n;El producto no es clasificado como peligro de aspiraci\u00f3n, seg\u00fan criterios del GHS.\nToxicocin\u00e9tica;No disponible.\nMetabolismo;No disponible.\nDistribuci\u00f3n;No disponible.\nPatogenicidad e infecciosidad aguda (oral, d\u00e9rmica e inhalatoria);No aplica.\nDisrupci\u00f3n endocrina;No disponible.\nNeurotoxicidad;No disponible.\nInmunotoxicidad;No disponible.\nS\u00edntomas relacionados;No disponible.\nL\u00edmite inmediatamente peligroso para la vida y la salud (IDLH);No establecido.\nV\u00edas de exposici\u00f3n;\nInhalaci\u00f3n;La exposici\u00f3n prolongada a elevadas concentraciones de vapor o l\u00edquido puede causar irritaci\u00f3n en el tracto respiratorio.\nContacto con la piel;Puede causar irritaci\u00f3n leve en la piel. La inyecci\u00f3n a alta presi\u00f3n bajo la piel puede causar da\u00f1os graves.\nContacto con los ojos;Puede causar molestia ligera de poca duraci\u00f3n a los ojos. La exposici\u00f3n prolongada a elevadas concentraciones de vapor o l\u00edquido puede causar irritaci\u00f3n en los ojos.\nIngesti\u00f3n;La ingesti\u00f3n puede causar efectos adversos graves y puede ser fatal. Puede causar insuficiencia renal y efectos sobre el sistema nervioso central. La elevada exposici\u00f3n oral repetida de etilenoglicol ha causado da\u00f1o a los ri\u00f1ones, efectos neurol\u00f3gicos, degeneraci\u00f3n del h\u00edgado y cambios en la qu\u00edmica sangu\u00ednea y en las c\u00e9lulas de la sangre en circulaci\u00f3n en animales de laboratorio.", "start_char_idx": null, "end_char_idx": null, "text_template": "{metadata_str}\n\n{content}", "metadata_template": "{key}: {value}", "metadata_seperator": "\n", "class_name": "TextNode"}, "__type__": "1"}, "74441712-2b26-4c89-b606-0eff8e143963": {"__data__": {"id_": "74441712-2b26-4c89-b606-0eff8e143963", "embedding": null, "metadata": {"document_title": "HOJA DE DATOS DE SEGURIDAD", "metadata_product": "Mobil mining coolant.", "metadata_description": "", "metadata_recommended_use": "Anticongelante/enfriador", "metadata_section": "Seccion 12: Informaci\u00f3n ecol\u00f3gica"}, "excluded_embed_metadata_keys": [], "excluded_llm_metadata_keys": [], "relationships": {"1": {"node_id": "06ea13dc-86e6-435b-8063-6ccdd81211c5", "node_type": "4", "metadata": {"document_title": "HOJA DE DATOS DE SEGURIDAD", "metadata_product": "Mobil mining coolant.", "metadata_description": "", "metadata_recommended_use": "Anticongelante/enfriador", "metadata_section": "Seccion 12: Informaci\u00f3n ecol\u00f3gica"}, "hash": "1a42ebff725f817577256fc774cde4183785cef39a00422ea7b13e45865badb8", "class_name": "RelatedNodeInfo"}, "2": {"node_id": "b244d0f8-8a0b-48b6-8695-b1c3dbb54054", "node_type": "1", "metadata": {"document_title": "HOJA DE DATOS DE SEGURIDAD", "metadata_product": "Mobil mining coolant.", "metadata_description": "", "metadata_recommended_use": "Anticongelante/enfriador", "metadata_section": "Seccion 11: Informaci\u00f3n toxicol\u00f3gica"}, "hash": "1d1e9c60456dfbf1a03bd6b08bc6ae5baf80a33f018b54f439a9e8bd1ea620ba", "class_name": "RelatedNodeInfo"}, "3": {"node_id": "6ae26327-b656-400e-82f2-9b22d5071924", "node_type": "1", "metadata": {"document_title": "HOJA DE DATOS DE SEGURIDAD", "metadata_product": "Mobil mining coolant.", "metadata_description": "", "metadata_recommended_use": "Anticongelante/enfriador", "metadata_section": "Secci\u00f3n 13: Informaci\u00f3n sobre la disposici\u00f3n final"}, "hash": "8216c1a6b673a6f15f537ae838355282f4bd931556952ccfa2c25340cdcf2dc1", "class_name": "RelatedNodeInfo"}}, "hash": "1a42ebff725f817577256fc774cde4183785cef39a00422ea7b13e45865badb8", "text": "Ecotoxicidad (EC, IC y LC); Ecotoxicidad aguda;Dietilenglicol. Peces, Pimephales promelas, CL50: 75200 mg/L (96 h). Invertebrados, Daphnia magna, CE50: >100 000 mg/L (24 h). Ecotoxicidad cr\u00f3nica;Dietilenglicol. Peces, Pimephales promelas, NOEC: 15380 mg/L (7 d\u00edas). Invertebrados, Ceriodaphnia dubia, NOEC: 8590 mg/L (7 d\u00edas). Ecotoxicidad aguda;Etilenglicol. Peces, Pimephales promelas, CL50: 72860 mg/L (96 h). Invertebrados, Daphnia magna, CE50: >100 000 mg/L (48 h). Ecotoxicidad cr\u00f3nica;Etilenglicol. Peces, Menidia peninsulae, CL50: >1500 mg/L (28 d\u00edas). Persistencia y degradabilidad;Se espera que sea f\u00e1cilmente biodegradable Potencial de bioacumulaci\u00f3n;No es de esperar bioacumulaci\u00f3n (Log pow<-2). Movilidad en el suelo;Se espera que se mezcla en el agua o que migra a trav\u00e9s del suelo. Otros efectos adversos;De acuerdo a los ensayos ecotoxicol\u00f3gicos, el producto no es clasificado como peligroso para el medio ambiente acu\u00e1tico, seg\u00fan criterios del GHS.", "start_char_idx": null, "end_char_idx": null, "text_template": "{metadata_str}\n\n{content}", "metadata_template": "{key}: {value}", "metadata_seperator": "\n", "class_name": "TextNode"}, "__type__": "1"}, "6ae26327-b656-400e-82f2-9b22d5071924": {"__data__": {"id_": "6ae26327-b656-400e-82f2-9b22d5071924", "embedding": null, "metadata": {"document_title": "HOJA DE DATOS DE SEGURIDAD", "metadata_product": "Mobil mining coolant.", "metadata_description": "", "metadata_recommended_use": "Anticongelante/enfriador", "metadata_section": "Secci\u00f3n 13: Informaci\u00f3n sobre la disposici\u00f3n final"}, "excluded_embed_metadata_keys": [], "excluded_llm_metadata_keys": [], "relationships": {"1": {"node_id": "408d03f5-a9b2-4de5-a9e1-2b48b27e99e6", "node_type": "4", "metadata": {"document_title": "HOJA DE DATOS DE SEGURIDAD", "metadata_product": "Mobil mining coolant.", "metadata_description": "", "metadata_recommended_use": "Anticongelante/enfriador", "metadata_section": "Secci\u00f3n 13: Informaci\u00f3n sobre la disposici\u00f3n final"}, "hash": "8216c1a6b673a6f15f537ae838355282f4bd931556952ccfa2c25340cdcf2dc1", "class_name": "RelatedNodeInfo"}, "2": {"node_id": "74441712-2b26-4c89-b606-0eff8e143963", "node_type": "1", "metadata": {"document_title": "HOJA DE DATOS DE SEGURIDAD", "metadata_product": "Mobil mining coolant.", "metadata_description": "", "metadata_recommended_use": "Anticongelante/enfriador", "metadata_section": "Seccion 12: Informaci\u00f3n ecol\u00f3gica"}, "hash": "1a42ebff725f817577256fc774cde4183785cef39a00422ea7b13e45865badb8", "class_name": "RelatedNodeInfo"}, "3": {"node_id": "069950f7-7636-4b15-8f99-5d046816760d", "node_type": "1", "metadata": {"document_title": "HOJA DE DATOS DE SEGURIDAD", "metadata_product": "Mobil mining coolant.", "metadata_description": "", "metadata_recommended_use": "Anticongelante/enfriador", "metadata_section": "Seccion 14: Informaci\u00f3n sobre el transporte"}, "hash": "31c0420ba6299076383dfcf7b0fdeb419a5bc3a8ef3d938638ea8c45c16174af", "class_name": "RelatedNodeInfo"}}, "hash": "8216c1a6b673a6f15f537ae838355282f4bd931556952ccfa2c25340cdcf2dc1", "text": "M\u00e9todos de disposici\u00f3n final para residuos, envases y embalajes contaminados y cualquier material contaminado, de acuerdo a la normativa nacional vigente. La sustancia/residuo no se encuentra especificada como residuo \u201cpeligroso\u201d en el DS 148 Reglamento sanitario sobre manejo de residuos peligrosos, (Art\u00edculos 18,88,9 y 90). Es responsabilidad del generador del residuo identificar su nivel de peligrosidad, manipularlo y eliminarlo adecuadamente cumpliendo con la legislaci\u00f3n nacional vigente.", "start_char_idx": null, "end_char_idx": null, "text_template": "{metadata_str}\n\n{content}", "metadata_template": "{key}: {value}", "metadata_seperator": "\n", "class_name": "TextNode"}, "__type__": "1"}, "069950f7-7636-4b15-8f99-5d046816760d": {"__data__": {"id_": "069950f7-7636-4b15-8f99-5d046816760d", "embedding": null, "metadata": {"document_title": "HOJA DE DATOS DE SEGURIDAD", "metadata_product": "Mobil mining coolant.", "metadata_description": "", "metadata_recommended_use": "Anticongelante/enfriador", "metadata_section": "Seccion 14: Informaci\u00f3n sobre el transporte"}, "excluded_embed_metadata_keys": [], "excluded_llm_metadata_keys": [], "relationships": {"1": {"node_id": "b2fa1d43-8610-4d46-85db-44067e2717d2", "node_type": "4", "metadata": {"document_title": "HOJA DE DATOS DE SEGURIDAD", "metadata_product": "Mobil mining coolant.", "metadata_description": "", "metadata_recommended_use": "Anticongelante/enfriador", "metadata_section": "Seccion 14: Informaci\u00f3n sobre el transporte"}, "hash": "31c0420ba6299076383dfcf7b0fdeb419a5bc3a8ef3d938638ea8c45c16174af", "class_name": "RelatedNodeInfo"}, "2": {"node_id": "6ae26327-b656-400e-82f2-9b22d5071924", "node_type": "1", "metadata": {"document_title": "HOJA DE DATOS DE SEGURIDAD", "metadata_product": "Mobil mining coolant.", "metadata_description": "", "metadata_recommended_use": "Anticongelante/enfriador", "metadata_section": "Secci\u00f3n 13: Informaci\u00f3n sobre la disposici\u00f3n final"}, "hash": "8216c1a6b673a6f15f537ae838355282f4bd931556952ccfa2c25340cdcf2dc1", "class_name": "RelatedNodeInfo"}, "3": {"node_id": "919a14b5-bdf1-40c6-8173-229ab47b198b", "node_type": "1", "metadata": {"document_title": "HOJA DE DATOS DE SEGURIDAD", "metadata_product": "Mobil mining coolant.", "metadata_description": "", "metadata_recommended_use": "Anticongelante/enfriador", "metadata_section": "Seccion 15: Informaci\u00f3n reglamentaria"}, "hash": "ed8830a0964bab6f00867d3d67ac3af7920701f96f03b44d078dbffa0a49beef", "class_name": "RelatedNodeInfo"}}, "hash": "31c0420ba6299076383dfcf7b0fdeb419a5bc3a8ef3d938638ea8c45c16174af", "text": "Modalidad de transporte\nTerrestre;Mar\u00edtimo;A\u00e9rea\nRegulaciones;DS 298;IMDG;IATA\nN\u00famero NU;No aplica;No aplica;No aplica\nDesignaci\u00f3n oficial de transporte;Sustancia no peligrosa;Sustancia no peligrosa;Sustancia no peligrosa\nClasificaci\u00f3n de peligro primario NU;No aplica;No aplica;No aplica\nClasificaci\u00f3n de peligro secundario NU;No aplica;No aplica;No aplica\nGrupo de embalaje/envase;No aplica;No aplica;No aplica\nPeligro Ambientales;Ver secci\u00f3n 12;Ver secci\u00f3n 12, El producto no es considerado contaminante Marino;Ver secci\u00f3n 12\nPrecauciones especiales;Ninguno;Ninguno;Ninguno\nTransporte a granel con arreglo al anexo II del convenio Marpol 73/78 y el c\u00f3digo IBC;El producto no se encuentra listado en el anexo II del convenio Marpol 73/78 y el c\u00f3digo IBC. Si embargo, un componente se encuentra listado como:\nEtilenglicol.\nCategor\u00eda de contaminaci\u00f3n: Y.\nTipo de buque: 3", "start_char_idx": null, "end_char_idx": null, "text_template": "{metadata_str}\n\n{content}", "metadata_template": "{key}: {value}", "metadata_seperator": "\n", "class_name": "TextNode"}, "__type__": "1"}, "919a14b5-bdf1-40c6-8173-229ab47b198b": {"__data__": {"id_": "919a14b5-bdf1-40c6-8173-229ab47b198b", "embedding": null, "metadata": {"document_title": "HOJA DE DATOS DE SEGURIDAD", "metadata_product": "Mobil mining coolant.", "metadata_description": "", "metadata_recommended_use": "Anticongelante/enfriador", "metadata_section": "Seccion 15: Informaci\u00f3n reglamentaria"}, "excluded_embed_metadata_keys": [], "excluded_llm_metadata_keys": [], "relationships": {"1": {"node_id": "a257665c-7838-4497-9075-f1f4622ca4d6", "node_type": "4", "metadata": {"document_title": "HOJA DE DATOS DE SEGURIDAD", "metadata_product": "Mobil mining coolant.", "metadata_description": "", "metadata_recommended_use": "Anticongelante/enfriador", "metadata_section": "Seccion 15: Informaci\u00f3n reglamentaria"}, "hash": "ed8830a0964bab6f00867d3d67ac3af7920701f96f03b44d078dbffa0a49beef", "class_name": "RelatedNodeInfo"}, "2": {"node_id": "069950f7-7636-4b15-8f99-5d046816760d", "node_type": "1", "metadata": {"document_title": "HOJA DE DATOS DE SEGURIDAD", "metadata_product": "Mobil mining coolant.", "metadata_description": "", "metadata_recommended_use": "Anticongelante/enfriador", "metadata_section": "Seccion 14: Informaci\u00f3n sobre el transporte"}, "hash": "31c0420ba6299076383dfcf7b0fdeb419a5bc3a8ef3d938638ea8c45c16174af", "class_name": "RelatedNodeInfo"}, "3": {"node_id": "3b959dd1-8f05-4896-ba93-82b9c491a5bf", "node_type": "1", "metadata": {"document_title": "HOJA DE DATOS DE SEGURIDAD", "metadata_product": "Mobil mining coolant.", "metadata_description": "", "metadata_recommended_use": "Anticongelante/enfriador", "metadata_section": "Seccion 16: Otras informaciones"}, "hash": "a98d9913b6d847e660c298001599bf067fa229e08435f6b6fb3941ffab2c49a0", "class_name": "RelatedNodeInfo"}}, "hash": "ed8830a0964bab6f00867d3d67ac3af7920701f96f03b44d078dbffa0a49beef", "text": "Regulaciones nacionales;NCh2245 Vigente. Hoja de datos de seguridad para producto qu\u00edmicos-Contenido y orden de las secciones.\nNCh1411/4 Vigente. Prevenci\u00f3n de riesgos \u2013 Parte 4: identificaci\u00f3n de riesgos de materiales.\nDS N\u00b040 Vigente. Reglamento sobre prevenci\u00f3n de riesgos profesionales.\nDS N\u00b0594 Vigente. Reglamento sobre condiciones sanitarias y ambientales b\u00e1sicas en los lugares de trabajo.;Regulaciones internacionales;NFPA 704, 2017. Sistema normativa para la identificaci\u00f3n de los riesgos de materiales para respuesta a emergencias.\nUSA: Sustancias no listado como sustancia peligrosa (DOT)\nOSHA. Occupational Safety and Health Administration.\nNIOSH. The National Institute for Occupational Safety and Health.\nACGIH. American Conference of Governmental Industrial Hygienist\nGHS. Sistema Globalmente Armonizado de Clasificaci\u00f3n y Etiquetado de Productos Qu\u00edmicos.\nREACH. Reglamento (EC) N\u00b01907/2006 del Parlamento europeo y del consejo relativo al registro, la evaluaci\u00f3n, la autorizaci\u00f3n y la restricci\u00f3n de las sustancias y preparados qu\u00edmicos.\nCLP. Reglamento (EC) 1272/2008 del Parlamento europeo y del consejo sobre clasificaci\u00f3n, etiquetado y envasado de sustancias y mezclas.\nANEXO V DEL CONVENIO MARPOL 73/78. Convenio internacional para prevenir la contaminaci\u00f3n por los buques.\nC\u00d3DIGO IMSBC. C\u00f3digo Mar\u00edtimo Internacional para cargas s\u00f3lidas a granel.\nC\u00d3DIGO IMDG. International Maritime Dangerous Goods.\nC\u00d3DIGO IATA. International Air Transport Association.\nEl receptor deber\u00eda verificar la posible existencia de regulaciones locales aplicables al producto qu\u00edmico.", "start_char_idx": null, "end_char_idx": null, "text_template": "{metadata_str}\n\n{content}", "metadata_template": "{key}: {value}", "metadata_seperator": "\n", "class_name": "TextNode"}, "__type__": "1"}, "3b959dd1-8f05-4896-ba93-82b9c491a5bf": {"__data__": {"id_": "3b959dd1-8f05-4896-ba93-82b9c491a5bf", "embedding": null, "metadata": {"document_title": "HOJA DE DATOS DE SEGURIDAD", "metadata_product": "Mobil mining coolant.", "metadata_description": "", "metadata_recommended_use": "Anticongelante/enfriador", "metadata_section": "Seccion 16: Otras informaciones"}, "excluded_embed_metadata_keys": [], "excluded_llm_metadata_keys": [], "relationships": {"1": {"node_id": "77639cd6-622c-41c1-b4c6-4a4b3dc74fc7", "node_type": "4", "metadata": {"document_title": "HOJA DE DATOS DE SEGURIDAD", "metadata_product": "Mobil mining coolant.", "metadata_description": "", "metadata_recommended_use": "Anticongelante/enfriador", "metadata_section": "Seccion 16: Otras informaciones"}, "hash": "a98d9913b6d847e660c298001599bf067fa229e08435f6b6fb3941ffab2c49a0", "class_name": "RelatedNodeInfo"}, "2": {"node_id": "919a14b5-bdf1-40c6-8173-229ab47b198b", "node_type": "1", "metadata": {"document_title": "HOJA DE DATOS DE SEGURIDAD", "metadata_product": "Mobil mining coolant.", "metadata_description": "", "metadata_recommended_use": "Anticongelante/enfriador", "metadata_section": "Seccion 15: Informaci\u00f3n reglamentaria"}, "hash": "ed8830a0964bab6f00867d3d67ac3af7920701f96f03b44d078dbffa0a49beef", "class_name": "RelatedNodeInfo"}}, "hash": "a98d9913b6d847e660c298001599bf067fa229e08435f6b6fb3941ffab2c49a0", "text": "Control de cambios del documento;Segunda versi\u00f3n.\nAbreviaturas y acr\u00f3nimos;\nCL50 : Concentraci\u00f3n Letal Media.\nDL50 : Dosis Letal Media.\nCE50 : Concentraci\u00f3n Efectiva Media.\nLog : Coeficiente de partici\u00f3n n-octano/agua.\nPow\nLL50 : Lethal loading rate for 50% of the test population.\nLPP : L\u00edmite permisible ponderado.\nLPT : L\u00edmite permisible temporal.\nTWA : Time Weighted Average\nIDLH : L\u00edmite inmediatamente peligroso para la vida y la salud.\nCAS : Chemical Abstracts Service.\nGHS : Sistema Globalmente Armonizado de Clasificaci\u00f3n y Etiquetado de Productos Qu\u00edmicos.\nIMDG : International Maritime Dangerous Goods.\nIATA : International Air Transport Association.\n\"Referencias bibliogr\u00e1ficas\";\"Visto por \u00faltima vez: junio-2019\"\n\"\";\"\u2022 http://www.osha.europa.eu/information-on-chemicals\"\n\"\";\"\u2022 https://www.osha.gov/dsg/annotated-pels/tablez-3.html\"\n\"Directrices\";\"La presente Hoja de Datos de Seguridad (HDS) es homologada, de acuerdo a los requisitos y formatos exigidos por la NCh2245: 2015. Esta se realiza a partir de la HDS original del producto (MOBIL MINING COOLANT - Compa\u00f1\u00eda de Petr\u00f3leos de Chile - COPEC S.A.), complementada con referencias t\u00e9cnicas validadas (Compa\u00f1\u00eda de Petr\u00f3leos de Chile - COPEC S.A.). Este documento entrega informaci\u00f3n b\u00e1sica, necesaria para prevenir riesgos o atender situaciones que puedan presentarse durante la exposici\u00f3n a este producto (Obligaci\u00f3n de informar - Decreto Supremo N\u00b040). La informaci\u00f3n contenida en la presente HDS es de uso p\u00fablico.\"\n\"Homologaci\u00f3n T\u00e9cnica en espa\u00f1ol de acuerdo a la NCh2245.Vigente\";\"Elaborado por: Cristina D\u00edaz V. Revisada por: Katherine Medina. Aprobada por: Mauricio Soto. Fecha de elaboraci\u00f3n: junio de 2019\"\n\"DOCU-P-RSE-640.05-03\";\"\"", "start_char_idx": null, "end_char_idx": null, "text_template": "{metadata_str}\n\n{content}", "metadata_template": "{key}: {value}", "metadata_seperator": "\n", "class_name": "TextNode"}, "__type__": "1"}}, "docstore/ref_doc_info": {"8576cd48-5ef2-4d34-9535-550336d939af": {"node_ids": ["d2566f99-9f94-4f59-abd3-d9f3192e732e"], "metadata": {"document_title": "HOJA DE DATOS DE SEGURIDAD", "metadata_product": "Mobil mining coolant.", "metadata_description": "", "metadata_recommended_use": "Anticongelante/enfriador", "metadata_section": "Seccion 1: Identificacion del producto quimico y de la empresa"}}, "0f3f18f3-60f0-48a1-af53-46ffcc4c3f51": {"node_ids": ["077e6f1b-2c0e-4815-a6e7-8b90b2bde260"], "metadata": {"document_title": "HOJA DE DATOS DE SEGURIDAD", "metadata_product": "Mobil mining coolant.", "metadata_description": "", "metadata_recommended_use": "Anticongelante/enfriador", "metadata_section": "Seccion 2: Identificacion de los peligros"}}, "a6218708-7d77-42a4-9108-8b9df2d90870": {"node_ids": ["1b837230-259d-4ee3-8c5f-e4ab53edc9f6"], "metadata": {"document_title": "HOJA DE DATOS DE SEGURIDAD", "metadata_product": "Mobil mining coolant.", "metadata_description": "", "metadata_recommended_use": "Anticongelante/enfriador", "metadata_section": "Seccion 3: Composici\u00f3n/informaci\u00f3n de los componentes"}}, "83098c54-e9f4-4e2a-a0dc-47899c61be08": {"node_ids": ["47a2f22e-b703-4444-898f-f148ca3fc398"], "metadata": {"document_title": "HOJA DE DATOS DE SEGURIDAD", "metadata_product": "Mobil mining coolant.", "metadata_description": "", "metadata_recommended_use": "Anticongelante/enfriador", "metadata_section": "Secci\u00f3n 4: Primeros auxilios"}}, "90c4bfa3-b170-4c78-858a-d9573cc384d2": {"node_ids": ["856d6d2a-6ee9-4495-a905-c1da5a0f9f99"], "metadata": {"document_title": "HOJA DE DATOS DE SEGURIDAD", "metadata_product": "Mobil mining coolant.", "metadata_description": "", "metadata_recommended_use": "Anticongelante/enfriador", "metadata_section": "Secci\u00f3n 4: Primeros auxilios"}}, "367eaab6-64ce-4546-af24-6c3ddfbfade8": {"node_ids": ["c3dc82eb-2f98-4861-9a3a-6642306c0267"], "metadata": {"document_title": "HOJA DE DATOS DE SEGURIDAD", "metadata_product": "Mobil mining coolant.", "metadata_description": "", "metadata_recommended_use": "Anticongelante/enfriador", "metadata_section": "Secci\u00f3n 5: Medidas para lucha contra incendios"}}, "27fe1c74-f4a0-4b8f-bb85-175fe1609642": {"node_ids": ["8be4d993-846a-48a6-9352-7303d0b31e7e"], "metadata": {"document_title": "HOJA DE DATOS DE SEGURIDAD", "metadata_product": "Mobil mining coolant.", "metadata_description": "", "metadata_recommended_use": "Anticongelante/enfriador", "metadata_section": "Secci\u00f3n 6: Medidas que se deben tomar en caso de derrame accidental"}}, "02580726-ac8c-48bb-9660-cb95e251ad8d": {"node_ids": ["b242e1a5-d7ee-4225-bc46-b099e08d02fc"], "metadata": {"document_title": "HOJA DE DATOS DE SEGURIDAD", "metadata_product": "Mobil mining coolant.", "metadata_description": "", "metadata_recommended_use": "Anticongelante/enfriador", "metadata_section": "Secci\u00f3n 7: Manipulaci\u00f3n y almacenamiento"}}, "ad579406-3191-43f7-8338-d3e3f4405d7a": {"node_ids": ["18dab540-cf2a-45ad-9d35-ea0818c2e031"], "metadata": {"document_title": "HOJA DE DATOS DE SEGURIDAD", "metadata_product": "Mobil mining coolant.", "metadata_description": "", "metadata_recommended_use": "Anticongelante/enfriador", "metadata_section": "Secci\u00f3n 8: Controles de exposici\u00f3n/protecci\u00f3n personal"}}, "50fc9c23-20a6-4696-9567-4f125cef82ab": {"node_ids": ["80187665-0579-4791-9e90-527cf71cd830"], "metadata": {"document_title": "HOJA DE DATOS DE SEGURIDAD", "metadata_product": "Mobil mining coolant.", "metadata_description": "", "metadata_recommended_use": "Anticongelante/enfriador", "metadata_section": "Secci\u00f3n 9: Propiedades f\u00edsicas y qu\u00edmicas"}}, "c470a4f4-2bcf-454d-9900-80db7d9b3c16": {"node_ids": ["33cc888e-5d6a-4391-8937-453393f4bb89"], "metadata": {"document_title": "HOJA DE DATOS DE SEGURIDAD", "metadata_product": "Mobil mining coolant.", "metadata_description": "", "metadata_recommended_use": "Anticongelante/enfriador", "metadata_section": "Secci\u00f3n 10: Estabilidad y reactividad"}}, "6ba17204-7547-4e7f-bd82-1ccd46a682af": {"node_ids": ["4ee328ed-0470-4baa-a34a-3d7a60fb853d"], "metadata": {"document_title": "HOJA DE DATOS DE SEGURIDAD", "metadata_product": "Mobil mining coolant.", "metadata_description": "", "metadata_recommended_use": "Anticongelante/enfriador", "metadata_section": "Seccion 11: Informaci\u00f3n toxicol\u00f3gica"}}, "b186ef67-3ab2-4abb-a0a8-1c9a439e184a": {"node_ids": ["b244d0f8-8a0b-48b6-8695-b1c3dbb54054"], "metadata": {"document_title": "HOJA DE DATOS DE SEGURIDAD", "metadata_product": "Mobil mining coolant.", "metadata_description": "", "metadata_recommended_use": "Anticongelante/enfriador", "metadata_section": "Seccion 11: Informaci\u00f3n toxicol\u00f3gica"}}, "06ea13dc-86e6-435b-8063-6ccdd81211c5": {"node_ids": ["74441712-2b26-4c89-b606-0eff8e143963"], "metadata": {"document_title": "HOJA DE DATOS DE SEGURIDAD", "metadata_product": "Mobil mining coolant.", "metadata_description": "", "metadata_recommended_use": "Anticongelante/enfriador", "metadata_section": "Seccion 12: Informaci\u00f3n ecol\u00f3gica"}}, "408d03f5-a9b2-4de5-a9e1-2b48b27e99e6": {"node_ids": ["6ae26327-b656-400e-82f2-9b22d5071924"], "metadata": {"document_title": "HOJA DE DATOS DE SEGURIDAD", "metadata_product": "Mobil mining coolant.", "metadata_description": "", "metadata_recommended_use": "Anticongelante/enfriador", "metadata_section": "Secci\u00f3n 13: Informaci\u00f3n sobre la disposici\u00f3n final"}}, "b2fa1d43-8610-4d46-85db-44067e2717d2": {"node_ids": ["069950f7-7636-4b15-8f99-5d046816760d"], "metadata": {"document_title": "HOJA DE DATOS DE SEGURIDAD", "metadata_product": "Mobil mining coolant.", "metadata_description": "", "metadata_recommended_use": "Anticongelante/enfriador", "metadata_section": "Seccion 14: Informaci\u00f3n sobre el transporte"}}, "a257665c-7838-4497-9075-f1f4622ca4d6": {"node_ids": ["919a14b5-bdf1-40c6-8173-229ab47b198b"], "metadata": {"document_title": "HOJA DE DATOS DE SEGURIDAD", "metadata_product": "Mobil mining coolant.", "metadata_description": "", "metadata_recommended_use": "Anticongelante/enfriador", "metadata_section": "Seccion 15: Informaci\u00f3n reglamentaria"}}, "77639cd6-622c-41c1-b4c6-4a4b3dc74fc7": {"node_ids": ["3b959dd1-8f05-4896-ba93-82b9c491a5bf"], "metadata": {"document_title": "HOJA DE DATOS DE SEGURIDAD", "metadata_product": "Mobil mining coolant.", "metadata_description": "", "metadata_recommended_use": "Anticongelante/enfriador", "metadata_section": "Seccion 16: Otras informaciones"}}}, "docstore/metadata": {"d2566f99-9f94-4f59-abd3-d9f3192e732e": {"doc_hash": "f8b8bf055ad995e8c66dcc45eafab2b2aa623a688a8f2ae030c115ee6e4a1f90", "ref_doc_id": "8576cd48-5ef2-4d34-9535-550336d939af"}, "077e6f1b-2c0e-4815-a6e7-8b90b2bde260": {"doc_hash": "ffc54590f2e4f3e2f5a55b40251ecddeabc8fe4239e66a67fca9a336f20d6cd2", "ref_doc_id": "0f3f18f3-60f0-48a1-af53-46ffcc4c3f51"}, "1b837230-259d-4ee3-8c5f-e4ab53edc9f6": {"doc_hash": "0e73812167e9c353dd98fd2f66cfa3bb65e68bf529eeaab9f039696e97ec3128", "ref_doc_id": "a6218708-7d77-42a4-9108-8b9df2d90870"}, "47a2f22e-b703-4444-898f-f148ca3fc398": {"doc_hash": "a878c4b0f04b3fa25b7c17d6a56c08c1c00b05a52f5e1b82aad425dfdc7fd775", "ref_doc_id": "83098c54-e9f4-4e2a-a0dc-47899c61be08"}, "856d6d2a-6ee9-4495-a905-c1da5a0f9f99": {"doc_hash": "7fd18b3d1714439823c2cc1e71b06a407ccd64bfdec01cb21e0a713a1f0dfb6d", "ref_doc_id": "90c4bfa3-b170-4c78-858a-d9573cc384d2"}, "c3dc82eb-2f98-4861-9a3a-6642306c0267": {"doc_hash": "ae1329c0cda3ce8289f55310dadb50c4e13ac9f9cb9fb7e3ea3cd683845336cb", "ref_doc_id": "367eaab6-64ce-4546-af24-6c3ddfbfade8"}, "8be4d993-846a-48a6-9352-7303d0b31e7e": {"doc_hash": "3c106f4471e5d49584797c69942089471896cce27d7d05a2d90efd99ed3c6b94", "ref_doc_id": "27fe1c74-f4a0-4b8f-bb85-175fe1609642"}, "b242e1a5-d7ee-4225-bc46-b099e08d02fc": {"doc_hash": "77986fff3eaeaa137f873dc8054980062bcee819b45e44913e6703493604cc7c", "ref_doc_id": "02580726-ac8c-48bb-9660-cb95e251ad8d"}, "18dab540-cf2a-45ad-9d35-ea0818c2e031": {"doc_hash": "0311863b9c8f8895812961120645399d618580b8217c9f41cdb56db6af4c0ab0", "ref_doc_id": "ad579406-3191-43f7-8338-d3e3f4405d7a"}, "80187665-0579-4791-9e90-527cf71cd830": {"doc_hash": "abb341576eb2052d7eea1e8f1f280a99062724fb6c5fa3f26fac07c801b62862", "ref_doc_id": "50fc9c23-20a6-4696-9567-4f125cef82ab"}, "33cc888e-5d6a-4391-8937-453393f4bb89": {"doc_hash": "2da641e13f284cc152d28f5951b7fa7274e92dff0bf00094bae529110172eb77", "ref_doc_id": "c470a4f4-2bcf-454d-9900-80db7d9b3c16"}, "4ee328ed-0470-4baa-a34a-3d7a60fb853d": {"doc_hash": "424c5eefe1126ea5848c154758cd45c699394c00b497e52a41b3f5afea698e31", "ref_doc_id": "6ba17204-7547-4e7f-bd82-1ccd46a682af"}, "b244d0f8-8a0b-48b6-8695-b1c3dbb54054": {"doc_hash": "1d1e9c60456dfbf1a03bd6b08bc6ae5baf80a33f018b54f439a9e8bd1ea620ba", "ref_doc_id": "b186ef67-3ab2-4abb-a0a8-1c9a439e184a"}, "74441712-2b26-4c89-b606-0eff8e143963": {"doc_hash": "1a42ebff725f817577256fc774cde4183785cef39a00422ea7b13e45865badb8", "ref_doc_id": "06ea13dc-86e6-435b-8063-6ccdd81211c5"}, "6ae26327-b656-400e-82f2-9b22d5071924": {"doc_hash": "8216c1a6b673a6f15f537ae838355282f4bd931556952ccfa2c25340cdcf2dc1", "ref_doc_id": "408d03f5-a9b2-4de5-a9e1-2b48b27e99e6"}, "069950f7-7636-4b15-8f99-5d046816760d": {"doc_hash": "31c0420ba6299076383dfcf7b0fdeb419a5bc3a8ef3d938638ea8c45c16174af", "ref_doc_id": "b2fa1d43-8610-4d46-85db-44067e2717d2"}, "919a14b5-bdf1-40c6-8173-229ab47b198b": {"doc_hash": "ed8830a0964bab6f00867d3d67ac3af7920701f96f03b44d078dbffa0a49beef", "ref_doc_id": "a257665c-7838-4497-9075-f1f4622ca4d6"}, "3b959dd1-8f05-4896-ba93-82b9c491a5bf": {"doc_hash": "a98d9913b6d847e660c298001599bf067fa229e08435f6b6fb3941ffab2c49a0", "ref_doc_id": "77639cd6-622c-41c1-b4c6-4a4b3dc74fc7"}}}