{"docstore/data": {"d7d2c007-9c2b-4085-a14d-73b9f3935203": {"__data__": {"id_": "d7d2c007-9c2b-4085-a14d-73b9f3935203", "embedding": null, "metadata": {"document_title": "HOJA DE DATOS DE SEGURIDAD", "metadata_product": "Petr\u00f3leo Diesel A-1", "metadata_description": "", "metadata_recommended_use": "Combustible para motores de auto encendido", "metadata_section": "Seccion 1: Identificaci\u00f3n del producto qu\u00edmico y de la empresa"}, "excluded_embed_metadata_keys": [], "excluded_llm_metadata_keys": [], "relationships": {"1": {"node_id": "c606418a-3c8f-4656-ab56-01592938c7fe", "node_type": "4", "metadata": {"document_title": "HOJA DE DATOS DE SEGURIDAD", "metadata_product": "Petr\u00f3leo Diesel A-1", "metadata_description": "", "metadata_recommended_use": "Combustible para motores de auto encendido", "metadata_section": "Seccion 1: Identificaci\u00f3n del producto qu\u00edmico y de la empresa"}, "hash": "55c9bd5c954af8fe904c2b035c3579f22e888433cec46a0415660b5fcf4d5537", "class_name": "RelatedNodeInfo"}, "3": {"node_id": "cf492bc5-477b-407d-b51a-c4fcb76a8ee1", "node_type": "1", "metadata": {"document_title": "HOJA DE DATOS DE SEGURIDAD", "metadata_product": "Petr\u00f3leo Diesel A-1", "metadata_description": "", "metadata_recommended_use": "Combustible para motores de auto encendido", "metadata_section": "Seccion 2: Identificaci\u00f3n de los peligros"}, "hash": "1f86d9e00729d07c7a5b88637b39ab33cc6054b39251e8ccb5a1cd3ab434594b", "class_name": "RelatedNodeInfo"}}, "hash": "55c9bd5c954af8fe904c2b035c3579f22e888433cec46a0415660b5fcf4d5537", "text": "Identificaci\u00f3n del producto qu\u00edmico: Petr\u00f3leo Diesel A-1. Usos recomendados : Combustible para motores de auto encendido. Restricciones de uso : Mantener apartado de fuentes de ignici\u00f3n. No fumar y tomar medidas para descargar la corriente electrost\u00e1tica generada, conectando a tierra los envases o recipientes.  Nombre del proveedor: Compa\u00f1\u00eda de petr\u00f3leos de Chile Copec S.A. Direcci\u00f3n del proveedor: Isidora Goyenechea 2915, Santiago, Chile. N\u00famero de tel\u00e9fono del proveedor: (56) 2-26907000. N\u00famero de tel\u00e9fono de emergencia en Chile: (56) 2-26753713. N\u00famero de tel\u00e9fono de informaci\u00f3n toxicol\u00f3gica en Chile: (56) 22 7771994. Direcci\u00f3n electr\u00f3nica del proveedor: www.copec.cl", "start_char_idx": null, "end_char_idx": null, "text_template": "{metadata_str}\n\n{content}", "metadata_template": "{key}: {value}", "metadata_seperator": "\n", "class_name": "TextNode"}, "__type__": "1"}, "cf492bc5-477b-407d-b51a-c4fcb76a8ee1": {"__data__": {"id_": "cf492bc5-477b-407d-b51a-c4fcb76a8ee1", "embedding": null, "metadata": {"document_title": "HOJA DE DATOS DE SEGURIDAD", "metadata_product": "Petr\u00f3leo Diesel A-1", "metadata_description": "", "metadata_recommended_use": "Combustible para motores de auto encendido", "metadata_section": "Seccion 2: Identificaci\u00f3n de los peligros"}, "excluded_embed_metadata_keys": [], "excluded_llm_metadata_keys": [], "relationships": {"1": {"node_id": "3310d809-19be-467a-af95-8a5b04f1c7ce", "node_type": "4", "metadata": {"document_title": "HOJA DE DATOS DE SEGURIDAD", "metadata_product": "Petr\u00f3leo Diesel A-1", "metadata_description": "", "metadata_recommended_use": "Combustible para motores de auto encendido", "metadata_section": "Seccion 2: Identificaci\u00f3n de los peligros"}, "hash": "1f86d9e00729d07c7a5b88637b39ab33cc6054b39251e8ccb5a1cd3ab434594b", "class_name": "RelatedNodeInfo"}, "2": {"node_id": "d7d2c007-9c2b-4085-a14d-73b9f3935203", "node_type": "1", "metadata": {"document_title": "HOJA DE DATOS DE SEGURIDAD", "metadata_product": "Petr\u00f3leo Diesel A-1", "metadata_description": "", "metadata_recommended_use": "Combustible para motores de auto encendido", "metadata_section": "Seccion 1: Identificaci\u00f3n del producto qu\u00edmico y de la empresa"}, "hash": "55c9bd5c954af8fe904c2b035c3579f22e888433cec46a0415660b5fcf4d5537", "class_name": "RelatedNodeInfo"}, "3": {"node_id": "b442e13a-5667-4b29-9571-cf6ba91e0b71", "node_type": "1", "metadata": {"document_title": "HOJA DE DATOS DE SEGURIDAD", "metadata_product": "Petr\u00f3leo Diesel A-1", "metadata_description": "", "metadata_recommended_use": "Combustible para motores de auto encendido", "metadata_section": "Seccion 2: Identificaci\u00f3n de los peligros"}, "hash": "782a9844dba4e6c47ba9682bec5285fdc4a90b054e6166581432b14abaec0821", "class_name": "RelatedNodeInfo"}}, "hash": "1f86d9e00729d07c7a5b88637b39ab33cc6054b39251e8ccb5a1cd3ab434594b", "text": "Clasificaci\u00f3n seg\u00fan NCh382;Clase 3: L\u00edquidos inflamables.\nDistintivo seg\u00fan NCh2190;\nClasificaci\u00f3n seg\u00fan SGA;L\u00edquidos inflamables. Categor\u00eda 3.\n;Peligro por aspiraci\u00f3n. Categor\u00eda 1.\n;Irritaci\u00f3n cut\u00e1nea. Categor\u00eda 2.\n;Carcinogenicidad. Categor\u00eda 2.\n;Toxicidad espec\u00edfica de \u00f3rganos diana (exposiciones repetidas). Categor\u00eda 2.\n;Peligro para el medio ambiente acu\u00e1tico (peligro a largo plazo). Categor\u00eda 2.\nEtiqueta SGA;\nPalabra de advertencia;PELIGRO.\nIndicaciones de peligro;H226 L\u00edquido y vapores inflamables.\n;H304 Puede ser mortal en caso de ingesti\u00f3n y de penetraci\u00f3n en las v\u00edas respiratorias.\nH315;Provoca irritaci\u00f3n cut\u00e1nea.\nH351;Susceptible de provocar c\u00e1ncer.\nH373;Puede provocar da\u00f1os en los \u00f3rganos tras exposiciones prolongadas o repetidas.\nH411;T\u00f3xico para los organismos acu\u00e1ticos, con efectos nocivos duraderos.\nP201;Procurarse las instrucciones antes del uso.\nP202;No manipular antes de haber le\u00eddo y comprendido todas las precauciones de seguridad.\nP210;Mantener alejado del calor, superficies calientes, chispas, llamas al descubierto y otras fuentes de ignici\u00f3n. No fumar.\nP233;Mantener el recipiente herm\u00e9ticamente cerrado.\nP240;Toma de tierra y enlace equipotencial del recipiente y del equipo receptor.\nP241;Utilizar material el\u00e9ctrico/de ventilaci\u00f3n/iluminaci\u00f3n a prueba de explosiones.\nP242;No utilizar herramientas que produzcan chispas.\nP243;Tomar medidas de precauci\u00f3n contra las descargas electrost\u00e1ticas.\nP260;No respirar neblinas/vapores.\nP264;Lavarse las manos cuidadosamente despu\u00e9s de la manipulaci\u00f3n.\nP273;No dispersar en el medio ambiente.\nP280;Usar guantes/ropa de protecci\u00f3n/equipo de protecci\u00f3n para los ojos/la cara.\nP301+P310;EN CASO DE INGESTI\u00d3N: Llamar inmediatamente a un CENTRO DE TOXICOLOG\u00cdA/m\u00e9dico.\nP303+P361+P353;", "start_char_idx": null, "end_char_idx": null, "text_template": "{metadata_str}\n\n{content}", "metadata_template": "{key}: {value}", "metadata_seperator": "\n", "class_name": "TextNode"}, "__type__": "1"}, "b442e13a-5667-4b29-9571-cf6ba91e0b71": {"__data__": {"id_": "b442e13a-5667-4b29-9571-cf6ba91e0b71", "embedding": null, "metadata": {"document_title": "HOJA DE DATOS DE SEGURIDAD", "metadata_product": "Petr\u00f3leo Diesel A-1", "metadata_description": "", "metadata_recommended_use": "Combustible para motores de auto encendido", "metadata_section": "Seccion 2: Identificaci\u00f3n de los peligros"}, "excluded_embed_metadata_keys": [], "excluded_llm_metadata_keys": [], "relationships": {"1": {"node_id": "024f8961-fb30-4a87-8350-44f8b77fa051", "node_type": "4", "metadata": {"document_title": "HOJA DE DATOS DE SEGURIDAD", "metadata_product": "Petr\u00f3leo Diesel A-1", "metadata_description": "", "metadata_recommended_use": "Combustible para motores de auto encendido", "metadata_section": "Seccion 2: Identificaci\u00f3n de los peligros"}, "hash": "782a9844dba4e6c47ba9682bec5285fdc4a90b054e6166581432b14abaec0821", "class_name": "RelatedNodeInfo"}, "2": {"node_id": "cf492bc5-477b-407d-b51a-c4fcb76a8ee1", "node_type": "1", "metadata": {"document_title": "HOJA DE DATOS DE SEGURIDAD", "metadata_product": "Petr\u00f3leo Diesel A-1", "metadata_description": "", "metadata_recommended_use": "Combustible para motores de auto encendido", "metadata_section": "Seccion 2: Identificaci\u00f3n de los peligros"}, "hash": "1f86d9e00729d07c7a5b88637b39ab33cc6054b39251e8ccb5a1cd3ab434594b", "class_name": "RelatedNodeInfo"}, "3": {"node_id": "9615232d-42a6-4ab9-9436-9855392d7536", "node_type": "1", "metadata": {"document_title": "HOJA DE DATOS DE SEGURIDAD", "metadata_product": "Petr\u00f3leo Diesel A-1", "metadata_description": "", "metadata_recommended_use": "Combustible para motores de auto encendido", "metadata_section": "Seccion 3: Composici\u00f3n/informaci\u00f3n de los componentes"}, "hash": "4ec345714aa1c5fe129918d785c6c72dc2bdf4a55973b167547a2e90519c3e45", "class_name": "RelatedNodeInfo"}}, "hash": "782a9844dba4e6c47ba9682bec5285fdc4a90b054e6166581432b14abaec0821", "text": "EN CASO DE CONTACTO CON LA PIEL (o el pelo): Quitar inmediatamente toda la ropa contaminada. Enjuagar la piel con agua/d\u00fachese.\nP308+P313;EN CASO DE exposici\u00f3n demostrada o supuesta: consultar a un m\u00e9dico.\nP314;Consultar a un m\u00e9dico si la persona se encuentra mal.\nP321;Tratamiento espec\u00edfico (v\u00e9ase en la secci\u00f3n 4 de la HDS).\nP331;No provocar el v\u00f3mito.\nP332+P313;En caso de irritaci\u00f3n cut\u00e1nea: consultar a un m\u00e9dico.\nP362+P364;Quitar la ropa contaminada y lavarla antes de volverla a usar.\nP370+P378;En caso de incendio: utilizar polvo qu\u00edmico seco, di\u00f3xido de carbono o espuma mec\u00e1nica resistente a los alcoholes. para la extinci\u00f3n.\nP391;Recoger los vertidos.\nP403+P235;Almacenar en un lugar bien ventilado. Mantener fresco.\nP405;Guardar bajo llave.\nP501;Eliminar el contenido/recipiente conforme a la reglamentaci\u00f3n nacional.\nSe\u00f1al de seguridad seg\u00fan;NCh1411/4;Homologaci\u00f3n para Compa\u00f1\u00eda de Petr\u00f3leos de Chile Copec S.A.\nClasificaci\u00f3n espec\u00edfica;Combustible, Clase II.\nDistintivo espec\u00edfico;No aplica.\nDescripci\u00f3n de peligros;El producto puede ser mortal en caso de ingesti\u00f3n y de penetraci\u00f3n en las v\u00edas respiratorias. Puede causar irritaci\u00f3n cut\u00e1nea. Tras exposiciones prolongadas o repetidas es susceptible de provocar c\u00e1ncer y puede provocar da\u00f1os en los \u00f3rganos. Adem\u00e1s, es t\u00f3xico para los organismos acu\u00e1ticos, con efectos nocivos duraderos.\nDescripci\u00f3n de peligros espec\u00edficos;El producto bajo condiciones de alta temperatura o calentamiento moderado podr\u00eda liberar vapor en cantidades suficientes para producir atm\u00f3sferas peligrosas con el aire.\nOtros peligros;Ninguno", "start_char_idx": null, "end_char_idx": null, "text_template": "{metadata_str}\n\n{content}", "metadata_template": "{key}: {value}", "metadata_seperator": "\n", "class_name": "TextNode"}, "__type__": "1"}, "9615232d-42a6-4ab9-9436-9855392d7536": {"__data__": {"id_": "9615232d-42a6-4ab9-9436-9855392d7536", "embedding": null, "metadata": {"document_title": "HOJA DE DATOS DE SEGURIDAD", "metadata_product": "Petr\u00f3leo Diesel A-1", "metadata_description": "", "metadata_recommended_use": "Combustible para motores de auto encendido", "metadata_section": "Seccion 3: Composici\u00f3n/informaci\u00f3n de los componentes"}, "excluded_embed_metadata_keys": [], "excluded_llm_metadata_keys": [], "relationships": {"1": {"node_id": "fb1f34ff-2170-41a3-a716-8cf44ff44069", "node_type": "4", "metadata": {"document_title": "HOJA DE DATOS DE SEGURIDAD", "metadata_product": "Petr\u00f3leo Diesel A-1", "metadata_description": "", "metadata_recommended_use": "Combustible para motores de auto encendido", "metadata_section": "Seccion 3: Composici\u00f3n/informaci\u00f3n de los componentes"}, "hash": "4ec345714aa1c5fe129918d785c6c72dc2bdf4a55973b167547a2e90519c3e45", "class_name": "RelatedNodeInfo"}, "2": {"node_id": "b442e13a-5667-4b29-9571-cf6ba91e0b71", "node_type": "1", "metadata": {"document_title": "HOJA DE DATOS DE SEGURIDAD", "metadata_product": "Petr\u00f3leo Diesel A-1", "metadata_description": "", "metadata_recommended_use": "Combustible para motores de auto encendido", "metadata_section": "Seccion 2: Identificaci\u00f3n de los peligros"}, "hash": "782a9844dba4e6c47ba9682bec5285fdc4a90b054e6166581432b14abaec0821", "class_name": "RelatedNodeInfo"}, "3": {"node_id": "4661a2cc-2f52-4deb-9905-ec89064f13f8", "node_type": "1", "metadata": {"document_title": "HOJA DE DATOS DE SEGURIDAD", "metadata_product": "Petr\u00f3leo Diesel A-1", "metadata_description": "", "metadata_recommended_use": "Combustible para motores de auto encendido", "metadata_section": "Seccion 4: Primeros auxilios"}, "hash": "cc738fd55e88c8de7750e8e020ad670c660a41efffaf95b59decd2b91c43e2fe", "class_name": "RelatedNodeInfo"}}, "hash": "4ec345714aa1c5fe129918d785c6c72dc2bdf4a55973b167547a2e90519c3e45", "text": "Tipo de sustancia; Mezcla.\nDenominaci\u00f3n qu\u00edmica sistem\u00e1tica; Nombre com\u00fan o gen\u00e9rico; Rango de concentraci\u00f3n; N\u00famero CAS; N\u00famero CE\nDiesel; Combustibles, diesel, no. 2; 0 - 100 %; 68476-34-6; 270-676-1\nHidrocarburos Arom\u00e1ticos Polic\u00edclicos; Arom\u00e1ticos Max 35%; No disponible; No disponible\nAzufre; Polvo de azufre Max 15 ppm; 7704-34-9; 231-722-6\nArom\u00e1ticos Polic\u00edclicos; Arom\u00e1ticos polic\u00edclicos Max 8%; No disponible; No disponible", "start_char_idx": null, "end_char_idx": null, "text_template": "{metadata_str}\n\n{content}", "metadata_template": "{key}: {value}", "metadata_seperator": "\n", "class_name": "TextNode"}, "__type__": "1"}, "4661a2cc-2f52-4deb-9905-ec89064f13f8": {"__data__": {"id_": "4661a2cc-2f52-4deb-9905-ec89064f13f8", "embedding": null, "metadata": {"document_title": "HOJA DE DATOS DE SEGURIDAD", "metadata_product": "Petr\u00f3leo Diesel A-1", "metadata_description": "", "metadata_recommended_use": "Combustible para motores de auto encendido", "metadata_section": "Seccion 4: Primeros auxilios"}, "excluded_embed_metadata_keys": [], "excluded_llm_metadata_keys": [], "relationships": {"1": {"node_id": "0b138002-ca83-4646-aa8c-0834b07fba06", "node_type": "4", "metadata": {"document_title": "HOJA DE DATOS DE SEGURIDAD", "metadata_product": "Petr\u00f3leo Diesel A-1", "metadata_description": "", "metadata_recommended_use": "Combustible para motores de auto encendido", "metadata_section": "Seccion 4: Primeros auxilios"}, "hash": "cc738fd55e88c8de7750e8e020ad670c660a41efffaf95b59decd2b91c43e2fe", "class_name": "RelatedNodeInfo"}, "2": {"node_id": "9615232d-42a6-4ab9-9436-9855392d7536", "node_type": "1", "metadata": {"document_title": "HOJA DE DATOS DE SEGURIDAD", "metadata_product": "Petr\u00f3leo Diesel A-1", "metadata_description": "", "metadata_recommended_use": "Combustible para motores de auto encendido", "metadata_section": "Seccion 3: Composici\u00f3n/informaci\u00f3n de los componentes"}, "hash": "4ec345714aa1c5fe129918d785c6c72dc2bdf4a55973b167547a2e90519c3e45", "class_name": "RelatedNodeInfo"}, "3": {"node_id": "6105724f-bf6e-456c-b9ca-2559db5c384e", "node_type": "1", "metadata": {"document_title": "HOJA DE DATOS DE SEGURIDAD", "metadata_product": "Petr\u00f3leo Diesel A-1", "metadata_description": "", "metadata_recommended_use": "Combustible para motores de auto encendido", "metadata_section": "Secci\u00f3n 5: Medidas para lucha contra incendios"}, "hash": "a6b6c7de73ad66bc8f7479e5d8f4605b42466a95c19fb36ed15b77060c694182", "class_name": "RelatedNodeInfo"}}, "hash": "cc738fd55e88c8de7750e8e020ad670c660a41efffaf95b59decd2b91c43e2fe", "text": "Inhalaci\u00f3n; Trasladar al afectado al aire fresco y ayudar a la respiraci\u00f3n en caso de ser necesario. Solicitar atenci\u00f3n m\u00e9dica en caso de presentar s\u00edntomas.\nContacto con la piel; Lavar de inmediata la piel con abundante agua corriente y jab\u00f3n. Retirar la ropa contaminada. En caso de presentar s\u00edntomas solicitar atenci\u00f3n m\u00e9dica.\nContacto con los ojos; Lavar los ojos con abundante agua corriente durante 15 minutos. Incluso debajo de los p\u00e1rpados. Solicitar atenci\u00f3n m\u00e9dica en caso de presentar s\u00edntomas.\nIngesti\u00f3n; Dar a beber agua a leche, para facilitar el enjuague. No inducir el v\u00f3mito. Solicitar atenci\u00f3n m\u00e9dica.\nEfectos agudos previsibles; Puede ser mortal en caso de ingesti\u00f3n y de penetraci\u00f3n en las v\u00edas respiratorias. Puede causar irritaci\u00f3n cut\u00e1nea. La sustancia irrita el tracto respiratorio. Por degluci\u00f3n puede pasar a los pulmones con riesgo de neumonitis qu\u00edmica.\nEfectos retardados previsibles; El contacto prolongado o repetido con la piel puede producir dermatitis. La sobreexposici\u00f3n cr\u00f3nica puede causar trastornos respiratorios, cut\u00e1neos, depresi\u00f3n del sistema nervioso central. es susceptible de provocar c\u00e1ncer y puede provocar da\u00f1os en los \u00f3rganos. S\u00edntomas/efectos m\u00e1s importantes: Puede ser mortal en caso de ingesti\u00f3n y de penetraci\u00f3n en las v\u00edas respiratorias. Puede causar irritaci\u00f3n cut\u00e1nea. Tras exposiciones prolongadas o repetidas es susceptible de provocar c\u00e1ncer. Efectos t\u00f3xicos incluyen a los \u00f3rganos de los sentidos, sistema nervioso central, irritaci\u00f3n y sensibilidad de la zona afectada. Protecci\u00f3n de quienes brindan los primeros auxilios: Se recomienda a las personas que entregan los primeros auxilios el uso de equipos de protecci\u00f3n individual. Cuando las concentraciones sean elevadas y no cumplan con los l\u00edmites permisibles, utilizar respirador con filtro para vapores org\u00e1nicos, antiparras y ropa protectora antiest\u00e1tica. Notas especiales para un m\u00e9dico tratante : Informar al m\u00e9dico sobre las caracter\u00edsticas del producto y tipo de contacto. Presentar esta Hoja de Datos de Seguridad al momento de la atenci\u00f3n", "start_char_idx": null, "end_char_idx": null, "text_template": "{metadata_str}\n\n{content}", "metadata_template": "{key}: {value}", "metadata_seperator": "\n", "class_name": "TextNode"}, "__type__": "1"}, "6105724f-bf6e-456c-b9ca-2559db5c384e": {"__data__": {"id_": "6105724f-bf6e-456c-b9ca-2559db5c384e", "embedding": null, "metadata": {"document_title": "HOJA DE DATOS DE SEGURIDAD", "metadata_product": "Petr\u00f3leo Diesel A-1", "metadata_description": "", "metadata_recommended_use": "Combustible para motores de auto encendido", "metadata_section": "Secci\u00f3n 5: Medidas para lucha contra incendios"}, "excluded_embed_metadata_keys": [], "excluded_llm_metadata_keys": [], "relationships": {"1": {"node_id": "cc935aa7-d7a3-4106-abf8-9df9ea2b76f7", "node_type": "4", "metadata": {"document_title": "HOJA DE DATOS DE SEGURIDAD", "metadata_product": "Petr\u00f3leo Diesel A-1", "metadata_description": "", "metadata_recommended_use": "Combustible para motores de auto encendido", "metadata_section": "Secci\u00f3n 5: Medidas para lucha contra incendios"}, "hash": "25313917681341da0aacd2142400bffe63d38d2b800d29e1b1b7db1f3d5d6536", "class_name": "RelatedNodeInfo"}, "2": {"node_id": "4661a2cc-2f52-4deb-9905-ec89064f13f8", "node_type": "1", "metadata": {"document_title": "HOJA DE DATOS DE SEGURIDAD", "metadata_product": "Petr\u00f3leo Diesel A-1", "metadata_description": "", "metadata_recommended_use": "Combustible para motores de auto encendido", "metadata_section": "Seccion 4: Primeros auxilios"}, "hash": "cc738fd55e88c8de7750e8e020ad670c660a41efffaf95b59decd2b91c43e2fe", "class_name": "RelatedNodeInfo"}, "3": {"node_id": "3ddfa651-6940-486b-b5b8-d7e86373d9c0", "node_type": "1", "metadata": {"document_title": "HOJA DE DATOS DE SEGURIDAD", "metadata_product": "Petr\u00f3leo Diesel A-1", "metadata_description": "", "metadata_recommended_use": "Combustible para motores de auto encendido", "metadata_section": "Secci\u00f3n 5: Medidas para lucha contra incendios"}, "hash": "593f7ea7b5b899dee66368e383549b8944f56a95803327046fc56b5bde9ce923", "class_name": "RelatedNodeInfo"}}, "hash": "a6b6c7de73ad66bc8f7479e5d8f4605b42466a95c19fb36ed15b77060c694182", "text": "Agentes de extinci\u00f3n;Usar polvo qu\u00edmico seco, di\u00f3xido de carbono (es limitada su efectividad en \u00e1reas abiertas), espuma mec\u00e1nica resistente a los alcoholes, neblina de agua o bajas presi\u00f3n, para fuegos peque\u00f1os y para enfriamiento de recipientes. Agentes de extinci\u00f3n inapropiados;No utilizar chorros directos de agua a alta presi\u00f3n si el producto est\u00e1 en llamas, debido al riesgo de esparcimiento del material en combusti\u00f3n. En caso de presentarse un fuego tridimensional \"alimentado por gravedad\" o un fuego a presi\u00f3n, la espuma mec\u00e1nica no ser\u00e1 efectiva, en este caso cerrar o detener suministro de producto o extinga el fuego con polvo qu\u00edmico seco. Productos que se forman en la combusti\u00f3n y degradaci\u00f3n t\u00e9rmica;Se pueden generar productos de la combusti\u00f3n tales como Mon\u00f3xido de Carbono (CO), di\u00f3xido de carbono (Co2), di\u00f3xido de azufre (So2) y \u00f3xido nitroso (NOx).", "start_char_idx": null, "end_char_idx": null, "text_template": "{metadata_str}\n\n{content}", "metadata_template": "{key}: {value}", "metadata_seperator": "\n", "class_name": "TextNode"}, "__type__": "1"}, "3ddfa651-6940-486b-b5b8-d7e86373d9c0": {"__data__": {"id_": "3ddfa651-6940-486b-b5b8-d7e86373d9c0", "embedding": null, "metadata": {"document_title": "HOJA DE DATOS DE SEGURIDAD", "metadata_product": "Petr\u00f3leo Diesel A-1", "metadata_description": "", "metadata_recommended_use": "Combustible para motores de auto encendido", "metadata_section": "Secci\u00f3n 5: Medidas para lucha contra incendios"}, "excluded_embed_metadata_keys": [], "excluded_llm_metadata_keys": [], "relationships": {"1": {"node_id": "1c526141-2de2-4daf-83b9-1487e9058c81", "node_type": "4", "metadata": {"document_title": "HOJA DE DATOS DE SEGURIDAD", "metadata_product": "Petr\u00f3leo Diesel A-1", "metadata_description": "", "metadata_recommended_use": "Combustible para motores de auto encendido", "metadata_section": "Secci\u00f3n 5: Medidas para lucha contra incendios"}, "hash": "593f7ea7b5b899dee66368e383549b8944f56a95803327046fc56b5bde9ce923", "class_name": "RelatedNodeInfo"}, "2": {"node_id": "6105724f-bf6e-456c-b9ca-2559db5c384e", "node_type": "1", "metadata": {"document_title": "HOJA DE DATOS DE SEGURIDAD", "metadata_product": "Petr\u00f3leo Diesel A-1", "metadata_description": "", "metadata_recommended_use": "Combustible para motores de auto encendido", "metadata_section": "Secci\u00f3n 5: Medidas para lucha contra incendios"}, "hash": "a6b6c7de73ad66bc8f7479e5d8f4605b42466a95c19fb36ed15b77060c694182", "class_name": "RelatedNodeInfo"}, "3": {"node_id": "38e4f5af-f23d-40fb-b712-ed717b236710", "node_type": "1", "metadata": {"document_title": "HOJA DE DATOS DE SEGURIDAD", "metadata_product": "Petr\u00f3leo Diesel A-1", "metadata_description": "", "metadata_recommended_use": "Combustible para motores de auto encendido", "metadata_section": "Secci\u00f3n 6: Medidas que se deben tomar en caso de derrame accidental"}, "hash": "034b0555358c85cd5d0d0167f00324df941b3b3cb1810594c1e2f71f56e4e443", "class_name": "RelatedNodeInfo"}}, "hash": "593f7ea7b5b899dee66368e383549b8944f56a95803327046fc56b5bde9ce923", "text": "Peligros espec\u00edficos asociados;L\u00edquido inflamable. Los vapores son m\u00e1s pesados que el aire y pueden desplazarse hacia fuentes t\u00e9rmicas o de ignici\u00f3n, encenderse y volver a la fuente de origen. M\u00e9todos espec\u00edficos de extinci\u00f3n;Evacuar o aislar el \u00e1rea de peligro. Restringir el acceso a personas innecesarias y sin la debida protecci\u00f3n. Para fuegos de charcos bidimensionales, extinguirlos con polvo qu\u00edmico seco y espuma mec\u00e1nica. En caso de preservarse un fuego tridimensional \"alimentado por gravedad\" o un fuego a presi\u00f3n, la espuma mec\u00e1nica no ser\u00e1 efectiva, en este caso cerrar o detener el suministro de producto o extinguir el fuego con polvo qu\u00edmico seco. Enfriar los contenedores con chorros de agua hasta mucho despu\u00e9s de que el fuego se haya extinguido. No introducir agua en los contenedores. Retirarse inmediatamente si sale un sonido creciente de los mecanismos de despreasurizaci\u00f3n, o si el tanque se empieza a decolorar. Siempre mantenerse alejado de tanques envueltos en llama. Precauciones para el personal de emergencia y/o los bomberos;Para fuegos en etapa incipiente, usar equipo de protecci\u00f3n personal b\u00e1sico (Buzo de trabajo, guantes, calzado y lentes de seguridad) Para fuegos mayores, utilizar traje de bombero estructural que incluya (casco, chaqueta, pantalones, botas, guantes y esclavina) en conjunto con equipo de respiraci\u00f3n aut\u00f3nomo (SCBA-E-RA).", "start_char_idx": null, "end_char_idx": null, "text_template": "{metadata_str}\n\n{content}", "metadata_template": "{key}: {value}", "metadata_seperator": "\n", "class_name": "TextNode"}, "__type__": "1"}, "38e4f5af-f23d-40fb-b712-ed717b236710": {"__data__": {"id_": "38e4f5af-f23d-40fb-b712-ed717b236710", "embedding": null, "metadata": {"document_title": "HOJA DE DATOS DE SEGURIDAD", "metadata_product": "Petr\u00f3leo Diesel A-1", "metadata_description": "", "metadata_recommended_use": "Combustible para motores de auto encendido", "metadata_section": "Secci\u00f3n 6: Medidas que se deben tomar en caso de derrame accidental"}, "excluded_embed_metadata_keys": [], "excluded_llm_metadata_keys": [], "relationships": {"1": {"node_id": "55cd3921-f325-470a-8f23-6b84d285c691", "node_type": "4", "metadata": {"document_title": "HOJA DE DATOS DE SEGURIDAD", "metadata_product": "Petr\u00f3leo Diesel A-1", "metadata_description": "", "metadata_recommended_use": "Combustible para motores de auto encendido", "metadata_section": "Secci\u00f3n 6: Medidas que se deben tomar en caso de derrame accidental"}, "hash": "034b0555358c85cd5d0d0167f00324df941b3b3cb1810594c1e2f71f56e4e443", "class_name": "RelatedNodeInfo"}, "2": {"node_id": "3ddfa651-6940-486b-b5b8-d7e86373d9c0", "node_type": "1", "metadata": {"document_title": "HOJA DE DATOS DE SEGURIDAD", "metadata_product": "Petr\u00f3leo Diesel A-1", "metadata_description": "", "metadata_recommended_use": "Combustible para motores de auto encendido", "metadata_section": "Secci\u00f3n 5: Medidas para lucha contra incendios"}, "hash": "593f7ea7b5b899dee66368e383549b8944f56a95803327046fc56b5bde9ce923", "class_name": "RelatedNodeInfo"}, "3": {"node_id": "c74ead4a-fd5e-4a57-9453-d76c578e9622", "node_type": "1", "metadata": {"document_title": "HOJA DE DATOS DE SEGURIDAD", "metadata_product": "Petr\u00f3leo Diesel A-1", "metadata_description": "", "metadata_recommended_use": "Combustible para motores de auto encendido", "metadata_section": "Secci\u00f3n 7: Manipulaci\u00f3n y almacenamiento"}, "hash": "02b9bd0bd6baa3d3db4c433599fd8f000d1e70ba80d068b7a8c0ec8dba4d9fcc", "class_name": "RelatedNodeInfo"}}, "hash": "034b0555358c85cd5d0d0167f00324df941b3b3cb1810594c1e2f71f56e4e443", "text": "Precauciones personales;Evitar el contacto con ojos y piel. Evitar la inhalaci\u00f3n de vapores. Mantener fuera del \u00e1rea al personal no necesario y sin protecci\u00f3n. Las operaciones de limpieza deben ser realizadas solamente por personal entrenado y adecuadamente protegido.\nEquipos de protecci\u00f3n;Usar equipo de protecci\u00f3n respiratoria aut\u00f3noma de presi\u00f3n positiva, ropa de protecci\u00f3n qu\u00edmica, botas de goma y guantes de nitrilo o PVC.\nProcedimientos de emergencia;Aislar el \u00e1rea, eliminar toda fuente de ignici\u00f3n y evitar, si ello es posible, fugas adicionales del material. Evacuar al personal del \u00e1rea hacia un sector previamente establecido. Ventilar.\nPrecauciones medioambientales;Evitar el ingreso hacia las alcantarillas, cursos de agua, residumos de agua lluvia o cuerpos de agua. Construir represas de flujo inferior de manera de retener el producto. Recoger el producto con contenedores cerrados para evitar la contaminaci\u00f3n del producto. No botar en cuencas naturales o el alcantarillado. La tierra contaminada dispone transitoriamente sobre pl\u00e1sticos de polietileno o similar para evitar la contaminaci\u00f3n del suelo, para luego colocarlos en contenedores apropiados para su disposici\u00f3n final.\nM\u00e9todos y materiales de contenci\u00f3n, confinamiento y/o abatimiento;Esta operaci\u00f3n solo la debe efectuar personal entrenado. Contener completamente el producto, formando diques, sacos de arena etc. Recoger con un apropido absorbente no combustible y colocar en un sitio adecuado.\nM\u00e9todos y materiales de limpieza Recuperaci\u00f3n;Derrames peque\u00f1os: secar la superficie con materiales ign\u00edfugos y absorbentes (Tierra seca, vermiculita, materiales absorbentes sint\u00e9ticos (hidrofobos/oleof\u00edlicos). Depositar los residuos en contenedores cerrados para su posterior disposici\u00f3n final.\nNeutralizaci\u00f3n;No disponible: evitar la extensi\u00f3n del l\u00edquido con barreras.\nDisposici\u00f3n final;Disponer de acuerdo a la normativa nacional. La tierra contaminada disp\u00f3ngaola transitoriamente sobre pl\u00e1sticos de polietileno o similar para evitar la contaminaci\u00f3n del suelo, para luego colocarlos en contenedores apropiados para su disposici\u00f3n final.\nMedidas adicionales de prevenci\u00f3n de desastres;Se puede usar una espuma supresora de vapor para reducir vapores. Usar herramientas limpias a prueba de chispas para recoger el material absorbido.", "start_char_idx": null, "end_char_idx": null, "text_template": "{metadata_str}\n\n{content}", "metadata_template": "{key}: {value}", "metadata_seperator": "\n", "class_name": "TextNode"}, "__type__": "1"}, "c74ead4a-fd5e-4a57-9453-d76c578e9622": {"__data__": {"id_": "c74ead4a-fd5e-4a57-9453-d76c578e9622", "embedding": null, "metadata": {"document_title": "HOJA DE DATOS DE SEGURIDAD", "metadata_product": "Petr\u00f3leo Diesel A-1", "metadata_description": "", "metadata_recommended_use": "Combustible para motores de auto encendido", "metadata_section": "Secci\u00f3n 7: Manipulaci\u00f3n y almacenamiento"}, "excluded_embed_metadata_keys": [], "excluded_llm_metadata_keys": [], "relationships": {"1": {"node_id": "2dc06d8b-c21b-489c-8db0-517c194f0187", "node_type": "4", "metadata": {"document_title": "HOJA DE DATOS DE SEGURIDAD", "metadata_product": "Petr\u00f3leo Diesel A-1", "metadata_description": "", "metadata_recommended_use": "Combustible para motores de auto encendido", "metadata_section": "Secci\u00f3n 7: Manipulaci\u00f3n y almacenamiento"}, "hash": "02b9bd0bd6baa3d3db4c433599fd8f000d1e70ba80d068b7a8c0ec8dba4d9fcc", "class_name": "RelatedNodeInfo"}, "2": {"node_id": "38e4f5af-f23d-40fb-b712-ed717b236710", "node_type": "1", "metadata": {"document_title": "HOJA DE DATOS DE SEGURIDAD", "metadata_product": "Petr\u00f3leo Diesel A-1", "metadata_description": "", "metadata_recommended_use": "Combustible para motores de auto encendido", "metadata_section": "Secci\u00f3n 6: Medidas que se deben tomar en caso de derrame accidental"}, "hash": "034b0555358c85cd5d0d0167f00324df941b3b3cb1810594c1e2f71f56e4e443", "class_name": "RelatedNodeInfo"}, "3": {"node_id": "865f8869-b5c5-4ee0-945f-0e1272a261d8", "node_type": "1", "metadata": {"document_title": "HOJA DE DATOS DE SEGURIDAD", "metadata_product": "Petr\u00f3leo Diesel A-1", "metadata_description": "", "metadata_recommended_use": "Combustible para motores de auto encendido", "metadata_section": "Secci\u00f3n 8: Manipulaci\u00f3n y almacenamiento"}, "hash": "770d3495eb1233f2e7e5d8490f3e49603353211f6ab38d2b391002fd88e0071c", "class_name": "RelatedNodeInfo"}}, "hash": "02b9bd0bd6baa3d3db4c433599fd8f000d1e70ba80d068b7a8c0ec8dba4d9fcc", "text": "Manipulaci\u00f3n\nPrecauciones para la manipulaci\u00f3n segura;Evitar contacto con ojos, piel y ropa. No inhalar vapores. Manipular con elementos de protecci\u00f3n personal adecuados (ver secci\u00f3n 8) y solo en recintos bien ventilados. Mantener envases cerrados cuando no se usen.\nMedidas operacionales y t\u00e9cnicas;El producto debe ser manipulado con herramientas que no generen chispas, incluyendo equipos el\u00e9ctricos de iluminaci\u00f3n y ventilaci\u00f3n a prueba de explosiones. Los envases deben ser adecuadamente atterizados en las transferencias para evitar descargas est\u00e1ticas. Los sistemas de transferencia deben ser de circuito cerrado con recuperaci\u00f3n de vapores en la medida de lo posible. Utilizar tubos sinf\u00f3n o tubo decantador de metal para evitar las salpicaduras y emisi\u00f3n de neblinas o vapores inflamables.\n\"Otras precauciones\";\"Para la transferencia del producto se deben utilizar envases met\u00e1licos, conectados a tierra e interconectados de ser necesario. Los equipos el\u00e9ctricos de trasvase y \u00e1reas de trabajo deben contar con apropiaci\u00f3n para las caracter\u00edsticas de los combustibles.\"\n\"Prevenci\u00f3n del contacto\";\"Evitar el contacto con materiales incompatibles y fuentes de ignici\u00f3n.\"", "start_char_idx": null, "end_char_idx": null, "text_template": "{metadata_str}\n\n{content}", "metadata_template": "{key}: {value}", "metadata_seperator": "\n", "class_name": "TextNode"}, "__type__": "1"}, "865f8869-b5c5-4ee0-945f-0e1272a261d8": {"__data__": {"id_": "865f8869-b5c5-4ee0-945f-0e1272a261d8", "embedding": null, "metadata": {"document_title": "HOJA DE DATOS DE SEGURIDAD", "metadata_product": "Petr\u00f3leo Diesel A-1", "metadata_description": "", "metadata_recommended_use": "Combustible para motores de auto encendido", "metadata_section": "Secci\u00f3n 8: Manipulaci\u00f3n y almacenamiento"}, "excluded_embed_metadata_keys": [], "excluded_llm_metadata_keys": [], "relationships": {"1": {"node_id": "e8ba256a-7b8e-4546-8b92-5457769019fa", "node_type": "4", "metadata": {"document_title": "HOJA DE DATOS DE SEGURIDAD", "metadata_product": "Petr\u00f3leo Diesel A-1", "metadata_description": "", "metadata_recommended_use": "Combustible para motores de auto encendido", "metadata_section": "Secci\u00f3n 8: Manipulaci\u00f3n y almacenamiento"}, "hash": "349d4a64935abf5512f6abc78cd46c3ca0bca327fec39ebab5b03907bc9a7e5c", "class_name": "RelatedNodeInfo"}, "2": {"node_id": "c74ead4a-fd5e-4a57-9453-d76c578e9622", "node_type": "1", "metadata": {"document_title": "HOJA DE DATOS DE SEGURIDAD", "metadata_product": "Petr\u00f3leo Diesel A-1", "metadata_description": "", "metadata_recommended_use": "Combustible para motores de auto encendido", "metadata_section": "Secci\u00f3n 7: Manipulaci\u00f3n y almacenamiento"}, "hash": "02b9bd0bd6baa3d3db4c433599fd8f000d1e70ba80d068b7a8c0ec8dba4d9fcc", "class_name": "RelatedNodeInfo"}, "3": {"node_id": "d6ca8e75-137e-4b82-ae38-5e18ca5e8fe1", "node_type": "1", "metadata": {"document_title": "HOJA DE DATOS DE SEGURIDAD", "metadata_product": "Petr\u00f3leo Diesel A-1", "metadata_description": "", "metadata_recommended_use": "Combustible para motores de auto encendido", "metadata_section": "Secci\u00f3n 8: Controles de exposici\u00f3n/protecci\u00f3n personal"}, "hash": "f246774cbc9dffce2eb43afddad88ea4457d24e8c7de1b387378163bdde8b3e7", "class_name": "RelatedNodeInfo"}}, "hash": "770d3495eb1233f2e7e5d8490f3e49603353211f6ab38d2b391002fd88e0071c", "text": "\"Almacenamiento\";\"Condiciones para almacenamiento seguro\";\"El producto es recomendable almacenar en recintos con ventilaci\u00f3n por la parte inferior y distancia de cualquier otro combustible o material oxidante, las distancias de seguridad son en funci\u00f3n del volumen y caracter\u00edsticas de los contenedores.\"\n\"Medidas t\u00e9cnicas\";\"Procurar que no existan filtraciones en los envases y que todos est\u00e9n etiquetados. Segregar de sustancias incompatibles. Eliminar materiales f\u00e1ciles de combustionar. Proteger de los rayos directos del sol y de fr\u00edo. Para el almacenamiento de envases peque\u00f1os se recomienda colocarlos sobre bandejas con sistema de retenci\u00f3n. Disponer de elementos para la contenci\u00f3n de derrames y de filtraciones. Tener el equipo apropiado para combatir incendios (ejemplo: extintores port\u00e1tiles). Poner se\u00f1ales de \"no fumar\" en las \u00e1reas de almacenaje. Disponer ducha y lavojos para emergencias.\"\n\"Sustancias o mezclas incompatibles\";\"Incompatibles con comburentes (tales como, nitratos, cloratos, percloratos, per\u00f3xidos, permanganatos, \u00f3xido cloro, fl\u00faor) hipoclorito de sodio, otros hipocloritos, bromo, concentrado, per\u00f3xido de nitr\u00f3geno y \u00e1cido n\u00edtrico con oxidantes fuertes, tetra\u00f3xidos, \u00e1cido n\u00edtrico, nitratos, permanganatos y percloratos.\"\n\"Material de envase y embalaje\";\"Material recomendado: Estanques, tanques, tambores y contenedores autorizados por la Superintendencia de Electricidad y Combustibles (SEC).\";\"Material no recomendado: No disponible.\"", "start_char_idx": null, "end_char_idx": null, "text_template": "{metadata_str}\n\n{content}", "metadata_template": "{key}: {value}", "metadata_seperator": "\n", "class_name": "TextNode"}, "__type__": "1"}, "d6ca8e75-137e-4b82-ae38-5e18ca5e8fe1": {"__data__": {"id_": "d6ca8e75-137e-4b82-ae38-5e18ca5e8fe1", "embedding": null, "metadata": {"document_title": "HOJA DE DATOS DE SEGURIDAD", "metadata_product": "Petr\u00f3leo Diesel A-1", "metadata_description": "", "metadata_recommended_use": "Combustible para motores de auto encendido", "metadata_section": "Secci\u00f3n 8: Controles de exposici\u00f3n/protecci\u00f3n personal"}, "excluded_embed_metadata_keys": [], "excluded_llm_metadata_keys": [], "relationships": {"1": {"node_id": "ae2f970c-a938-42d4-9849-d0c1851e8a04", "node_type": "4", "metadata": {"document_title": "HOJA DE DATOS DE SEGURIDAD", "metadata_product": "Petr\u00f3leo Diesel A-1", "metadata_description": "", "metadata_recommended_use": "Combustible para motores de auto encendido", "metadata_section": "Secci\u00f3n 8: Controles de exposici\u00f3n/protecci\u00f3n personal"}, "hash": "f246774cbc9dffce2eb43afddad88ea4457d24e8c7de1b387378163bdde8b3e7", "class_name": "RelatedNodeInfo"}, "2": {"node_id": "865f8869-b5c5-4ee0-945f-0e1272a261d8", "node_type": "1", "metadata": {"document_title": "HOJA DE DATOS DE SEGURIDAD", "metadata_product": "Petr\u00f3leo Diesel A-1", "metadata_description": "", "metadata_recommended_use": "Combustible para motores de auto encendido", "metadata_section": "Secci\u00f3n 8: Manipulaci\u00f3n y almacenamiento"}, "hash": "770d3495eb1233f2e7e5d8490f3e49603353211f6ab38d2b391002fd88e0071c", "class_name": "RelatedNodeInfo"}, "3": {"node_id": "50088522-11f4-40a8-bc42-4e3927fc4ca4", "node_type": "1", "metadata": {"document_title": "HOJA DE DATOS DE SEGURIDAD", "metadata_product": "Petr\u00f3leo Diesel A-1", "metadata_description": "", "metadata_recommended_use": "Combustible para motores de auto encendido", "metadata_section": "Propiedades f\u00edsicas y qu\u00edmicas"}, "hash": "f75903b0aa4666f6e77d5fbc32c8eafdee5229ad4729ba647a9e877f3041ecce", "class_name": "RelatedNodeInfo"}}, "hash": "f246774cbc9dffce2eb43afddad88ea4457d24e8c7de1b387378163bdde8b3e7", "text": "Concentraci\u00f3n m\u00e1xima permisible\nComponentes; Valores l\u00edmites (normativa nacional DS 594); Valor LPP; Valor LPT; Diesel; No establecido; No establecido; Azufre; No establecido; No establecido; Arom\u00e1ticos polic\u00edclicos; No disponible; No disponible\nComponentes; Valores l\u00edmites (normativa internacional); Diesel; ACGIH (TWA); No establecido; NIOSH (TWA); No establecido; OSHA (TWA); No establecido; ACGIH (TWA); No disponible; NIOSH (TWA); No disponible; OSHA (TWA); No disponible; Azufre; ACGIH (TWA); No establecido; NIOSH (TWA); No establecido; OSHA (TWA); No establecido; ACGIH (TWA); No disponible; NIOSH (TWA); No disponible; OSHA (TWA); No disponible; Arom\u00e1ticos polic\u00edclicos; ACGIH (TWA); No establecido; NIOSH (TWA); No establecido; OSHA (TWA); No establecido; ACGIH (TWA); No disponible; NIOSH (TWA); No disponible; OSHA (TWA); No disponible\nElementos de protecci\u00f3n personal apropiados; Protecci\u00f3n respiratoria; Cuando son sobrepasan los L\u00edmites Permisibles, usar respirador con filtro para vapores org\u00e1nicos. En caso de situaciones de emergencia, usar equipo de respiraci\u00f3n aut\u00f3noma.\nProtecci\u00f3n de manos; Usar guantes de nitrilo, PVC o neopreno de pu\u00f1o largo.\nProtecci\u00f3n de ojos; Usar gafas de seguridad herm\u00e9ticas (antiparras) o protecci\u00f3n facial (Full-Face).\nProtecci\u00f3n de la piel y el cuerpo; Usar ropa de trabajo anti llama y antist\u00e1tica, zonas expuestas a salpicaduras se pueden proteger con delantal de PVC y calzado de seguridad antiest\u00e1tico.\nMedidas de ingenier\u00eda; Estudiar alternativas de controles de ingenier\u00eda para mantener las concentraciones de contaminantes bajos (ej. ventilaci\u00f3n natural/forzada). Es recomendable disponer de elementos para primeros auxilios (ejemplo: lavaojos fijo o port\u00e1til).", "start_char_idx": null, "end_char_idx": null, "text_template": "{metadata_str}\n\n{content}", "metadata_template": "{key}: {value}", "metadata_seperator": "\n", "class_name": "TextNode"}, "__type__": "1"}, "50088522-11f4-40a8-bc42-4e3927fc4ca4": {"__data__": {"id_": "50088522-11f4-40a8-bc42-4e3927fc4ca4", "embedding": null, "metadata": {"document_title": "HOJA DE DATOS DE SEGURIDAD", "metadata_product": "Petr\u00f3leo Diesel A-1", "metadata_description": "", "metadata_recommended_use": "Combustible para motores de auto encendido", "metadata_section": "Propiedades f\u00edsicas y qu\u00edmicas"}, "excluded_embed_metadata_keys": [], "excluded_llm_metadata_keys": [], "relationships": {"1": {"node_id": "ea72afe5-3685-49d6-9e52-9698bdef8ab1", "node_type": "4", "metadata": {"document_title": "HOJA DE DATOS DE SEGURIDAD", "metadata_product": "Petr\u00f3leo Diesel A-1", "metadata_description": "", "metadata_recommended_use": "Combustible para motores de auto encendido", "metadata_section": "Propiedades f\u00edsicas y qu\u00edmicas"}, "hash": "f75903b0aa4666f6e77d5fbc32c8eafdee5229ad4729ba647a9e877f3041ecce", "class_name": "RelatedNodeInfo"}, "2": {"node_id": "d6ca8e75-137e-4b82-ae38-5e18ca5e8fe1", "node_type": "1", "metadata": {"document_title": "HOJA DE DATOS DE SEGURIDAD", "metadata_product": "Petr\u00f3leo Diesel A-1", "metadata_description": "", "metadata_recommended_use": "Combustible para motores de auto encendido", "metadata_section": "Secci\u00f3n 8: Controles de exposici\u00f3n/protecci\u00f3n personal"}, "hash": "f246774cbc9dffce2eb43afddad88ea4457d24e8c7de1b387378163bdde8b3e7", "class_name": "RelatedNodeInfo"}, "3": {"node_id": "fc95d2ad-325b-477e-a6ee-ae27491322c9", "node_type": "1", "metadata": {"document_title": "HOJA DE DATOS DE SEGURIDAD", "metadata_product": "Petr\u00f3leo Diesel A-1", "metadata_description": "", "metadata_recommended_use": "Combustible para motores de auto encendido", "metadata_section": "Estabilidad y reactividad"}, "hash": "07eef0c3eeba74d0be3d608ef13371b5dd8494310ee7c1af272c990d5abcbc51", "class_name": "RelatedNodeInfo"}}, "hash": "f75903b0aa4666f6e77d5fbc32c8eafdee5229ad4729ba647a9e877f3041ecce", "text": "Estado f\u00edsico; L\u00edquido. Forma en que se presenta; L\u00edquido. Color; Amarillo claro a marr\u00f3n. Olor; Paraf\u00ednico arom\u00e1tico. pH (concentraci\u00f3n y [*]); No disponible. Punto de fusi\u00f3n/Punto de congelaci\u00f3n; No disponible. Punto de ebullici\u00f3n, punto inicial de ebullici\u00f3n y rango de ebullici\u00f3n; 150\u00baC a 380\u00baC. Punto de inflamaci\u00f3n; M\u00ednimo 52\u00baC. L\u00edmites de explosividad o inflamabilidad; L\u00edmite inferior de explosividad = 0,6 %. L\u00edmite superior de explosividad = 7,5 %. Presi\u00f3n de vapor; < 2 mm Hg a 20 \u00baC. Densidad relativa del vapor (aire=1); 4 a 5 veces m\u00e1s pesado que el aire. Densidad; M\u00ednimo 0.82 kg/Lts.; M\u00e1ximo 0.85 kg/Lts. a 15\u00baC. Solubilidad; 0.0005 g/100 mL en el Agua. Coeficiente de partici\u00f3n octanol/agua; No disponible. Temperatura de auto-ignici\u00f3n; > 250\u00baC. Temperatura de descomposici\u00f3n; No disponible. Umbral olfativo; No disponible. Tasa de evaporaci\u00f3n; < 0.8 respecto a n-butil acetato. Inflamabilidad (s\u00f3lido, gas); No aplica. Viscosidad; 1.9 - 4.1 mm\u00b2/s. a 40\u00ba C.", "start_char_idx": null, "end_char_idx": null, "text_template": "{metadata_str}\n\n{content}", "metadata_template": "{key}: {value}", "metadata_seperator": "\n", "class_name": "TextNode"}, "__type__": "1"}, "fc95d2ad-325b-477e-a6ee-ae27491322c9": {"__data__": {"id_": "fc95d2ad-325b-477e-a6ee-ae27491322c9", "embedding": null, "metadata": {"document_title": "HOJA DE DATOS DE SEGURIDAD", "metadata_product": "Petr\u00f3leo Diesel A-1", "metadata_description": "", "metadata_recommended_use": "Combustible para motores de auto encendido", "metadata_section": "Estabilidad y reactividad"}, "excluded_embed_metadata_keys": [], "excluded_llm_metadata_keys": [], "relationships": {"1": {"node_id": "514db746-bf84-453a-853d-f79dd69de191", "node_type": "4", "metadata": {"document_title": "HOJA DE DATOS DE SEGURIDAD", "metadata_product": "Petr\u00f3leo Diesel A-1", "metadata_description": "", "metadata_recommended_use": "Combustible para motores de auto encendido", "metadata_section": "Estabilidad y reactividad"}, "hash": "07eef0c3eeba74d0be3d608ef13371b5dd8494310ee7c1af272c990d5abcbc51", "class_name": "RelatedNodeInfo"}, "2": {"node_id": "50088522-11f4-40a8-bc42-4e3927fc4ca4", "node_type": "1", "metadata": {"document_title": "HOJA DE DATOS DE SEGURIDAD", "metadata_product": "Petr\u00f3leo Diesel A-1", "metadata_description": "", "metadata_recommended_use": "Combustible para motores de auto encendido", "metadata_section": "Propiedades f\u00edsicas y qu\u00edmicas"}, "hash": "f75903b0aa4666f6e77d5fbc32c8eafdee5229ad4729ba647a9e877f3041ecce", "class_name": "RelatedNodeInfo"}, "3": {"node_id": "a0adbcf3-bb6c-4e84-a7eb-1f50dcdd5122", "node_type": "1", "metadata": {"document_title": "HOJA DE DATOS DE SEGURIDAD", "metadata_product": "Petr\u00f3leo Diesel A-1", "metadata_description": "", "metadata_recommended_use": "Combustible para motores de auto encendido", "metadata_section": "Informaci\u00f3n toxicol\u00f3gica"}, "hash": "85e0957f3eec017bd9b01258be0cd134996b100bfa10930aa6b175d20f461ff2", "class_name": "RelatedNodeInfo"}}, "hash": "07eef0c3eeba74d0be3d608ef13371b5dd8494310ee7c1af272c990d5abcbc51", "text": "Estabilidad qu\u00edmica; El producto es estable en condiciones normales de almacenamiento, presi\u00f3n y temperatura. Reacciones peligrosas; Reacciona con agentes oxidantes fuertes. Condiciones que se deben evitar; Evitar altas temperaturas, chispas y fuego. El sobrecalentamiento de los envases puede generar su ruptura violenta debido a la presi\u00f3n generada. Materiales incompatibles; Incompatible con combustibles (tales como, nitratos, cloratos, percloratos, per\u00f3xidos, permanganatos, bromo, cloro, fl\u00faor) hipoclorito de sodio, otros hipocloritos, ox\u00edgeno concentrado, tet\u00f3xido de nitr\u00f3geno y \u00e1cido n\u00edtrico. Con condiciones fuertes, per\u00f3xidos, \u00e1cido n\u00edtrico, nitratos, permanganatos y percloratos. Productos de descomposici\u00f3n peligrosos; Se pueden generar productos de la combusti\u00f3n tales como Mon\u00f3xido de Carbono (CO), di\u00f3xido de carbono (CO2), di\u00f3xido de azufre (SO2) y \u00f3xido nitroso (NO).", "start_char_idx": null, "end_char_idx": null, "text_template": "{metadata_str}\n\n{content}", "metadata_template": "{key}: {value}", "metadata_seperator": "\n", "class_name": "TextNode"}, "__type__": "1"}, "a0adbcf3-bb6c-4e84-a7eb-1f50dcdd5122": {"__data__": {"id_": "a0adbcf3-bb6c-4e84-a7eb-1f50dcdd5122", "embedding": null, "metadata": {"document_title": "HOJA DE DATOS DE SEGURIDAD", "metadata_product": "Petr\u00f3leo Diesel A-1", "metadata_description": "", "metadata_recommended_use": "Combustible para motores de auto encendido", "metadata_section": "Informaci\u00f3n toxicol\u00f3gica"}, "excluded_embed_metadata_keys": [], "excluded_llm_metadata_keys": [], "relationships": {"1": {"node_id": "bf933323-0a49-4c4b-acb5-9ccff372107b", "node_type": "4", "metadata": {"document_title": "HOJA DE DATOS DE SEGURIDAD", "metadata_product": "Petr\u00f3leo Diesel A-1", "metadata_description": "", "metadata_recommended_use": "Combustible para motores de auto encendido", "metadata_section": "Informaci\u00f3n toxicol\u00f3gica"}, "hash": "85e0957f3eec017bd9b01258be0cd134996b100bfa10930aa6b175d20f461ff2", "class_name": "RelatedNodeInfo"}, "2": {"node_id": "fc95d2ad-325b-477e-a6ee-ae27491322c9", "node_type": "1", "metadata": {"document_title": "HOJA DE DATOS DE SEGURIDAD", "metadata_product": "Petr\u00f3leo Diesel A-1", "metadata_description": "", "metadata_recommended_use": "Combustible para motores de auto encendido", "metadata_section": "Estabilidad y reactividad"}, "hash": "07eef0c3eeba74d0be3d608ef13371b5dd8494310ee7c1af272c990d5abcbc51", "class_name": "RelatedNodeInfo"}, "3": {"node_id": "a318f673-00c8-4456-8e2a-c1be9cada774", "node_type": "1", "metadata": {"document_title": "HOJA DE DATOS DE SEGURIDAD", "metadata_product": "Petr\u00f3leo Diesel A-1", "metadata_description": "", "metadata_recommended_use": "Combustible para motores de auto encendido", "metadata_section": "Informaci\u00f3n toxicol\u00f3gica"}, "hash": "3436bd04acd85886b0991ee382c22e68fa5d3c7b55693874979c289c4437721a", "class_name": "RelatedNodeInfo"}}, "hash": "85e0957f3eec017bd9b01258be0cd134996b100bfa10930aa6b175d20f461ff2", "text": "Toxicidad aguda (DL50 y CL50); Datos toxicol\u00f3gicos:; Producto; DL50 Oral; DL50 Dermal; CL50 Inhalaci\u00f3n; >5001 mg/kg (Rata); No disponible; 7,64 mg/L (4 h-Rata); Irritaci\u00f3n/corrosi\u00f3n cut\u00e1nea; El producto es clasificado como irritante cut\u00e1neo (Categor\u00eda 2, H315), seg\u00fan criterios del GHS.; Lesiones oculares graves/irritaci\u00f3n ocular; El producto no es clasificado como causante de irritaci\u00f3n ocular grave, seg\u00fan criterios del GHS.; Sensibilizaci\u00f3n respiratoria o cut\u00e1nea; El producto no es clasificado como sensibilizante respiratorio o cut\u00e1neo, seg\u00fan criterios del GHS.; Mutagenicidad de c\u00e9lulas reproductoras in vitro; El producto no es clasificado como mutag\u00e9nico, seg\u00fan criterios del GHS.; Carcinogenicidad; El producto es clasificado como cancer\u00edgeno (Categor\u00eda 2, H351), seg\u00fan criterios del GHS.; Toxicidad reproductiva; El producto no es clasificado como t\u00f3xico reproductivo, seg\u00fan criterios del GHS.; Toxicidad espec\u00edfica en \u00f3rganos particulares-exposici\u00f3n \u00fanica; El producto no es clasificado como t\u00f3xico espec\u00edfico en \u00f3rganos particulares (exposici\u00f3n \u00fanica); seg\u00fan criterios del GHS.; Toxicidad espec\u00edfica en \u00f3rganos particulares-exposici\u00f3n repetida; El producto es clasificado como t\u00f3xico espec\u00edfico en \u00f3rganos particulares (exposici\u00f3n repetida) (Categor\u00eda 1, H373), seg\u00fan criterios del GHS.; Peligro de inhalaci\u00f3n;", "start_char_idx": null, "end_char_idx": null, "text_template": "{metadata_str}\n\n{content}", "metadata_template": "{key}: {value}", "metadata_seperator": "\n", "class_name": "TextNode"}, "__type__": "1"}, "a318f673-00c8-4456-8e2a-c1be9cada774": {"__data__": {"id_": "a318f673-00c8-4456-8e2a-c1be9cada774", "embedding": null, "metadata": {"document_title": "HOJA DE DATOS DE SEGURIDAD", "metadata_product": "Petr\u00f3leo Diesel A-1", "metadata_description": "", "metadata_recommended_use": "Combustible para motores de auto encendido", "metadata_section": "Informaci\u00f3n toxicol\u00f3gica"}, "excluded_embed_metadata_keys": [], "excluded_llm_metadata_keys": [], "relationships": {"1": {"node_id": "f3f2d175-4abd-4716-bc84-c2e9ef5c41e9", "node_type": "4", "metadata": {"document_title": "HOJA DE DATOS DE SEGURIDAD", "metadata_product": "Petr\u00f3leo Diesel A-1", "metadata_description": "", "metadata_recommended_use": "Combustible para motores de auto encendido", "metadata_section": "Informaci\u00f3n toxicol\u00f3gica"}, "hash": "3436bd04acd85886b0991ee382c22e68fa5d3c7b55693874979c289c4437721a", "class_name": "RelatedNodeInfo"}, "2": {"node_id": "a0adbcf3-bb6c-4e84-a7eb-1f50dcdd5122", "node_type": "1", "metadata": {"document_title": "HOJA DE DATOS DE SEGURIDAD", "metadata_product": "Petr\u00f3leo Diesel A-1", "metadata_description": "", "metadata_recommended_use": "Combustible para motores de auto encendido", "metadata_section": "Informaci\u00f3n toxicol\u00f3gica"}, "hash": "85e0957f3eec017bd9b01258be0cd134996b100bfa10930aa6b175d20f461ff2", "class_name": "RelatedNodeInfo"}, "3": {"node_id": "fc332359-8256-49a0-8ca9-84ca89fcacda", "node_type": "1", "metadata": {"document_title": "HOJA DE DATOS DE SEGURIDAD", "metadata_product": "Petr\u00f3leo Diesel A-1", "metadata_description": "", "metadata_recommended_use": "Combustible para motores de auto encendido", "metadata_section": "Secci\u00f3n 12: Informaci\u00f3n ecol\u00f3gica"}, "hash": "ffa5a4a7337066503dd91ff8a3bbae6f0fa1a2787fb387e1bb7c0da19227645c", "class_name": "RelatedNodeInfo"}}, "hash": "3436bd04acd85886b0991ee382c22e68fa5d3c7b55693874979c289c4437721a", "text": "El producto es clasificado como peligro de aspiraci\u00f3n (Categor\u00eda 1, H304), seg\u00fan criterios del GHS.; Toxicocin\u00e9tica; No disponible.; Metabolismo; No disponible.; Distribuci\u00f3n; No disponible.; Patogenicidad e infecciosidad aguda (oral, d\u00e9rmica e inhalatoria); No aplica.; Disrupci\u00f3n endocrina; No disponible. Neurotoxicidad; No disponible. Inmunotoxicidad; No disponible. S\u00edntomas relacionados; No disponible. L\u00edmite inmediatamente peligroso para la vida y la salud (IDLH); No establecido. V\u00edas de exposici\u00f3n; Inhalaci\u00f3n; Los vapores pueden irritar las mucosas, asfixia por desplazamiento de ox\u00edgeno, dolor de cabeza, dificultad al respirar, p\u00e9rdida del coordinaci\u00f3n muscular, visi\u00f3n borrosa y convulsiones. En altas concentraciones de vapor puede ser mortal. Contacto con la piel; Puede causar irritaci\u00f3n de la piel. El contacto repetido con la piel puede causar dermatitis. Contacto con los ojos; Puede causar irritaci\u00f3n, incluso da\u00f1os oculares si la exposici\u00f3n es larga. Puede causar conjuntivitis. Ingesti\u00f3n; Puede causar irritaci\u00f3n gastrointestinal v\u00f3mitos, diarrea y en casos severos depresi\u00f3n del sistema nervioso central.", "start_char_idx": null, "end_char_idx": null, "text_template": "{metadata_str}\n\n{content}", "metadata_template": "{key}: {value}", "metadata_seperator": "\n", "class_name": "TextNode"}, "__type__": "1"}, "fc332359-8256-49a0-8ca9-84ca89fcacda": {"__data__": {"id_": "fc332359-8256-49a0-8ca9-84ca89fcacda", "embedding": null, "metadata": {"document_title": "HOJA DE DATOS DE SEGURIDAD", "metadata_product": "Petr\u00f3leo Diesel A-1", "metadata_description": "", "metadata_recommended_use": "Combustible para motores de auto encendido", "metadata_section": "Secci\u00f3n 12: Informaci\u00f3n ecol\u00f3gica"}, "excluded_embed_metadata_keys": [], "excluded_llm_metadata_keys": [], "relationships": {"1": {"node_id": "caab34f9-667c-48a2-9d09-9db6e91ca818", "node_type": "4", "metadata": {"document_title": "HOJA DE DATOS DE SEGURIDAD", "metadata_product": "Petr\u00f3leo Diesel A-1", "metadata_description": "", "metadata_recommended_use": "Combustible para motores de auto encendido", "metadata_section": "Secci\u00f3n 12: Informaci\u00f3n ecol\u00f3gica"}, "hash": "ffa5a4a7337066503dd91ff8a3bbae6f0fa1a2787fb387e1bb7c0da19227645c", "class_name": "RelatedNodeInfo"}, "2": {"node_id": "a318f673-00c8-4456-8e2a-c1be9cada774", "node_type": "1", "metadata": {"document_title": "HOJA DE DATOS DE SEGURIDAD", "metadata_product": "Petr\u00f3leo Diesel A-1", "metadata_description": "", "metadata_recommended_use": "Combustible para motores de auto encendido", "metadata_section": "Informaci\u00f3n toxicol\u00f3gica"}, "hash": "3436bd04acd85886b0991ee382c22e68fa5d3c7b55693874979c289c4437721a", "class_name": "RelatedNodeInfo"}, "3": {"node_id": "90fe45dd-abec-4250-8d6f-c4dce4b2e7ab", "node_type": "1", "metadata": {"document_title": "HOJAS DE DATOS DE SEGURIDAD", "metadata_product": "Petr\u00f3leo Diesel A-1", "metadata_description": "", "metadata_recommended_use": "Combustible para motores de auto encendido", "metadata_section": "Informaci\u00f3n sobre la disposici\u00f3n final"}, "hash": "27d7745e7f01a8a667f07fdbc1521031b2bf2506f59a99e37edb42fa79314923", "class_name": "RelatedNodeInfo"}}, "hash": "ffa5a4a7337066503dd91ff8a3bbae6f0fa1a2787fb387e1bb7c0da19227645c", "text": "Ecotoxicidad (EC, IC y LC);Ecotoxicidad aguda: Petr\u00f3leo Diesel. Peces, CL50; >1000 mg/L. Invertebrados, EC50; > 1000 mg/L. Ecotoxicidad cr\u00f3nica: Petr\u00f3leo Diesel. Persistencia y degradabilidad;CSEO/NOEC: \u2264 0,01 mg/L. Biodegradable. Potencial de bioacumulaci\u00f3n;No disponible. Movilidad en el suelo;En la mayor\u00eda de las condiciones ambientales flota sobre el agua Otros efectos adversos;El producto es clasificado comot\u00f3xico para los organismos acu\u00e1ticos, con efectos nocivos duraderos (Categor\u00eda 2, H411), seg\u00fan criterios del GHS.", "start_char_idx": null, "end_char_idx": null, "text_template": "{metadata_str}\n\n{content}", "metadata_template": "{key}: {value}", "metadata_seperator": "\n", "class_name": "TextNode"}, "__type__": "1"}, "90fe45dd-abec-4250-8d6f-c4dce4b2e7ab": {"__data__": {"id_": "90fe45dd-abec-4250-8d6f-c4dce4b2e7ab", "embedding": null, "metadata": {"document_title": "HOJAS DE DATOS DE SEGURIDAD", "metadata_product": "Petr\u00f3leo Diesel A-1", "metadata_description": "", "metadata_recommended_use": "Combustible para motores de auto encendido", "metadata_section": "Informaci\u00f3n sobre la disposici\u00f3n final"}, "excluded_embed_metadata_keys": [], "excluded_llm_metadata_keys": [], "relationships": {"1": {"node_id": "c7726efa-c2b2-4ba1-8873-1ac34298eecd", "node_type": "4", "metadata": {"document_title": "HOJAS DE DATOS DE SEGURIDAD", "metadata_product": "Petr\u00f3leo Diesel A-1", "metadata_description": "", "metadata_recommended_use": "Combustible para motores de auto encendido", "metadata_section": "Informaci\u00f3n sobre la disposici\u00f3n final"}, "hash": "27d7745e7f01a8a667f07fdbc1521031b2bf2506f59a99e37edb42fa79314923", "class_name": "RelatedNodeInfo"}, "2": {"node_id": "fc332359-8256-49a0-8ca9-84ca89fcacda", "node_type": "1", "metadata": {"document_title": "HOJA DE DATOS DE SEGURIDAD", "metadata_product": "Petr\u00f3leo Diesel A-1", "metadata_description": "", "metadata_recommended_use": "Combustible para motores de auto encendido", "metadata_section": "Secci\u00f3n 12: Informaci\u00f3n ecol\u00f3gica"}, "hash": "ffa5a4a7337066503dd91ff8a3bbae6f0fa1a2787fb387e1bb7c0da19227645c", "class_name": "RelatedNodeInfo"}, "3": {"node_id": "1e6ae252-bc76-4f6e-b51b-aef5a2b177f2", "node_type": "1", "metadata": {"document_title": "HOJA DE DATOS DE SEGURIDAD", "metadata_product": "Petr\u00f3leo Diesel A-1", "metadata_description": "", "metadata_recommended_use": "Combustible para motores de auto encendido", "metadata_section": "Informaci\u00f3n sobre el transporte"}, "hash": "ae6a715ac22fa00dc1666d49f89cabcf7c0fa3b9cb506ec268b0db5fcad9b1ba", "class_name": "RelatedNodeInfo"}}, "hash": "27d7745e7f01a8a667f07fdbc1521031b2bf2506f59a99e37edb42fa79314923", "text": "M\u00e9todos de disposici\u00f3n final para residuos, envases y embalajes contaminados y cualquier material contaminado, de acuerdo a la normativa nacional vigente.;El residuo puede ser considerado \"peligroso\", seg\u00fan DS 148: Reglamento sanitario sobre manejo de residuos peligrosos, Art\u00edculo 15, debido a su bajo punto de inflamaci\u00f3n. En caso de que la sustancia est\u00e9 contaminada, se debe reevaluar su peligrosidad. Es responsabilidad del generador del residuo identificar su nivel de peligrosidad, manipularlo y eliminarlo adecuadamente cumpliendo con la legislaci\u00f3n nacional vigente.", "start_char_idx": null, "end_char_idx": null, "text_template": "{metadata_str}\n\n{content}", "metadata_template": "{key}: {value}", "metadata_seperator": "\n", "class_name": "TextNode"}, "__type__": "1"}, "1e6ae252-bc76-4f6e-b51b-aef5a2b177f2": {"__data__": {"id_": "1e6ae252-bc76-4f6e-b51b-aef5a2b177f2", "embedding": null, "metadata": {"document_title": "HOJA DE DATOS DE SEGURIDAD", "metadata_product": "Petr\u00f3leo Diesel A-1", "metadata_description": "", "metadata_recommended_use": "Combustible para motores de auto encendido", "metadata_section": "Informaci\u00f3n sobre el transporte"}, "excluded_embed_metadata_keys": [], "excluded_llm_metadata_keys": [], "relationships": {"1": {"node_id": "f4556102-4118-4c40-bc09-a605235a468f", "node_type": "4", "metadata": {"document_title": "HOJA DE DATOS DE SEGURIDAD", "metadata_product": "Petr\u00f3leo Diesel A-1", "metadata_description": "", "metadata_recommended_use": "Combustible para motores de auto encendido", "metadata_section": "Informaci\u00f3n sobre el transporte"}, "hash": "ae6a715ac22fa00dc1666d49f89cabcf7c0fa3b9cb506ec268b0db5fcad9b1ba", "class_name": "RelatedNodeInfo"}, "2": {"node_id": "90fe45dd-abec-4250-8d6f-c4dce4b2e7ab", "node_type": "1", "metadata": {"document_title": "HOJAS DE DATOS DE SEGURIDAD", "metadata_product": "Petr\u00f3leo Diesel A-1", "metadata_description": "", "metadata_recommended_use": "Combustible para motores de auto encendido", "metadata_section": "Informaci\u00f3n sobre la disposici\u00f3n final"}, "hash": "27d7745e7f01a8a667f07fdbc1521031b2bf2506f59a99e37edb42fa79314923", "class_name": "RelatedNodeInfo"}, "3": {"node_id": "c6d066b4-6be0-4c5d-a80e-1c8fef8ead4e", "node_type": "1", "metadata": {"document_title": "HOJA DE DATOS DE SEGURIDAD", "metadata_product": "Petr\u00f3leo Diesel A-1", "metadata_description": "", "metadata_recommended_use": "Combustible para motores de auto encendido", "metadata_section": "Informaci\u00f3n reglamentaria"}, "hash": "ab1433afaacf70b85d175bfbeb738873cce4b4caf846ae3d832473a98181d243", "class_name": "RelatedNodeInfo"}}, "hash": "ae6a715ac22fa00dc1666d49f89cabcf7c0fa3b9cb506ec268b0db5fcad9b1ba", "text": "Modalidad de transporte\nRegulaciones;Terrestre DS 298;Mar\u00edtima IMDG 1202;A\u00e9rea IATA 1202\nN\u00famero NU;;;;;\nDesignaci\u00f3n oficial de transporte;GAS\u00d3LEO O COMBUSTIBLE PARA MOTORES DI\u00c9SEL;GAS\u00d3LEO O COMBUSTIBLE PARA MOTORES DI\u00c9SEL;GAS\u00d3LEO O COMBUSTIBLE PARA MOTORES DI\u00c9SEL\n;;;;;;\nClasificaci\u00f3n de peligro primario NU;CLASE 3: L\u00edquidos inflamables;CLASE 3: L\u00edquidos inflamables;CLASE 3: L\u00edquidos inflamables\n;;;;;;\nClasificaci\u00f3n de peligro secundario NU;No aplica;No aplica;No aplica\nGrupo de embalaje/envase;III;III;III\nPeligro Ambientales;Ver secci\u00f3n 12;Ver secci\u00f3n 12;Ver secci\u00f3n 12\nPrecauciones especiales;Ninguno;Ninguno;Ninguno. Transporte a granel con arreglo al anexo II del convenio Marpol 73/78 y el c\u00f3digo IBC El producto no se encuentra listado en el anexo II del convenio Marpol 73/78 y el c\u00f3digo IBC.", "start_char_idx": null, "end_char_idx": null, "text_template": "{metadata_str}\n\n{content}", "metadata_template": "{key}: {value}", "metadata_seperator": "\n", "class_name": "TextNode"}, "__type__": "1"}, "c6d066b4-6be0-4c5d-a80e-1c8fef8ead4e": {"__data__": {"id_": "c6d066b4-6be0-4c5d-a80e-1c8fef8ead4e", "embedding": null, "metadata": {"document_title": "HOJA DE DATOS DE SEGURIDAD", "metadata_product": "Petr\u00f3leo Diesel A-1", "metadata_description": "", "metadata_recommended_use": "Combustible para motores de auto encendido", "metadata_section": "Informaci\u00f3n reglamentaria"}, "excluded_embed_metadata_keys": [], "excluded_llm_metadata_keys": [], "relationships": {"1": {"node_id": "a8a12b48-906b-40b8-8982-240359928c60", "node_type": "4", "metadata": {"document_title": "HOJA DE DATOS DE SEGURIDAD", "metadata_product": "Petr\u00f3leo Diesel A-1", "metadata_description": "", "metadata_recommended_use": "Combustible para motores de auto encendido", "metadata_section": "Informaci\u00f3n reglamentaria"}, "hash": "ab1433afaacf70b85d175bfbeb738873cce4b4caf846ae3d832473a98181d243", "class_name": "RelatedNodeInfo"}, "2": {"node_id": "1e6ae252-bc76-4f6e-b51b-aef5a2b177f2", "node_type": "1", "metadata": {"document_title": "HOJA DE DATOS DE SEGURIDAD", "metadata_product": "Petr\u00f3leo Diesel A-1", "metadata_description": "", "metadata_recommended_use": "Combustible para motores de auto encendido", "metadata_section": "Informaci\u00f3n sobre el transporte"}, "hash": "ae6a715ac22fa00dc1666d49f89cabcf7c0fa3b9cb506ec268b0db5fcad9b1ba", "class_name": "RelatedNodeInfo"}, "3": {"node_id": "737873c6-1080-4364-8a3b-45081b858887", "node_type": "1", "metadata": {"document_title": "HOJA DE DATOS DE SEGURIDAD", "metadata_product": "Petr\u00f3leo Diesel A-1", "metadata_description": "", "metadata_recommended_use": "Combustible para motores de auto encendido", "metadata_section": "Secci\u00f3n 16: Otras informaciones"}, "hash": "856179461a6e54a3f6e5a8ac5b1876c2a4e090511e3380a0b6a07ca398ef5d63", "class_name": "RelatedNodeInfo"}}, "hash": "ab1433afaacf70b85d175bfbeb738873cce4b4caf846ae3d832473a98181d243", "text": "Regulaciones nacionales;: NCh2245 Vigente. Hoja de datos de seguridad para producto qu\u00edmicos-contenido y orden de las secciones.;NCh4114/1 Vigente. Prevenci\u00f3n de riesgos \u2013 Parte 4: identificaci\u00f3n de riesgos de materiales.;NCh382 Vigente. Sustancias Peligrosas-Clasificaci\u00f3n;NCh2190 Vigente. Tr\u00e1nsporte de sustancias peligrosas-Distinto via identificaci\u00f3n de riesgos.;DS N\u00b040 Vigente. Reglamento sobre prevenci\u00f3n de riesgos profesionales.;DS N\u00b0298 Vigente. Reglamento sobre transporte de cargas peligrosas por calles y caminos.;DS N\u00b0148 Vigente. Reglamento sanitario sobre manejo de residuos peligrosos.;DS N\u00b0594 Vigente. Reglamento sobre condiciones sanitarias y ambientales b\u00e1sicas en los lugares de trabajo.;DS N\u00b043 Vigente. Reglamento de almacenamiento de sustancias peligrosas.;REIS. EX. N\u00b0 408, 2016 MIN. SALUD. Listado de Sustancias Peligrosas para la Salud. Regulaciones internacionales;NFPA 704, 2017. Sistema normativo para la identificaci\u00f3n de los riesgos de materiales para respuesta a emergencias.;USA: Sustancias no listada como sustancia peligrosa (DOT);OSHA. Occupational Safety and Health Administration.;NIOSH. The National Institute for Occupational Safety and Health.;ACGIH. American Conference of Governmental Industrial Hygienist.;GHS. Sistema Globalmente Armonizado de Clasificaci\u00f3n y Etiquetado de Productos Qu\u00edmicos.;REACH. Reglamento (CE) N\u00b01907/2006 del Parlamento europeo y del consejo relativo al registro, la evaluaci\u00f3n, la autorizaci\u00f3n y la restricci\u00f3n de las sustancias y preparados qu\u00edmicos.;CLP. Reglamento (CE) 1272/2008 del Parlamento europeo y del consejo sobre clasificaci\u00f3n, etiquetado y envasado de sustancias y mezclas.;ANEXO V DEL CONVENIO MARPOL 73/78. Convenio internacional para prevenir la contaminaci\u00f3n por los buques.;C\u00d3DIGO IMSBC. C\u00f3digo Mar\u00edtimo Internacional de cargas s\u00f3lidas a granel.;C\u00d3DIGO IMDG. International Maritime Dangerous Goods.;C\u00d3DIGO IATA. International Air Transport Association. El receptor deber\u00eda verificar la posible existencia de regulaciones locales aplicables al producto qu\u00edmico.", "start_char_idx": null, "end_char_idx": null, "text_template": "{metadata_str}\n\n{content}", "metadata_template": "{key}: {value}", "metadata_seperator": "\n", "class_name": "TextNode"}, "__type__": "1"}, "737873c6-1080-4364-8a3b-45081b858887": {"__data__": {"id_": "737873c6-1080-4364-8a3b-45081b858887", "embedding": null, "metadata": {"document_title": "HOJA DE DATOS DE SEGURIDAD", "metadata_product": "Petr\u00f3leo Diesel A-1", "metadata_description": "", "metadata_recommended_use": "Combustible para motores de auto encendido", "metadata_section": "Secci\u00f3n 16: Otras informaciones"}, "excluded_embed_metadata_keys": [], "excluded_llm_metadata_keys": [], "relationships": {"1": {"node_id": "663b11ce-a2e8-4bae-9062-b0d3ebd797d0", "node_type": "4", "metadata": {"document_title": "HOJA DE DATOS DE SEGURIDAD", "metadata_product": "Petr\u00f3leo Diesel A-1", "metadata_description": "", "metadata_recommended_use": "Combustible para motores de auto encendido", "metadata_section": "Secci\u00f3n 16: Otras informaciones"}, "hash": "856179461a6e54a3f6e5a8ac5b1876c2a4e090511e3380a0b6a07ca398ef5d63", "class_name": "RelatedNodeInfo"}, "2": {"node_id": "c6d066b4-6be0-4c5d-a80e-1c8fef8ead4e", "node_type": "1", "metadata": {"document_title": "HOJA DE DATOS DE SEGURIDAD", "metadata_product": "Petr\u00f3leo Diesel A-1", "metadata_description": "", "metadata_recommended_use": "Combustible para motores de auto encendido", "metadata_section": "Informaci\u00f3n reglamentaria"}, "hash": "ab1433afaacf70b85d175bfbeb738873cce4b4caf846ae3d832473a98181d243", "class_name": "RelatedNodeInfo"}}, "hash": "856179461a6e54a3f6e5a8ac5b1876c2a4e090511e3380a0b6a07ca398ef5d63", "text": "Control de cambios;Segunda versi\u00f3n: Se actualiza l\u00edmites permisibles de acuerdo con el DS594. Abreviaturas y acr\u00f3nimos;CL50 : Concentraci\u00f3n Letal Media.;DL50 : Dosis Letal Media.;CE50 : Concentraci\u00f3n Efectiva Media.;LPP : L\u00edmite permisible ponderado.;LPT : L\u00edmite permisible temporal.;TWA : Promedio ponderado en el tiempo.;IDLH : L\u00edmite inmediatamente peligroso para la vida y la salud. CAS : Chemical Abstracts Service.;ACGIH : American Conference of Governmental Industrial Hygienists. (Conferencia Americana de Higienistas Industriales Gubernamentales).;NIOSH : National Institute of Occupational Safety and Health (Instituto Nacional de Seguridad y Salud Ocupacional).;OSHA : Occupational Safety and Health Administration (Administraci\u00f3n de Seguridad y Salud Ocupacional);GHS : Sistema Globalmente Armonizado de Clasificaci\u00f3n y Etiquetado de Productos Qu\u00edmicos.;IMDG : International Maritime Dangerous Goods.;IATA : International Air Transport Association. Referencias bibliogr\u00e1ficas;Visto por \u00faltima vez: Octubre 2019;http://www.osuftengutore.org/Basics/chemlist.htm;http://rsicc.iaea.nts/efdn_rsiccx_buscardor.asp;http://echa.europa.eu/information-on-chemicals;https://www.osha.gov/dsg/annotated-pels/tablez-3.html Directrices;La presente Hoja de Datos de Seguridad (HDS) se homolog\u00f3, de acuerdo a los requisitos y formatos exigidos por la NCh2245: 2015. Esta se realiza a partir de la HDS original del producto, complementada con referencias t\u00e9cnicas validadas (Compa\u00f1\u00eda de Petr\u00f3leos de Chile COPEC S.A.). Homologaci\u00f3n T\u00e9cnica en espa\u00f1ol de acuerdo a la NCh2245.Vigente;Elaborado por: M. Ximena Saavedra P. Revisado por: Cristina D\u00edaz V. Aprobada por: Mauricio Soto. Fecha de \u00faltima actualizaci\u00f3n: Noviembre 2019 DOCU-PRSE-ST382.31.02", "start_char_idx": null, "end_char_idx": null, "text_template": "{metadata_str}\n\n{content}", "metadata_template": "{key}: {value}", "metadata_seperator": "\n", "class_name": "TextNode"}, "__type__": "1"}}, "docstore/ref_doc_info": {"c606418a-3c8f-4656-ab56-01592938c7fe": {"node_ids": ["d7d2c007-9c2b-4085-a14d-73b9f3935203"], "metadata": {"document_title": "HOJA DE DATOS DE SEGURIDAD", "metadata_product": "Petr\u00f3leo Diesel A-1", "metadata_description": "", "metadata_recommended_use": "Combustible para motores de auto encendido", "metadata_section": "Seccion 1: Identificaci\u00f3n del producto qu\u00edmico y de la empresa"}}, "3310d809-19be-467a-af95-8a5b04f1c7ce": {"node_ids": ["cf492bc5-477b-407d-b51a-c4fcb76a8ee1"], "metadata": {"document_title": "HOJA DE DATOS DE SEGURIDAD", "metadata_product": "Petr\u00f3leo Diesel A-1", "metadata_description": "", "metadata_recommended_use": "Combustible para motores de auto encendido", "metadata_section": "Seccion 2: Identificaci\u00f3n de los peligros"}}, "024f8961-fb30-4a87-8350-44f8b77fa051": {"node_ids": ["b442e13a-5667-4b29-9571-cf6ba91e0b71"], "metadata": {"document_title": "HOJA DE DATOS DE SEGURIDAD", "metadata_product": "Petr\u00f3leo Diesel A-1", "metadata_description": "", "metadata_recommended_use": "Combustible para motores de auto encendido", "metadata_section": "Seccion 2: Identificaci\u00f3n de los peligros"}}, "fb1f34ff-2170-41a3-a716-8cf44ff44069": {"node_ids": ["9615232d-42a6-4ab9-9436-9855392d7536"], "metadata": {"document_title": "HOJA DE DATOS DE SEGURIDAD", "metadata_product": "Petr\u00f3leo Diesel A-1", "metadata_description": "", "metadata_recommended_use": "Combustible para motores de auto encendido", "metadata_section": "Seccion 3: Composici\u00f3n/informaci\u00f3n de los componentes"}}, "0b138002-ca83-4646-aa8c-0834b07fba06": {"node_ids": ["4661a2cc-2f52-4deb-9905-ec89064f13f8"], "metadata": {"document_title": "HOJA DE DATOS DE SEGURIDAD", "metadata_product": "Petr\u00f3leo Diesel A-1", "metadata_description": "", "metadata_recommended_use": "Combustible para motores de auto encendido", "metadata_section": "Seccion 4: Primeros auxilios"}}, "cc935aa7-d7a3-4106-abf8-9df9ea2b76f7": {"node_ids": ["6105724f-bf6e-456c-b9ca-2559db5c384e"], "metadata": {"document_title": "HOJA DE DATOS DE SEGURIDAD", "metadata_product": "Petr\u00f3leo Diesel A-1", "metadata_description": "", "metadata_recommended_use": "Combustible para motores de auto encendido", "metadata_section": "Secci\u00f3n 5: Medidas para lucha contra incendios"}}, "1c526141-2de2-4daf-83b9-1487e9058c81": {"node_ids": ["3ddfa651-6940-486b-b5b8-d7e86373d9c0"], "metadata": {"document_title": "HOJA DE DATOS DE SEGURIDAD", "metadata_product": "Petr\u00f3leo Diesel A-1", "metadata_description": "", "metadata_recommended_use": "Combustible para motores de auto encendido", "metadata_section": "Secci\u00f3n 5: Medidas para lucha contra incendios"}}, "55cd3921-f325-470a-8f23-6b84d285c691": {"node_ids": ["38e4f5af-f23d-40fb-b712-ed717b236710"], "metadata": {"document_title": "HOJA DE DATOS DE SEGURIDAD", "metadata_product": "Petr\u00f3leo Diesel A-1", "metadata_description": "", "metadata_recommended_use": "Combustible para motores de auto encendido", "metadata_section": "Secci\u00f3n 6: Medidas que se deben tomar en caso de derrame accidental"}}, "2dc06d8b-c21b-489c-8db0-517c194f0187": {"node_ids": ["c74ead4a-fd5e-4a57-9453-d76c578e9622"], "metadata": {"document_title": "HOJA DE DATOS DE SEGURIDAD", "metadata_product": "Petr\u00f3leo Diesel A-1", "metadata_description": "", "metadata_recommended_use": "Combustible para motores de auto encendido", "metadata_section": "Secci\u00f3n 7: Manipulaci\u00f3n y almacenamiento"}}, "e8ba256a-7b8e-4546-8b92-5457769019fa": {"node_ids": ["865f8869-b5c5-4ee0-945f-0e1272a261d8"], "metadata": {"document_title": "HOJA DE DATOS DE SEGURIDAD", "metadata_product": "Petr\u00f3leo Diesel A-1", "metadata_description": "", "metadata_recommended_use": "Combustible para motores de auto encendido", "metadata_section": "Secci\u00f3n 8: Manipulaci\u00f3n y almacenamiento"}}, "ae2f970c-a938-42d4-9849-d0c1851e8a04": {"node_ids": ["d6ca8e75-137e-4b82-ae38-5e18ca5e8fe1"], "metadata": {"document_title": "HOJA DE DATOS DE SEGURIDAD", "metadata_product": "Petr\u00f3leo Diesel A-1", "metadata_description": "", "metadata_recommended_use": "Combustible para motores de auto encendido", "metadata_section": "Secci\u00f3n 8: Controles de exposici\u00f3n/protecci\u00f3n personal"}}, "ea72afe5-3685-49d6-9e52-9698bdef8ab1": {"node_ids": ["50088522-11f4-40a8-bc42-4e3927fc4ca4"], "metadata": {"document_title": "HOJA DE DATOS DE SEGURIDAD", "metadata_product": "Petr\u00f3leo Diesel A-1", "metadata_description": "", "metadata_recommended_use": "Combustible para motores de auto encendido", "metadata_section": "Propiedades f\u00edsicas y qu\u00edmicas"}}, "514db746-bf84-453a-853d-f79dd69de191": {"node_ids": ["fc95d2ad-325b-477e-a6ee-ae27491322c9"], "metadata": {"document_title": "HOJA DE DATOS DE SEGURIDAD", "metadata_product": "Petr\u00f3leo Diesel A-1", "metadata_description": "", "metadata_recommended_use": "Combustible para motores de auto encendido", "metadata_section": "Estabilidad y reactividad"}}, "bf933323-0a49-4c4b-acb5-9ccff372107b": {"node_ids": ["a0adbcf3-bb6c-4e84-a7eb-1f50dcdd5122"], "metadata": {"document_title": "HOJA DE DATOS DE SEGURIDAD", "metadata_product": "Petr\u00f3leo Diesel A-1", "metadata_description": "", "metadata_recommended_use": "Combustible para motores de auto encendido", "metadata_section": "Informaci\u00f3n toxicol\u00f3gica"}}, "f3f2d175-4abd-4716-bc84-c2e9ef5c41e9": {"node_ids": ["a318f673-00c8-4456-8e2a-c1be9cada774"], "metadata": {"document_title": "HOJA DE DATOS DE SEGURIDAD", "metadata_product": "Petr\u00f3leo Diesel A-1", "metadata_description": "", "metadata_recommended_use": "Combustible para motores de auto encendido", "metadata_section": "Informaci\u00f3n toxicol\u00f3gica"}}, "caab34f9-667c-48a2-9d09-9db6e91ca818": {"node_ids": ["fc332359-8256-49a0-8ca9-84ca89fcacda"], "metadata": {"document_title": "HOJA DE DATOS DE SEGURIDAD", "metadata_product": "Petr\u00f3leo Diesel A-1", "metadata_description": "", "metadata_recommended_use": "Combustible para motores de auto encendido", "metadata_section": "Secci\u00f3n 12: Informaci\u00f3n ecol\u00f3gica"}}, "c7726efa-c2b2-4ba1-8873-1ac34298eecd": {"node_ids": ["90fe45dd-abec-4250-8d6f-c4dce4b2e7ab"], "metadata": {"document_title": "HOJAS DE DATOS DE SEGURIDAD", "metadata_product": "Petr\u00f3leo Diesel A-1", "metadata_description": "", "metadata_recommended_use": "Combustible para motores de auto encendido", "metadata_section": "Informaci\u00f3n sobre la disposici\u00f3n final"}}, "f4556102-4118-4c40-bc09-a605235a468f": {"node_ids": ["1e6ae252-bc76-4f6e-b51b-aef5a2b177f2"], "metadata": {"document_title": "HOJA DE DATOS DE SEGURIDAD", "metadata_product": "Petr\u00f3leo Diesel A-1", "metadata_description": "", "metadata_recommended_use": "Combustible para motores de auto encendido", "metadata_section": "Informaci\u00f3n sobre el transporte"}}, "a8a12b48-906b-40b8-8982-240359928c60": {"node_ids": ["c6d066b4-6be0-4c5d-a80e-1c8fef8ead4e"], "metadata": {"document_title": "HOJA DE DATOS DE SEGURIDAD", "metadata_product": "Petr\u00f3leo Diesel A-1", "metadata_description": "", "metadata_recommended_use": "Combustible para motores de auto encendido", "metadata_section": "Informaci\u00f3n reglamentaria"}}, "663b11ce-a2e8-4bae-9062-b0d3ebd797d0": {"node_ids": ["737873c6-1080-4364-8a3b-45081b858887"], "metadata": {"document_title": "HOJA DE DATOS DE SEGURIDAD", "metadata_product": "Petr\u00f3leo Diesel A-1", "metadata_description": "", "metadata_recommended_use": "Combustible para motores de auto encendido", "metadata_section": "Secci\u00f3n 16: Otras informaciones"}}}, "docstore/metadata": {"d7d2c007-9c2b-4085-a14d-73b9f3935203": {"doc_hash": "55c9bd5c954af8fe904c2b035c3579f22e888433cec46a0415660b5fcf4d5537", "ref_doc_id": "c606418a-3c8f-4656-ab56-01592938c7fe"}, "cf492bc5-477b-407d-b51a-c4fcb76a8ee1": {"doc_hash": "1f86d9e00729d07c7a5b88637b39ab33cc6054b39251e8ccb5a1cd3ab434594b", "ref_doc_id": "3310d809-19be-467a-af95-8a5b04f1c7ce"}, "b442e13a-5667-4b29-9571-cf6ba91e0b71": {"doc_hash": "782a9844dba4e6c47ba9682bec5285fdc4a90b054e6166581432b14abaec0821", "ref_doc_id": "024f8961-fb30-4a87-8350-44f8b77fa051"}, "9615232d-42a6-4ab9-9436-9855392d7536": {"doc_hash": "4ec345714aa1c5fe129918d785c6c72dc2bdf4a55973b167547a2e90519c3e45", "ref_doc_id": "fb1f34ff-2170-41a3-a716-8cf44ff44069"}, "4661a2cc-2f52-4deb-9905-ec89064f13f8": {"doc_hash": "cc738fd55e88c8de7750e8e020ad670c660a41efffaf95b59decd2b91c43e2fe", "ref_doc_id": "0b138002-ca83-4646-aa8c-0834b07fba06"}, "6105724f-bf6e-456c-b9ca-2559db5c384e": {"doc_hash": "a6b6c7de73ad66bc8f7479e5d8f4605b42466a95c19fb36ed15b77060c694182", "ref_doc_id": "cc935aa7-d7a3-4106-abf8-9df9ea2b76f7"}, "3ddfa651-6940-486b-b5b8-d7e86373d9c0": {"doc_hash": "593f7ea7b5b899dee66368e383549b8944f56a95803327046fc56b5bde9ce923", "ref_doc_id": "1c526141-2de2-4daf-83b9-1487e9058c81"}, "38e4f5af-f23d-40fb-b712-ed717b236710": {"doc_hash": "034b0555358c85cd5d0d0167f00324df941b3b3cb1810594c1e2f71f56e4e443", "ref_doc_id": "55cd3921-f325-470a-8f23-6b84d285c691"}, "c74ead4a-fd5e-4a57-9453-d76c578e9622": {"doc_hash": "02b9bd0bd6baa3d3db4c433599fd8f000d1e70ba80d068b7a8c0ec8dba4d9fcc", "ref_doc_id": "2dc06d8b-c21b-489c-8db0-517c194f0187"}, "865f8869-b5c5-4ee0-945f-0e1272a261d8": {"doc_hash": "770d3495eb1233f2e7e5d8490f3e49603353211f6ab38d2b391002fd88e0071c", "ref_doc_id": "e8ba256a-7b8e-4546-8b92-5457769019fa"}, "d6ca8e75-137e-4b82-ae38-5e18ca5e8fe1": {"doc_hash": "f246774cbc9dffce2eb43afddad88ea4457d24e8c7de1b387378163bdde8b3e7", "ref_doc_id": "ae2f970c-a938-42d4-9849-d0c1851e8a04"}, "50088522-11f4-40a8-bc42-4e3927fc4ca4": {"doc_hash": "f75903b0aa4666f6e77d5fbc32c8eafdee5229ad4729ba647a9e877f3041ecce", "ref_doc_id": "ea72afe5-3685-49d6-9e52-9698bdef8ab1"}, "fc95d2ad-325b-477e-a6ee-ae27491322c9": {"doc_hash": "07eef0c3eeba74d0be3d608ef13371b5dd8494310ee7c1af272c990d5abcbc51", "ref_doc_id": "514db746-bf84-453a-853d-f79dd69de191"}, "a0adbcf3-bb6c-4e84-a7eb-1f50dcdd5122": {"doc_hash": "85e0957f3eec017bd9b01258be0cd134996b100bfa10930aa6b175d20f461ff2", "ref_doc_id": "bf933323-0a49-4c4b-acb5-9ccff372107b"}, "a318f673-00c8-4456-8e2a-c1be9cada774": {"doc_hash": "3436bd04acd85886b0991ee382c22e68fa5d3c7b55693874979c289c4437721a", "ref_doc_id": "f3f2d175-4abd-4716-bc84-c2e9ef5c41e9"}, "fc332359-8256-49a0-8ca9-84ca89fcacda": {"doc_hash": "ffa5a4a7337066503dd91ff8a3bbae6f0fa1a2787fb387e1bb7c0da19227645c", "ref_doc_id": "caab34f9-667c-48a2-9d09-9db6e91ca818"}, "90fe45dd-abec-4250-8d6f-c4dce4b2e7ab": {"doc_hash": "27d7745e7f01a8a667f07fdbc1521031b2bf2506f59a99e37edb42fa79314923", "ref_doc_id": "c7726efa-c2b2-4ba1-8873-1ac34298eecd"}, "1e6ae252-bc76-4f6e-b51b-aef5a2b177f2": {"doc_hash": "ae6a715ac22fa00dc1666d49f89cabcf7c0fa3b9cb506ec268b0db5fcad9b1ba", "ref_doc_id": "f4556102-4118-4c40-bc09-a605235a468f"}, "c6d066b4-6be0-4c5d-a80e-1c8fef8ead4e": {"doc_hash": "ab1433afaacf70b85d175bfbeb738873cce4b4caf846ae3d832473a98181d243", "ref_doc_id": "a8a12b48-906b-40b8-8982-240359928c60"}, "737873c6-1080-4364-8a3b-45081b858887": {"doc_hash": "856179461a6e54a3f6e5a8ac5b1876c2a4e090511e3380a0b6a07ca398ef5d63", "ref_doc_id": "663b11ce-a2e8-4bae-9062-b0d3ebd797d0"}}}