{"docstore/data": {"c2f1d987-dac8-4767-9147-c5d0332357a5": {"__data__": {"id_": "c2f1d987-dac8-4767-9147-c5d0332357a5", "embedding": null, "metadata": {"document_title": "HOJA DE DATOS DE SEGURIDAD", "metadata_product": "W-117, Alcohol Gel para la Asepsia de Manos", "metadata_description": "Proveedor / Fabricante: Winkler Ltda.", "metadata_recommended_use": "Asepsia de manos", "metadata_section": "IDENTIFICACION DEL PRODUCTO Y DEL PROVEEDOR"}, "excluded_embed_metadata_keys": [], "excluded_llm_metadata_keys": [], "relationships": {"1": {"node_id": "e7ed2f48-7dce-49d8-a94e-a2fe0e8d3ca0", "node_type": "4", "metadata": {"document_title": "HOJA DE DATOS DE SEGURIDAD", "metadata_product": "W-117, Alcohol Gel para la Asepsia de Manos", "metadata_description": "Proveedor / Fabricante: Winkler Ltda.", "metadata_recommended_use": "Asepsia de manos", "metadata_section": "IDENTIFICACION DEL PRODUCTO Y DEL PROVEEDOR"}, "hash": "fa8ddb72d791a2bd3894d406908a165e9ca86a8d42bb69c16c2229ee9887728c", "class_name": "RelatedNodeInfo"}, "3": {"node_id": "84d0694b-8a00-4549-80b5-5d495811e868", "node_type": "1", "metadata": {"document_title": "HOJA DE DATOS DE SEGURIDAD", "metadata_product": "W-117, Alcohol Gel para la Asepsia de Manos", "metadata_description": "Proveedor / Fabricante: Winkler Ltda.", "metadata_recommended_use": "Asepsia de manos", "metadata_section": "COMPOSICION E INFORMACION SOBRE INGREDIENTES"}, "hash": "30f81499da5c24320bb53912f81185c4423ab35e12f3fd7001cdff7d39a0d4c1", "class_name": "RelatedNodeInfo"}}, "hash": "fa8ddb72d791a2bd3894d406908a165e9ca86a8d42bb69c16c2229ee9887728c", "text": "Nombre del producto: W-117, Alcohol Gel para la Asepsia de Manos. Proveedor / Fabricante: Winkler Ltda. Direcci\u00f3n: El Quillay 466 - Valle Grande - Lampa, Santiago. Telefonos de Emergencia y Fax: 02-4826500 - Fax 02-7386979", "start_char_idx": null, "end_char_idx": null, "text_template": "{metadata_str}\n\n{content}", "metadata_template": "{key}: {value}", "metadata_seperator": "\n", "class_name": "TextNode"}, "__type__": "1"}, "84d0694b-8a00-4549-80b5-5d495811e868": {"__data__": {"id_": "84d0694b-8a00-4549-80b5-5d495811e868", "embedding": null, "metadata": {"document_title": "HOJA DE DATOS DE SEGURIDAD", "metadata_product": "W-117, Alcohol Gel para la Asepsia de Manos", "metadata_description": "Proveedor / Fabricante: Winkler Ltda.", "metadata_recommended_use": "Asepsia de manos", "metadata_section": "COMPOSICION E INFORMACION SOBRE INGREDIENTES"}, "excluded_embed_metadata_keys": [], "excluded_llm_metadata_keys": [], "relationships": {"1": {"node_id": "399da977-b43a-4755-837e-3ffa71056356", "node_type": "4", "metadata": {"document_title": "HOJA DE DATOS DE SEGURIDAD", "metadata_product": "W-117, Alcohol Gel para la Asepsia de Manos", "metadata_description": "Proveedor / Fabricante: Winkler Ltda.", "metadata_recommended_use": "Asepsia de manos", "metadata_section": "COMPOSICION E INFORMACION SOBRE INGREDIENTES"}, "hash": "30f81499da5c24320bb53912f81185c4423ab35e12f3fd7001cdff7d39a0d4c1", "class_name": "RelatedNodeInfo"}, "2": {"node_id": "c2f1d987-dac8-4767-9147-c5d0332357a5", "node_type": "1", "metadata": {"document_title": "HOJA DE DATOS DE SEGURIDAD", "metadata_product": "W-117, Alcohol Gel para la Asepsia de Manos", "metadata_description": "Proveedor / Fabricante: Winkler Ltda.", "metadata_recommended_use": "Asepsia de manos", "metadata_section": "IDENTIFICACION DEL PRODUCTO Y DEL PROVEEDOR"}, "hash": "fa8ddb72d791a2bd3894d406908a165e9ca86a8d42bb69c16c2229ee9887728c", "class_name": "RelatedNodeInfo"}, "3": {"node_id": "db8abf30-14ec-4a32-b384-66390898afe0", "node_type": "1", "metadata": {"document_title": "HOJA DE DATOS DE SEGURIDAD", "metadata_product": "W-117, Alcohol Gel para la Asepsia de Manos", "metadata_description": "Proveedor / Fabricante: Winkler Ltda.", "metadata_recommended_use": "Asepsia de manos", "metadata_section": "IDENTIFICACION DE LOS RIEGOS DE USO"}, "hash": "bdab4f94948e62b28887c926733ee23f8d9ceb34ebaf8be227ce48f1d120f743", "class_name": "RelatedNodeInfo"}}, "hash": "30f81499da5c24320bb53912f81185c4423ab35e12f3fd7001cdff7d39a0d4c1", "text": "Naturaleza del producto: Preparacion compleja de base alcoholica, agua, tensoactivos. Componentes de riesgo: Etanol de 60% al 70 % CAS 64-17-5 en la preparacion. Numero NU del producto: 1170.", "start_char_idx": null, "end_char_idx": null, "text_template": "{metadata_str}\n\n{content}", "metadata_template": "{key}: {value}", "metadata_seperator": "\n", "class_name": "TextNode"}, "__type__": "1"}, "db8abf30-14ec-4a32-b384-66390898afe0": {"__data__": {"id_": "db8abf30-14ec-4a32-b384-66390898afe0", "embedding": null, "metadata": {"document_title": "HOJA DE DATOS DE SEGURIDAD", "metadata_product": "W-117, Alcohol Gel para la Asepsia de Manos", "metadata_description": "Proveedor / Fabricante: Winkler Ltda.", "metadata_recommended_use": "Asepsia de manos", "metadata_section": "IDENTIFICACION DE LOS RIEGOS DE USO"}, "excluded_embed_metadata_keys": [], "excluded_llm_metadata_keys": [], "relationships": {"1": {"node_id": "13b49bcd-d935-4c48-829b-4249a4181e38", "node_type": "4", "metadata": {"document_title": "HOJA DE DATOS DE SEGURIDAD", "metadata_product": "W-117, Alcohol Gel para la Asepsia de Manos", "metadata_description": "Proveedor / Fabricante: Winkler Ltda.", "metadata_recommended_use": "Asepsia de manos", "metadata_section": "IDENTIFICACION DE LOS RIEGOS DE USO"}, "hash": "bdab4f94948e62b28887c926733ee23f8d9ceb34ebaf8be227ce48f1d120f743", "class_name": "RelatedNodeInfo"}, "2": {"node_id": "84d0694b-8a00-4549-80b5-5d495811e868", "node_type": "1", "metadata": {"document_title": "HOJA DE DATOS DE SEGURIDAD", "metadata_product": "W-117, Alcohol Gel para la Asepsia de Manos", "metadata_description": "Proveedor / Fabricante: Winkler Ltda.", "metadata_recommended_use": "Asepsia de manos", "metadata_section": "COMPOSICION E INFORMACION SOBRE INGREDIENTES"}, "hash": "30f81499da5c24320bb53912f81185c4423ab35e12f3fd7001cdff7d39a0d4c1", "class_name": "RelatedNodeInfo"}, "3": {"node_id": "0e8a0174-5525-49c7-95b5-3308e1658c13", "node_type": "1", "metadata": {"document_title": "HOJA DE DATOS DE SEGURIDAD", "metadata_product": "W-117, Alcohol Gel para la Asepsia de Manos", "metadata_description": "Proveedor / Fabricante: Winkler Ltda.", "metadata_recommended_use": "Asepsia de manos", "metadata_section": "MEDIDAS DE PRIMEROS AUXILIOS"}, "hash": "c1c1fabcf73290437bc32471d23717dd11b93db53adaa29cd8a6fbbc2586f748", "class_name": "RelatedNodeInfo"}}, "hash": "bdab4f94948e62b28887c926733ee23f8d9ceb34ebaf8be227ce48f1d120f743", "text": "Marca en Etiqueta Peligrosidad; Producto inflamable. Clasificacion de Riesgo del Producto; Salud: 0 Inflamabilidad: 2 Reactividad: 0. Efectos de una Sobre-exposicion Aguda (por una vez); Puede causar dolor de cabeza, nauseas y mareos. Inhalacion; Sus vapores pueden ser irritantes al tracto respiratorio y mucosas. Contacto con la piel; No se han reportado efectos adversos. Contacto con los ojos; Irritacion en contacto accidental con producto. Ingestion; Puede provocar casos de gastritis, diarrea y vomitos. Efectos de una Sobre-exposicion cronica (largo plazo); Ningun fan efecto adverso conocido. Condiciones medicas que se veran agravadas con la exposicion al producto; El uso del producto puede agravar enfermedad preexistente de la piel o respiratorias. Peligros para el medio ambiente; Preparacion Biodegradable y Libre de Fosfatos. No existen peligros adversos del producto en contacto con el ambiente. Peligro especial del producto; Producto a base de solvente manipular con precaucion.", "start_char_idx": null, "end_char_idx": null, "text_template": "{metadata_str}\n\n{content}", "metadata_template": "{key}: {value}", "metadata_seperator": "\n", "class_name": "TextNode"}, "__type__": "1"}, "0e8a0174-5525-49c7-95b5-3308e1658c13": {"__data__": {"id_": "0e8a0174-5525-49c7-95b5-3308e1658c13", "embedding": null, "metadata": {"document_title": "HOJA DE DATOS DE SEGURIDAD", "metadata_product": "W-117, Alcohol Gel para la Asepsia de Manos", "metadata_description": "Proveedor / Fabricante: Winkler Ltda.", "metadata_recommended_use": "Asepsia de manos", "metadata_section": "MEDIDAS DE PRIMEROS AUXILIOS"}, "excluded_embed_metadata_keys": [], "excluded_llm_metadata_keys": [], "relationships": {"1": {"node_id": "47ae9174-ec46-4872-9c2c-8125734218cf", "node_type": "4", "metadata": {"document_title": "HOJA DE DATOS DE SEGURIDAD", "metadata_product": "W-117, Alcohol Gel para la Asepsia de Manos", "metadata_description": "Proveedor / Fabricante: Winkler Ltda.", "metadata_recommended_use": "Asepsia de manos", "metadata_section": "MEDIDAS DE PRIMEROS AUXILIOS"}, "hash": "c1c1fabcf73290437bc32471d23717dd11b93db53adaa29cd8a6fbbc2586f748", "class_name": "RelatedNodeInfo"}, "2": {"node_id": "db8abf30-14ec-4a32-b384-66390898afe0", "node_type": "1", "metadata": {"document_title": "HOJA DE DATOS DE SEGURIDAD", "metadata_product": "W-117, Alcohol Gel para la Asepsia de Manos", "metadata_description": "Proveedor / Fabricante: Winkler Ltda.", "metadata_recommended_use": "Asepsia de manos", "metadata_section": "IDENTIFICACION DE LOS RIEGOS DE USO"}, "hash": "bdab4f94948e62b28887c926733ee23f8d9ceb34ebaf8be227ce48f1d120f743", "class_name": "RelatedNodeInfo"}, "3": {"node_id": "58862d92-5707-4a74-9757-2c0e9fc83096", "node_type": "1", "metadata": {"document_title": "HOJA DE DATOS DE SEGURIDAD", "metadata_product": "W-117, Alcohol Gel para la Asepsia de Manos", "metadata_description": "Proveedor / Fabricante: Winkler Ltda.", "metadata_recommended_use": "Asepsia de manos", "metadata_section": "MEDIDAS PARA COMBATE DEL FUEGO"}, "hash": "b4d60e3703f176fc71005965fbb91ad39de7209e242e6c987e905d729372f6d5", "class_name": "RelatedNodeInfo"}}, "hash": "c1c1fabcf73290437bc32471d23717dd11b93db53adaa29cd8a6fbbc2586f748", "text": "En caso de contacto accidental con el producto, proceda de acuerdo con: \nInhalaci\u00f3n: Retirar a la persona a un lugar ventilado. \nContacto con la piel: Lavar con agua, si existe alg\u00fan s\u00edntoma consultar a un  m\u00e9dico. \nContacto con los ojos: Lavar con abundante agua por 30 minutos, consultar al m\u00e9dico si existe irritaci\u00f3n. \nIngesti\u00f3n: No inducir v\u00f3mito. Dar a beber agua. Consultar m\u00e9dico. \nNotas para el m\u00e9dico tratante: Contiene alcohol desnaturalizado.", "start_char_idx": null, "end_char_idx": null, "text_template": "{metadata_str}\n\n{content}", "metadata_template": "{key}: {value}", "metadata_seperator": "\n", "class_name": "TextNode"}, "__type__": "1"}, "58862d92-5707-4a74-9757-2c0e9fc83096": {"__data__": {"id_": "58862d92-5707-4a74-9757-2c0e9fc83096", "embedding": null, "metadata": {"document_title": "HOJA DE DATOS DE SEGURIDAD", "metadata_product": "W-117, Alcohol Gel para la Asepsia de Manos", "metadata_description": "Proveedor / Fabricante: Winkler Ltda.", "metadata_recommended_use": "Asepsia de manos", "metadata_section": "MEDIDAS PARA COMBATE DEL FUEGO"}, "excluded_embed_metadata_keys": [], "excluded_llm_metadata_keys": [], "relationships": {"1": {"node_id": "4738efad-54b8-4516-a953-b091e3a02bdd", "node_type": "4", "metadata": {"document_title": "HOJA DE DATOS DE SEGURIDAD", "metadata_product": "W-117, Alcohol Gel para la Asepsia de Manos", "metadata_description": "Proveedor / Fabricante: Winkler Ltda.", "metadata_recommended_use": "Asepsia de manos", "metadata_section": "MEDIDAS PARA COMBATE DEL FUEGO"}, "hash": "b4d60e3703f176fc71005965fbb91ad39de7209e242e6c987e905d729372f6d5", "class_name": "RelatedNodeInfo"}, "2": {"node_id": "0e8a0174-5525-49c7-95b5-3308e1658c13", "node_type": "1", "metadata": {"document_title": "HOJA DE DATOS DE SEGURIDAD", "metadata_product": "W-117, Alcohol Gel para la Asepsia de Manos", "metadata_description": "Proveedor / Fabricante: Winkler Ltda.", "metadata_recommended_use": "Asepsia de manos", "metadata_section": "MEDIDAS DE PRIMEROS AUXILIOS"}, "hash": "c1c1fabcf73290437bc32471d23717dd11b93db53adaa29cd8a6fbbc2586f748", "class_name": "RelatedNodeInfo"}, "3": {"node_id": "4078a64c-9659-4981-83f3-442da188f563", "node_type": "1", "metadata": {"document_title": "HOJA DE DATOS DE SEGURIDAD", "metadata_product": "W-117, Alcohol Gel para la Asepsia de Manos", "metadata_description": "Proveedor / Fabricante: Winkler Ltda.", "metadata_recommended_use": "Asepsia de manos", "metadata_section": "SECCION 6; MEDIDAS PARA CONTROLAR DERRAMES O FUGAS"}, "hash": "5a629a4ef21b40e014077e378150c8bf7c779f3356b1487fad33e697d8ffd962", "class_name": "RelatedNodeInfo"}}, "hash": "b4d60e3703f176fc71005965fbb91ad39de7209e242e6c987e905d729372f6d5", "text": "Agentes de extinci\u00f3n: Agentes de extinci\u00f3n tradicionales. Procedimientos especiales para combatir el fuego: Enfriar recipientes con agua.  Equipos de protecci\u00f3n personal para combatir el fuego: Los habituales", "start_char_idx": null, "end_char_idx": null, "text_template": "{metadata_str}\n\n{content}", "metadata_template": "{key}: {value}", "metadata_seperator": "\n", "class_name": "TextNode"}, "__type__": "1"}, "4078a64c-9659-4981-83f3-442da188f563": {"__data__": {"id_": "4078a64c-9659-4981-83f3-442da188f563", "embedding": null, "metadata": {"document_title": "HOJA DE DATOS DE SEGURIDAD", "metadata_product": "W-117, Alcohol Gel para la Asepsia de Manos", "metadata_description": "Proveedor / Fabricante: Winkler Ltda.", "metadata_recommended_use": "Asepsia de manos", "metadata_section": "SECCION 6; MEDIDAS PARA CONTROLAR DERRAMES O FUGAS"}, "excluded_embed_metadata_keys": [], "excluded_llm_metadata_keys": [], "relationships": {"1": {"node_id": "993d2e54-a821-4857-9a71-c202e45d5baa", "node_type": "4", "metadata": {"document_title": "HOJA DE DATOS DE SEGURIDAD", "metadata_product": "W-117, Alcohol Gel para la Asepsia de Manos", "metadata_description": "Proveedor / Fabricante: Winkler Ltda.", "metadata_recommended_use": "Asepsia de manos", "metadata_section": "SECCION 6; MEDIDAS PARA CONTROLAR DERRAMES O FUGAS"}, "hash": "5a629a4ef21b40e014077e378150c8bf7c779f3356b1487fad33e697d8ffd962", "class_name": "RelatedNodeInfo"}, "2": {"node_id": "58862d92-5707-4a74-9757-2c0e9fc83096", "node_type": "1", "metadata": {"document_title": "HOJA DE DATOS DE SEGURIDAD", "metadata_product": "W-117, Alcohol Gel para la Asepsia de Manos", "metadata_description": "Proveedor / Fabricante: Winkler Ltda.", "metadata_recommended_use": "Asepsia de manos", "metadata_section": "MEDIDAS PARA COMBATE DEL FUEGO"}, "hash": "b4d60e3703f176fc71005965fbb91ad39de7209e242e6c987e905d729372f6d5", "class_name": "RelatedNodeInfo"}, "3": {"node_id": "3b8b0210-968b-4a2f-8182-6f44a400f35b", "node_type": "1", "metadata": {"document_title": "HOJA DE DATOS DE SEGURIDAD", "metadata_product": "W-117, Alcohol Gel para la Asepsia de Manos", "metadata_description": "Proveedor / Fabricante: Winkler Ltda.", "metadata_recommended_use": "Asepsia de manos", "metadata_section": "MANIPULACION Y ALMACENAMIENTO"}, "hash": "8b53515c2d7dc36a52042d1f39909771423ac98ee310263ebdb42706047d72f4", "class_name": "RelatedNodeInfo"}}, "hash": "5a629a4ef21b40e014077e378150c8bf7c779f3356b1487fad33e697d8ffd962", "text": "Medidas de emergencia a tomar si hay derrame de la sustancia; Contener el derrame con material absorbente inerte (tierra o arena), formando diques. Luego colocar en un envase limpio, identificar y disponer segun legislacion local. Lavar el area con agua. Equipo de proteccion personal para atacar la emergencia; Ropa, zapatos, guantes y gafas de seguridad. Precauciones a tomar, para evitar da\u00f1os al ambiente; Evitar contacto de producto con cursos de agua naturales. Metodos de limpieza; Lavar con abundante agua. Metodos de eliminacion de desechos; Diluir peque\u00f1as cantidades con agua, de lo contrario disponer segun legislacion local.", "start_char_idx": null, "end_char_idx": null, "text_template": "{metadata_str}\n\n{content}", "metadata_template": "{key}: {value}", "metadata_seperator": "\n", "class_name": "TextNode"}, "__type__": "1"}, "3b8b0210-968b-4a2f-8182-6f44a400f35b": {"__data__": {"id_": "3b8b0210-968b-4a2f-8182-6f44a400f35b", "embedding": null, "metadata": {"document_title": "HOJA DE DATOS DE SEGURIDAD", "metadata_product": "W-117, Alcohol Gel para la Asepsia de Manos", "metadata_description": "Proveedor / Fabricante: Winkler Ltda.", "metadata_recommended_use": "Asepsia de manos", "metadata_section": "MANIPULACION Y ALMACENAMIENTO"}, "excluded_embed_metadata_keys": [], "excluded_llm_metadata_keys": [], "relationships": {"1": {"node_id": "7454ee46-723c-4ca1-b7ef-42efbd99ba67", "node_type": "4", "metadata": {"document_title": "HOJA DE DATOS DE SEGURIDAD", "metadata_product": "W-117, Alcohol Gel para la Asepsia de Manos", "metadata_description": "Proveedor / Fabricante: Winkler Ltda.", "metadata_recommended_use": "Asepsia de manos", "metadata_section": "MANIPULACION Y ALMACENAMIENTO"}, "hash": "8b53515c2d7dc36a52042d1f39909771423ac98ee310263ebdb42706047d72f4", "class_name": "RelatedNodeInfo"}, "2": {"node_id": "4078a64c-9659-4981-83f3-442da188f563", "node_type": "1", "metadata": {"document_title": "HOJA DE DATOS DE SEGURIDAD", "metadata_product": "W-117, Alcohol Gel para la Asepsia de Manos", "metadata_description": "Proveedor / Fabricante: Winkler Ltda.", "metadata_recommended_use": "Asepsia de manos", "metadata_section": "SECCION 6; MEDIDAS PARA CONTROLAR DERRAMES O FUGAS"}, "hash": "5a629a4ef21b40e014077e378150c8bf7c779f3356b1487fad33e697d8ffd962", "class_name": "RelatedNodeInfo"}, "3": {"node_id": "8531c760-e317-4f8c-be51-2703168f68f3", "node_type": "1", "metadata": {"document_title": "HOJA DE DATOS DE SEGURIDAD", "metadata_product": "W-117, Alcohol Gel para la Asepsia de Manos", "metadata_description": "Proveedor / Fabricante: Winkler Ltda.", "metadata_recommended_use": "Asepsia de manos", "metadata_section": "CONTROL DE EXPOSICION / PROTECCION ESPECIAL"}, "hash": "62a5aea43a1a4d5730aa6921e5f3d4c60a5f1e4189756c0d848f3ed4eef2c035", "class_name": "RelatedNodeInfo"}}, "hash": "8b53515c2d7dc36a52042d1f39909771423ac98ee310263ebdb42706047d72f4", "text": "Recomendaciones tecnicas; Mantener en envase original cerrado. Precauciones a tomar; Mantener lejos de fuentes de calor, chispa o llamas. Recomendaciones de manipulacion segura; Se recomienda el uso de guantes y gafas ante trasvases o derrames. Condiciones de Almacenamiento; Mantener en lugar fresco y seco. Embalajes recomendados y no adecuados; Envases plasticos preferentemente hermeticamente cerrados.", "start_char_idx": null, "end_char_idx": null, "text_template": "{metadata_str}\n\n{content}", "metadata_template": "{key}: {value}", "metadata_seperator": "\n", "class_name": "TextNode"}, "__type__": "1"}, "8531c760-e317-4f8c-be51-2703168f68f3": {"__data__": {"id_": "8531c760-e317-4f8c-be51-2703168f68f3", "embedding": null, "metadata": {"document_title": "HOJA DE DATOS DE SEGURIDAD", "metadata_product": "W-117, Alcohol Gel para la Asepsia de Manos", "metadata_description": "Proveedor / Fabricante: Winkler Ltda.", "metadata_recommended_use": "Asepsia de manos", "metadata_section": "CONTROL DE EXPOSICION / PROTECCION ESPECIAL"}, "excluded_embed_metadata_keys": [], "excluded_llm_metadata_keys": [], "relationships": {"1": {"node_id": "1ec01fc6-9246-46ca-b36b-82b804c293a0", "node_type": "4", "metadata": {"document_title": "HOJA DE DATOS DE SEGURIDAD", "metadata_product": "W-117, Alcohol Gel para la Asepsia de Manos", "metadata_description": "Proveedor / Fabricante: Winkler Ltda.", "metadata_recommended_use": "Asepsia de manos", "metadata_section": "CONTROL DE EXPOSICION / PROTECCION ESPECIAL"}, "hash": "62a5aea43a1a4d5730aa6921e5f3d4c60a5f1e4189756c0d848f3ed4eef2c035", "class_name": "RelatedNodeInfo"}, "2": {"node_id": "3b8b0210-968b-4a2f-8182-6f44a400f35b", "node_type": "1", "metadata": {"document_title": "HOJA DE DATOS DE SEGURIDAD", "metadata_product": "W-117, Alcohol Gel para la Asepsia de Manos", "metadata_description": "Proveedor / Fabricante: Winkler Ltda.", "metadata_recommended_use": "Asepsia de manos", "metadata_section": "MANIPULACION Y ALMACENAMIENTO"}, "hash": "8b53515c2d7dc36a52042d1f39909771423ac98ee310263ebdb42706047d72f4", "class_name": "RelatedNodeInfo"}, "3": {"node_id": "cd91be32-47be-4ef5-a98e-dad4f90eca3f", "node_type": "1", "metadata": {"document_title": "HOJA DE DATOS DE SEGURIDAD", "metadata_product": "W-117, Alcohol Gel para la Asepsia de Manos", "metadata_description": "Proveedor / Fabricante: Winkler Ltda.", "metadata_recommended_use": "Asepsia de manos", "metadata_section": "PROPIEDADES FISICAS Y QUIMICAS"}, "hash": "5ca82da40a12387d9e026851dd102f57be7cfdc9ad9a02426a3a2001903e2c4b", "class_name": "RelatedNodeInfo"}}, "hash": "62a5aea43a1a4d5730aa6921e5f3d4c60a5f1e4189756c0d848f3ed4eef2c035", "text": "Medidas para reducir la posibilidad de Exposicion; Evite la sobre-exposicion, sobre todo de las manos. Parametros de control; -. Limites permisibles; LPP 800 ppm o 1500 mg/M^3 referido al Etanol. Ponderado LPP y absoluto LPA; LPA No determinado. Proteccion respiratoria; No es necesaria. Guantes de proteccion; Guantes de neopreno, de pu\u00f1o largo. Proteccion a la vista; Gafas anti-salpicaduras. Otros equipos de proteccion; Delantal plastico cuando se realizan trasvajjes o derrames. Ventilacion; Ventilacion natural es suficiente.", "start_char_idx": null, "end_char_idx": null, "text_template": "{metadata_str}\n\n{content}", "metadata_template": "{key}: {value}", "metadata_seperator": "\n", "class_name": "TextNode"}, "__type__": "1"}, "cd91be32-47be-4ef5-a98e-dad4f90eca3f": {"__data__": {"id_": "cd91be32-47be-4ef5-a98e-dad4f90eca3f", "embedding": null, "metadata": {"document_title": "HOJA DE DATOS DE SEGURIDAD", "metadata_product": "W-117, Alcohol Gel para la Asepsia de Manos", "metadata_description": "Proveedor / Fabricante: Winkler Ltda.", "metadata_recommended_use": "Asepsia de manos", "metadata_section": "PROPIEDADES FISICAS Y QUIMICAS"}, "excluded_embed_metadata_keys": [], "excluded_llm_metadata_keys": [], "relationships": {"1": {"node_id": "1f54cdb3-a48f-45d5-8f3a-a4e30bfc2082", "node_type": "4", "metadata": {"document_title": "HOJA DE DATOS DE SEGURIDAD", "metadata_product": "W-117, Alcohol Gel para la Asepsia de Manos", "metadata_description": "Proveedor / Fabricante: Winkler Ltda.", "metadata_recommended_use": "Asepsia de manos", "metadata_section": "PROPIEDADES FISICAS Y QUIMICAS"}, "hash": "5ca82da40a12387d9e026851dd102f57be7cfdc9ad9a02426a3a2001903e2c4b", "class_name": "RelatedNodeInfo"}, "2": {"node_id": "8531c760-e317-4f8c-be51-2703168f68f3", "node_type": "1", "metadata": {"document_title": "HOJA DE DATOS DE SEGURIDAD", "metadata_product": "W-117, Alcohol Gel para la Asepsia de Manos", "metadata_description": "Proveedor / Fabricante: Winkler Ltda.", "metadata_recommended_use": "Asepsia de manos", "metadata_section": "CONTROL DE EXPOSICION / PROTECCION ESPECIAL"}, "hash": "62a5aea43a1a4d5730aa6921e5f3d4c60a5f1e4189756c0d848f3ed4eef2c035", "class_name": "RelatedNodeInfo"}, "3": {"node_id": "327aa961-5cfa-4543-b68c-5d1a62bb3f19", "node_type": "1", "metadata": {"document_title": "HOJA DE DATOS DE SEGURIDAD", "metadata_product": "W-117, Alcohol Gel para la Asepsia de Manos", "metadata_description": "Proveedor / Fabricante: Winkler Ltda.", "metadata_recommended_use": "Asepsia de manos", "metadata_section": "ESTABILIDAD Y REACTIVIDAD"}, "hash": "e8912f8ead714ddcc03114105916d9b88b28bf4ebd5a23dfb02deca7916ad355", "class_name": "RelatedNodeInfo"}}, "hash": "5ca82da40a12387d9e026851dd102f57be7cfdc9ad9a02426a3a2001903e2c4b", "text": "Estado Fisico/Apariencia y olor: Gel viscoso traslucido, color verde claro, con olor a alcohol. Concentracion; pH Concentracion a 25\u00b0C: 20 - 22\u00b0Brix; 6,0 - 7,0. Temperatura de descomposicion: No determinado ya que a temperatura de ebullicion se evapora y seca. Punto de inflamacion: 50\u00b0C (copa cerrada). Temperatura de autoignicion: No determinada. Propiedades explosivas: No posee propiedades explosivas. Peligro de fuego o explosion: Se enciende a Tempatura de inflamacion en presencia de chispa o llama. Velocidad de propagacion de la llama: No establecida. Presion de vapor a 20\u00b0C: 18 mm de Hg a 24\u00b0C. Densidad de vapor: No conocida. Densidad a 20\u00b0C: 0,90 - 1,0. Solubilidad en agua y otros solventes: Completamente soluble en agua.", "start_char_idx": null, "end_char_idx": null, "text_template": "{metadata_str}\n\n{content}", "metadata_template": "{key}: {value}", "metadata_seperator": "\n", "class_name": "TextNode"}, "__type__": "1"}, "327aa961-5cfa-4543-b68c-5d1a62bb3f19": {"__data__": {"id_": "327aa961-5cfa-4543-b68c-5d1a62bb3f19", "embedding": null, "metadata": {"document_title": "HOJA DE DATOS DE SEGURIDAD", "metadata_product": "W-117, Alcohol Gel para la Asepsia de Manos", "metadata_description": "Proveedor / Fabricante: Winkler Ltda.", "metadata_recommended_use": "Asepsia de manos", "metadata_section": "ESTABILIDAD Y REACTIVIDAD"}, "excluded_embed_metadata_keys": [], "excluded_llm_metadata_keys": [], "relationships": {"1": {"node_id": "b167aebd-e94a-4d69-bdd5-015881f891f7", "node_type": "4", "metadata": {"document_title": "HOJA DE DATOS DE SEGURIDAD", "metadata_product": "W-117, Alcohol Gel para la Asepsia de Manos", "metadata_description": "Proveedor / Fabricante: Winkler Ltda.", "metadata_recommended_use": "Asepsia de manos", "metadata_section": "ESTABILIDAD Y REACTIVIDAD"}, "hash": "e8912f8ead714ddcc03114105916d9b88b28bf4ebd5a23dfb02deca7916ad355", "class_name": "RelatedNodeInfo"}, "2": {"node_id": "cd91be32-47be-4ef5-a98e-dad4f90eca3f", "node_type": "1", "metadata": {"document_title": "HOJA DE DATOS DE SEGURIDAD", "metadata_product": "W-117, Alcohol Gel para la Asepsia de Manos", "metadata_description": "Proveedor / Fabricante: Winkler Ltda.", "metadata_recommended_use": "Asepsia de manos", "metadata_section": "PROPIEDADES FISICAS Y QUIMICAS"}, "hash": "5ca82da40a12387d9e026851dd102f57be7cfdc9ad9a02426a3a2001903e2c4b", "class_name": "RelatedNodeInfo"}, "3": {"node_id": "ddf843df-550a-4346-ba86-dd02261dc2b9", "node_type": "1", "metadata": {"document_title": "HOJA DE DATOS DE SEGURIDAD", "metadata_product": "W-117, Alcohol Gel para la Asepsia de Manos", "metadata_description": "Proveedor / Fabricante: Winkler Ltda.", "metadata_recommended_use": "Asepsia de manos", "metadata_section": "INFORMACION TOXICOLOGICA"}, "hash": "f4126eb1c2bf082e0fac973f3d666bc0c11d8f3530480d868913a0130272df0e", "class_name": "RelatedNodeInfo"}}, "hash": "e8912f8ead714ddcc03114105916d9b88b28bf4ebd5a23dfb02deca7916ad355", "text": "Estabilidad; Estable. Condiciones que deben evitarse; Evite exponer el producto a condiciones extremas de temperatura bajo 0\u00b0C o sobre 50\u00b0C. Incompatibilidad (materiales que deben evitarse); Evite la presencia de oxidantes fuertes. Productos peligrosos de descomposicion; No se descompone. Productos peligrosos de la combustion; Ninguno conocido. Polimerizacion peligrosa; No se producir\u00e1.", "start_char_idx": null, "end_char_idx": null, "text_template": "{metadata_str}\n\n{content}", "metadata_template": "{key}: {value}", "metadata_seperator": "\n", "class_name": "TextNode"}, "__type__": "1"}, "ddf843df-550a-4346-ba86-dd02261dc2b9": {"__data__": {"id_": "ddf843df-550a-4346-ba86-dd02261dc2b9", "embedding": null, "metadata": {"document_title": "HOJA DE DATOS DE SEGURIDAD", "metadata_product": "W-117, Alcohol Gel para la Asepsia de Manos", "metadata_description": "Proveedor / Fabricante: Winkler Ltda.", "metadata_recommended_use": "Asepsia de manos", "metadata_section": "INFORMACION TOXICOLOGICA"}, "excluded_embed_metadata_keys": [], "excluded_llm_metadata_keys": [], "relationships": {"1": {"node_id": "dd537037-9d36-4ce7-80f6-d177f3d056b4", "node_type": "4", "metadata": {"document_title": "HOJA DE DATOS DE SEGURIDAD", "metadata_product": "W-117, Alcohol Gel para la Asepsia de Manos", "metadata_description": "Proveedor / Fabricante: Winkler Ltda.", "metadata_recommended_use": "Asepsia de manos", "metadata_section": "INFORMACION TOXICOLOGICA"}, "hash": "f4126eb1c2bf082e0fac973f3d666bc0c11d8f3530480d868913a0130272df0e", "class_name": "RelatedNodeInfo"}, "2": {"node_id": "327aa961-5cfa-4543-b68c-5d1a62bb3f19", "node_type": "1", "metadata": {"document_title": "HOJA DE DATOS DE SEGURIDAD", "metadata_product": "W-117, Alcohol Gel para la Asepsia de Manos", "metadata_description": "Proveedor / Fabricante: Winkler Ltda.", "metadata_recommended_use": "Asepsia de manos", "metadata_section": "ESTABILIDAD Y REACTIVIDAD"}, "hash": "e8912f8ead714ddcc03114105916d9b88b28bf4ebd5a23dfb02deca7916ad355", "class_name": "RelatedNodeInfo"}, "3": {"node_id": "2a00b82f-bc27-439a-b07e-21cb8907bffa", "node_type": "1", "metadata": {"document_title": "HOJA DE DATOS DE SEGURIDAD", "metadata_product": "W-117, Alcohol Gel para la Asepsia de Manos", "metadata_description": "Proveedor / Fabricante: Winkler Ltda.", "metadata_recommended_use": "Asepsia de manos", "metadata_section": "INFORMACION ECOLOGICA"}, "hash": "744554baeda606ab54343d84e40e888339199d4b6426797b4e5d427b18e80e07", "class_name": "RelatedNodeInfo"}}, "hash": "f4126eb1c2bf082e0fac973f3d666bc0c11d8f3530480d868913a0130272df0e", "text": "Toxicidad aguda;No se conocen efectos de toxicidad aguda por exposici\u00f3n al producto. Toxicidad cronica o de largo plazo;No se conocen efectos de largo plazo del producto. Efectos locales;No se conocen efectos adversos. Sensibilizacion alergenica;No se conocen efectos adversos.", "start_char_idx": null, "end_char_idx": null, "text_template": "{metadata_str}\n\n{content}", "metadata_template": "{key}: {value}", "metadata_seperator": "\n", "class_name": "TextNode"}, "__type__": "1"}, "2a00b82f-bc27-439a-b07e-21cb8907bffa": {"__data__": {"id_": "2a00b82f-bc27-439a-b07e-21cb8907bffa", "embedding": null, "metadata": {"document_title": "HOJA DE DATOS DE SEGURIDAD", "metadata_product": "W-117, Alcohol Gel para la Asepsia de Manos", "metadata_description": "Proveedor / Fabricante: Winkler Ltda.", "metadata_recommended_use": "Asepsia de manos", "metadata_section": "INFORMACION ECOLOGICA"}, "excluded_embed_metadata_keys": [], "excluded_llm_metadata_keys": [], "relationships": {"1": {"node_id": "53c1bd99-e596-41ff-9042-655151cabc37", "node_type": "4", "metadata": {"document_title": "HOJA DE DATOS DE SEGURIDAD", "metadata_product": "W-117, Alcohol Gel para la Asepsia de Manos", "metadata_description": "Proveedor / Fabricante: Winkler Ltda.", "metadata_recommended_use": "Asepsia de manos", "metadata_section": "INFORMACION ECOLOGICA"}, "hash": "744554baeda606ab54343d84e40e888339199d4b6426797b4e5d427b18e80e07", "class_name": "RelatedNodeInfo"}, "2": {"node_id": "ddf843df-550a-4346-ba86-dd02261dc2b9", "node_type": "1", "metadata": {"document_title": "HOJA DE DATOS DE SEGURIDAD", "metadata_product": "W-117, Alcohol Gel para la Asepsia de Manos", "metadata_description": "Proveedor / Fabricante: Winkler Ltda.", "metadata_recommended_use": "Asepsia de manos", "metadata_section": "INFORMACION TOXICOLOGICA"}, "hash": "f4126eb1c2bf082e0fac973f3d666bc0c11d8f3530480d868913a0130272df0e", "class_name": "RelatedNodeInfo"}, "3": {"node_id": "772f7d72-4613-448b-920b-0f58586cc3d8", "node_type": "1", "metadata": {"document_title": "HOJAS DE DATOS DE SEGURIDAD", "metadata_product": "W-117, Alcohol Gel para la Asepsia de Manos", "metadata_description": "Proveedor / Fabricante: Winkler Ltda.", "metadata_recommended_use": "Asepsia de manos", "metadata_section": "CONSIDERACIONES SOBRE DISPOSICION FINAL"}, "hash": "05f6c132c694099e181f3e000b24345cfd55cb38386cfea1b78740ea636cfba5", "class_name": "RelatedNodeInfo"}}, "hash": "744554baeda606ab54343d84e40e888339199d4b6426797b4e5d427b18e80e07", "text": "Inestabilidad;En contacto con el ambiente, se degrada a corto plazo. Persistencia / Degradabilidad;Degradable. Bio-acumulacion;No se conoce efectos de bio-acumulacion. Efectos sobre el ambiente;No se han detectado efectos nocivos sobre el ambiente.", "start_char_idx": null, "end_char_idx": null, "text_template": "{metadata_str}\n\n{content}", "metadata_template": "{key}: {value}", "metadata_seperator": "\n", "class_name": "TextNode"}, "__type__": "1"}, "772f7d72-4613-448b-920b-0f58586cc3d8": {"__data__": {"id_": "772f7d72-4613-448b-920b-0f58586cc3d8", "embedding": null, "metadata": {"document_title": "HOJAS DE DATOS DE SEGURIDAD", "metadata_product": "W-117, Alcohol Gel para la Asepsia de Manos", "metadata_description": "Proveedor / Fabricante: Winkler Ltda.", "metadata_recommended_use": "Asepsia de manos", "metadata_section": "CONSIDERACIONES SOBRE DISPOSICION FINAL"}, "excluded_embed_metadata_keys": [], "excluded_llm_metadata_keys": [], "relationships": {"1": {"node_id": "a2861acc-bfae-4a99-a5ae-42c3ac655315", "node_type": "4", "metadata": {"document_title": "HOJAS DE DATOS DE SEGURIDAD", "metadata_product": "W-117, Alcohol Gel para la Asepsia de Manos", "metadata_description": "Proveedor / Fabricante: Winkler Ltda.", "metadata_recommended_use": "Asepsia de manos", "metadata_section": "CONSIDERACIONES SOBRE DISPOSICION FINAL"}, "hash": "05f6c132c694099e181f3e000b24345cfd55cb38386cfea1b78740ea636cfba5", "class_name": "RelatedNodeInfo"}, "2": {"node_id": "2a00b82f-bc27-439a-b07e-21cb8907bffa", "node_type": "1", "metadata": {"document_title": "HOJA DE DATOS DE SEGURIDAD", "metadata_product": "W-117, Alcohol Gel para la Asepsia de Manos", "metadata_description": "Proveedor / Fabricante: Winkler Ltda.", "metadata_recommended_use": "Asepsia de manos", "metadata_section": "INFORMACION ECOLOGICA"}, "hash": "744554baeda606ab54343d84e40e888339199d4b6426797b4e5d427b18e80e07", "class_name": "RelatedNodeInfo"}, "3": {"node_id": "6a0db5dc-6a4e-45da-8d3c-b115d67a66ab", "node_type": "1", "metadata": {"document_title": "HOJA DE DATOS DE SEGURIDAD", "metadata_product": "W-117, Alcohol Gel para la Asepsia de Manos", "metadata_description": "Proveedor / Fabricante: Winkler Ltda.", "metadata_recommended_use": "Asepsia de manos", "metadata_section": "INFORMACION SOBRE EL TRANSPORTE"}, "hash": "51815896534f03c73173ea15a1e464aeec2202eb69fec0bff4fa51916055105e", "class_name": "RelatedNodeInfo"}}, "hash": "05f6c132c694099e181f3e000b24345cfd55cb38386cfea1b78740ea636cfba5", "text": "Metodo de eliminacion del producto: Neutralizar, diluir con aguas de proceso y eliminar segun legislacion local. Eliminaciin de envases o embalajes contaminados: Eliminar en destinatario autorizado.", "start_char_idx": null, "end_char_idx": null, "text_template": "{metadata_str}\n\n{content}", "metadata_template": "{key}: {value}", "metadata_seperator": "\n", "class_name": "TextNode"}, "__type__": "1"}, "6a0db5dc-6a4e-45da-8d3c-b115d67a66ab": {"__data__": {"id_": "6a0db5dc-6a4e-45da-8d3c-b115d67a66ab", "embedding": null, "metadata": {"document_title": "HOJA DE DATOS DE SEGURIDAD", "metadata_product": "W-117, Alcohol Gel para la Asepsia de Manos", "metadata_description": "Proveedor / Fabricante: Winkler Ltda.", "metadata_recommended_use": "Asepsia de manos", "metadata_section": "INFORMACION SOBRE EL TRANSPORTE"}, "excluded_embed_metadata_keys": [], "excluded_llm_metadata_keys": [], "relationships": {"1": {"node_id": "829945d1-e353-4201-bb7b-f451d6c7a70c", "node_type": "4", "metadata": {"document_title": "HOJA DE DATOS DE SEGURIDAD", "metadata_product": "W-117, Alcohol Gel para la Asepsia de Manos", "metadata_description": "Proveedor / Fabricante: Winkler Ltda.", "metadata_recommended_use": "Asepsia de manos", "metadata_section": "INFORMACION SOBRE EL TRANSPORTE"}, "hash": "51815896534f03c73173ea15a1e464aeec2202eb69fec0bff4fa51916055105e", "class_name": "RelatedNodeInfo"}, "2": {"node_id": "772f7d72-4613-448b-920b-0f58586cc3d8", "node_type": "1", "metadata": {"document_title": "HOJAS DE DATOS DE SEGURIDAD", "metadata_product": "W-117, Alcohol Gel para la Asepsia de Manos", "metadata_description": "Proveedor / Fabricante: Winkler Ltda.", "metadata_recommended_use": "Asepsia de manos", "metadata_section": "CONSIDERACIONES SOBRE DISPOSICION FINAL"}, "hash": "05f6c132c694099e181f3e000b24345cfd55cb38386cfea1b78740ea636cfba5", "class_name": "RelatedNodeInfo"}, "3": {"node_id": "43bdd07d-0ed4-4681-b6af-aaaeac9a8d31", "node_type": "1", "metadata": {"document_title": "HOJA DE DATOS DE SEGURIDAD", "metadata_product": "W-117, Alcohol Gel para la Asepsia de Manos", "metadata_description": "Proveedor / Fabricante: Winkler Ltda.", "metadata_recommended_use": "Asepsia de manos", "metadata_section": "NORMAS VIGENTES"}, "hash": "08e13224040389a1d02373a18db797b499133f821450c0e8de2daf671ea40b7f", "class_name": "RelatedNodeInfo"}}, "hash": "51815896534f03c73173ea15a1e464aeec2202eb69fec0bff4fa51916055105e", "text": "NCH 2190, marcas aplicables; Inflamable. N\u00b0 NU; 1170.", "start_char_idx": null, "end_char_idx": null, "text_template": "{metadata_str}\n\n{content}", "metadata_template": "{key}: {value}", "metadata_seperator": "\n", "class_name": "TextNode"}, "__type__": "1"}, "43bdd07d-0ed4-4681-b6af-aaaeac9a8d31": {"__data__": {"id_": "43bdd07d-0ed4-4681-b6af-aaaeac9a8d31", "embedding": null, "metadata": {"document_title": "HOJA DE DATOS DE SEGURIDAD", "metadata_product": "W-117, Alcohol Gel para la Asepsia de Manos", "metadata_description": "Proveedor / Fabricante: Winkler Ltda.", "metadata_recommended_use": "Asepsia de manos", "metadata_section": "NORMAS VIGENTES"}, "excluded_embed_metadata_keys": [], "excluded_llm_metadata_keys": [], "relationships": {"1": {"node_id": "02f1b926-2d5e-4401-b408-0e7a760dbeb2", "node_type": "4", "metadata": {"document_title": "HOJA DE DATOS DE SEGURIDAD", "metadata_product": "W-117, Alcohol Gel para la Asepsia de Manos", "metadata_description": "Proveedor / Fabricante: Winkler Ltda.", "metadata_recommended_use": "Asepsia de manos", "metadata_section": "NORMAS VIGENTES"}, "hash": "08e13224040389a1d02373a18db797b499133f821450c0e8de2daf671ea40b7f", "class_name": "RelatedNodeInfo"}, "2": {"node_id": "6a0db5dc-6a4e-45da-8d3c-b115d67a66ab", "node_type": "1", "metadata": {"document_title": "HOJA DE DATOS DE SEGURIDAD", "metadata_product": "W-117, Alcohol Gel para la Asepsia de Manos", "metadata_description": "Proveedor / Fabricante: Winkler Ltda.", "metadata_recommended_use": "Asepsia de manos", "metadata_section": "INFORMACION SOBRE EL TRANSPORTE"}, "hash": "51815896534f03c73173ea15a1e464aeec2202eb69fec0bff4fa51916055105e", "class_name": "RelatedNodeInfo"}, "3": {"node_id": "034f15ef-3c09-42e8-a849-296665acfef1", "node_type": "1", "metadata": {"document_title": "HOJA DE DATOS DE SEGURIDAD", "metadata_product": "W-117, Alcohol Gel para la Asepsia de Manos", "metadata_description": "Proveedor / Fabricante: Winkler Ltda.", "metadata_recommended_use": "Asepsia de manos", "metadata_section": "OTRAS INFORMACIONES"}, "hash": "33b8df2e5f07936294f812108773b39b1893ebf278db38ca36c7b06e0672af95", "class_name": "RelatedNodeInfo"}}, "hash": "08e13224040389a1d02373a18db797b499133f821450c0e8de2daf671ea40b7f", "text": "Normas internacionales aplicables; IMO / NU Clase 3 NU 1170. Normas Nacionales aplicables; NCH 382. O'89; NCH 2190.O'93; D.S. N\u00b0 594 NCh 1411/4 Of. 78. Marca en etiqueta; liquido Inflamable.", "start_char_idx": null, "end_char_idx": null, "text_template": "{metadata_str}\n\n{content}", "metadata_template": "{key}: {value}", "metadata_seperator": "\n", "class_name": "TextNode"}, "__type__": "1"}, "034f15ef-3c09-42e8-a849-296665acfef1": {"__data__": {"id_": "034f15ef-3c09-42e8-a849-296665acfef1", "embedding": null, "metadata": {"document_title": "HOJA DE DATOS DE SEGURIDAD", "metadata_product": "W-117, Alcohol Gel para la Asepsia de Manos", "metadata_description": "Proveedor / Fabricante: Winkler Ltda.", "metadata_recommended_use": "Asepsia de manos", "metadata_section": "OTRAS INFORMACIONES"}, "excluded_embed_metadata_keys": [], "excluded_llm_metadata_keys": [], "relationships": {"1": {"node_id": "146b1b8d-2265-4db7-b67a-dd6a41e99400", "node_type": "4", "metadata": {"document_title": "HOJA DE DATOS DE SEGURIDAD", "metadata_product": "W-117, Alcohol Gel para la Asepsia de Manos", "metadata_description": "Proveedor / Fabricante: Winkler Ltda.", "metadata_recommended_use": "Asepsia de manos", "metadata_section": "OTRAS INFORMACIONES"}, "hash": "33b8df2e5f07936294f812108773b39b1893ebf278db38ca36c7b06e0672af95", "class_name": "RelatedNodeInfo"}, "2": {"node_id": "43bdd07d-0ed4-4681-b6af-aaaeac9a8d31", "node_type": "1", "metadata": {"document_title": "HOJA DE DATOS DE SEGURIDAD", "metadata_product": "W-117, Alcohol Gel para la Asepsia de Manos", "metadata_description": "Proveedor / Fabricante: Winkler Ltda.", "metadata_recommended_use": "Asepsia de manos", "metadata_section": "NORMAS VIGENTES"}, "hash": "08e13224040389a1d02373a18db797b499133f821450c0e8de2daf671ea40b7f", "class_name": "RelatedNodeInfo"}}, "hash": "33b8df2e5f07936294f812108773b39b1893ebf278db38ca36c7b06e0672af95", "text": "Frases de Riesgo R: R10, R36/R43. Frases de Seguridad S: S12/S-39/3/14/49-S24/25-S27/28 S36/39. Considerando que el uso de esta informaci\u00f3n y de los productos est\u00e1 fuera del control del proveedor, Winkler Ltda. no asume responsabilidad alguna por este concepto. Determinar las condiciones de uso seguro del producto es obligaci\u00f3n del usuario", "start_char_idx": null, "end_char_idx": null, "text_template": "{metadata_str}\n\n{content}", "metadata_template": "{key}: {value}", "metadata_seperator": "\n", "class_name": "TextNode"}, "__type__": "1"}}, "docstore/ref_doc_info": {"e7ed2f48-7dce-49d8-a94e-a2fe0e8d3ca0": {"node_ids": ["c2f1d987-dac8-4767-9147-c5d0332357a5"], "metadata": {"document_title": "HOJA DE DATOS DE SEGURIDAD", "metadata_product": "W-117, Alcohol Gel para la Asepsia de Manos", "metadata_description": "Proveedor / Fabricante: Winkler Ltda.", "metadata_recommended_use": "Asepsia de manos", "metadata_section": "IDENTIFICACION DEL PRODUCTO Y DEL PROVEEDOR"}}, "399da977-b43a-4755-837e-3ffa71056356": {"node_ids": ["84d0694b-8a00-4549-80b5-5d495811e868"], "metadata": {"document_title": "HOJA DE DATOS DE SEGURIDAD", "metadata_product": "W-117, Alcohol Gel para la Asepsia de Manos", "metadata_description": "Proveedor / Fabricante: Winkler Ltda.", "metadata_recommended_use": "Asepsia de manos", "metadata_section": "COMPOSICION E INFORMACION SOBRE INGREDIENTES"}}, "13b49bcd-d935-4c48-829b-4249a4181e38": {"node_ids": ["db8abf30-14ec-4a32-b384-66390898afe0"], "metadata": {"document_title": "HOJA DE DATOS DE SEGURIDAD", "metadata_product": "W-117, Alcohol Gel para la Asepsia de Manos", "metadata_description": "Proveedor / Fabricante: Winkler Ltda.", "metadata_recommended_use": "Asepsia de manos", "metadata_section": "IDENTIFICACION DE LOS RIEGOS DE USO"}}, "47ae9174-ec46-4872-9c2c-8125734218cf": {"node_ids": ["0e8a0174-5525-49c7-95b5-3308e1658c13"], "metadata": {"document_title": "HOJA DE DATOS DE SEGURIDAD", "metadata_product": "W-117, Alcohol Gel para la Asepsia de Manos", "metadata_description": "Proveedor / Fabricante: Winkler Ltda.", "metadata_recommended_use": "Asepsia de manos", "metadata_section": "MEDIDAS DE PRIMEROS AUXILIOS"}}, "4738efad-54b8-4516-a953-b091e3a02bdd": {"node_ids": ["58862d92-5707-4a74-9757-2c0e9fc83096"], "metadata": {"document_title": "HOJA DE DATOS DE SEGURIDAD", "metadata_product": "W-117, Alcohol Gel para la Asepsia de Manos", "metadata_description": "Proveedor / Fabricante: Winkler Ltda.", "metadata_recommended_use": "Asepsia de manos", "metadata_section": "MEDIDAS PARA COMBATE DEL FUEGO"}}, "993d2e54-a821-4857-9a71-c202e45d5baa": {"node_ids": ["4078a64c-9659-4981-83f3-442da188f563"], "metadata": {"document_title": "HOJA DE DATOS DE SEGURIDAD", "metadata_product": "W-117, Alcohol Gel para la Asepsia de Manos", "metadata_description": "Proveedor / Fabricante: Winkler Ltda.", "metadata_recommended_use": "Asepsia de manos", "metadata_section": "SECCION 6; MEDIDAS PARA CONTROLAR DERRAMES O FUGAS"}}, "7454ee46-723c-4ca1-b7ef-42efbd99ba67": {"node_ids": ["3b8b0210-968b-4a2f-8182-6f44a400f35b"], "metadata": {"document_title": "HOJA DE DATOS DE SEGURIDAD", "metadata_product": "W-117, Alcohol Gel para la Asepsia de Manos", "metadata_description": "Proveedor / Fabricante: Winkler Ltda.", "metadata_recommended_use": "Asepsia de manos", "metadata_section": "MANIPULACION Y ALMACENAMIENTO"}}, "1ec01fc6-9246-46ca-b36b-82b804c293a0": {"node_ids": ["8531c760-e317-4f8c-be51-2703168f68f3"], "metadata": {"document_title": "HOJA DE DATOS DE SEGURIDAD", "metadata_product": "W-117, Alcohol Gel para la Asepsia de Manos", "metadata_description": "Proveedor / Fabricante: Winkler Ltda.", "metadata_recommended_use": "Asepsia de manos", "metadata_section": "CONTROL DE EXPOSICION / PROTECCION ESPECIAL"}}, "1f54cdb3-a48f-45d5-8f3a-a4e30bfc2082": {"node_ids": ["cd91be32-47be-4ef5-a98e-dad4f90eca3f"], "metadata": {"document_title": "HOJA DE DATOS DE SEGURIDAD", "metadata_product": "W-117, Alcohol Gel para la Asepsia de Manos", "metadata_description": "Proveedor / Fabricante: Winkler Ltda.", "metadata_recommended_use": "Asepsia de manos", "metadata_section": "PROPIEDADES FISICAS Y QUIMICAS"}}, "b167aebd-e94a-4d69-bdd5-015881f891f7": {"node_ids": ["327aa961-5cfa-4543-b68c-5d1a62bb3f19"], "metadata": {"document_title": "HOJA DE DATOS DE SEGURIDAD", "metadata_product": "W-117, Alcohol Gel para la Asepsia de Manos", "metadata_description": "Proveedor / Fabricante: Winkler Ltda.", "metadata_recommended_use": "Asepsia de manos", "metadata_section": "ESTABILIDAD Y REACTIVIDAD"}}, "dd537037-9d36-4ce7-80f6-d177f3d056b4": {"node_ids": ["ddf843df-550a-4346-ba86-dd02261dc2b9"], "metadata": {"document_title": "HOJA DE DATOS DE SEGURIDAD", "metadata_product": "W-117, Alcohol Gel para la Asepsia de Manos", "metadata_description": "Proveedor / Fabricante: Winkler Ltda.", "metadata_recommended_use": "Asepsia de manos", "metadata_section": "INFORMACION TOXICOLOGICA"}}, "53c1bd99-e596-41ff-9042-655151cabc37": {"node_ids": ["2a00b82f-bc27-439a-b07e-21cb8907bffa"], "metadata": {"document_title": "HOJA DE DATOS DE SEGURIDAD", "metadata_product": "W-117, Alcohol Gel para la Asepsia de Manos", "metadata_description": "Proveedor / Fabricante: Winkler Ltda.", "metadata_recommended_use": "Asepsia de manos", "metadata_section": "INFORMACION ECOLOGICA"}}, "a2861acc-bfae-4a99-a5ae-42c3ac655315": {"node_ids": ["772f7d72-4613-448b-920b-0f58586cc3d8"], "metadata": {"document_title": "HOJAS DE DATOS DE SEGURIDAD", "metadata_product": "W-117, Alcohol Gel para la Asepsia de Manos", "metadata_description": "Proveedor / Fabricante: Winkler Ltda.", "metadata_recommended_use": "Asepsia de manos", "metadata_section": "CONSIDERACIONES SOBRE DISPOSICION FINAL"}}, "829945d1-e353-4201-bb7b-f451d6c7a70c": {"node_ids": ["6a0db5dc-6a4e-45da-8d3c-b115d67a66ab"], "metadata": {"document_title": "HOJA DE DATOS DE SEGURIDAD", "metadata_product": "W-117, Alcohol Gel para la Asepsia de Manos", "metadata_description": "Proveedor / Fabricante: Winkler Ltda.", "metadata_recommended_use": "Asepsia de manos", "metadata_section": "INFORMACION SOBRE EL TRANSPORTE"}}, "02f1b926-2d5e-4401-b408-0e7a760dbeb2": {"node_ids": ["43bdd07d-0ed4-4681-b6af-aaaeac9a8d31"], "metadata": {"document_title": "HOJA DE DATOS DE SEGURIDAD", "metadata_product": "W-117, Alcohol Gel para la Asepsia de Manos", "metadata_description": "Proveedor / Fabricante: Winkler Ltda.", "metadata_recommended_use": "Asepsia de manos", "metadata_section": "NORMAS VIGENTES"}}, "146b1b8d-2265-4db7-b67a-dd6a41e99400": {"node_ids": ["034f15ef-3c09-42e8-a849-296665acfef1"], "metadata": {"document_title": "HOJA DE DATOS DE SEGURIDAD", "metadata_product": "W-117, Alcohol Gel para la Asepsia de Manos", "metadata_description": "Proveedor / Fabricante: Winkler Ltda.", "metadata_recommended_use": "Asepsia de manos", "metadata_section": "OTRAS INFORMACIONES"}}}, "docstore/metadata": {"c2f1d987-dac8-4767-9147-c5d0332357a5": {"doc_hash": "fa8ddb72d791a2bd3894d406908a165e9ca86a8d42bb69c16c2229ee9887728c", "ref_doc_id": "e7ed2f48-7dce-49d8-a94e-a2fe0e8d3ca0"}, "84d0694b-8a00-4549-80b5-5d495811e868": {"doc_hash": "30f81499da5c24320bb53912f81185c4423ab35e12f3fd7001cdff7d39a0d4c1", "ref_doc_id": "399da977-b43a-4755-837e-3ffa71056356"}, "db8abf30-14ec-4a32-b384-66390898afe0": {"doc_hash": "bdab4f94948e62b28887c926733ee23f8d9ceb34ebaf8be227ce48f1d120f743", "ref_doc_id": "13b49bcd-d935-4c48-829b-4249a4181e38"}, "0e8a0174-5525-49c7-95b5-3308e1658c13": {"doc_hash": "c1c1fabcf73290437bc32471d23717dd11b93db53adaa29cd8a6fbbc2586f748", "ref_doc_id": "47ae9174-ec46-4872-9c2c-8125734218cf"}, "58862d92-5707-4a74-9757-2c0e9fc83096": {"doc_hash": "b4d60e3703f176fc71005965fbb91ad39de7209e242e6c987e905d729372f6d5", "ref_doc_id": "4738efad-54b8-4516-a953-b091e3a02bdd"}, "4078a64c-9659-4981-83f3-442da188f563": {"doc_hash": "5a629a4ef21b40e014077e378150c8bf7c779f3356b1487fad33e697d8ffd962", "ref_doc_id": "993d2e54-a821-4857-9a71-c202e45d5baa"}, "3b8b0210-968b-4a2f-8182-6f44a400f35b": {"doc_hash": "8b53515c2d7dc36a52042d1f39909771423ac98ee310263ebdb42706047d72f4", "ref_doc_id": "7454ee46-723c-4ca1-b7ef-42efbd99ba67"}, "8531c760-e317-4f8c-be51-2703168f68f3": {"doc_hash": "62a5aea43a1a4d5730aa6921e5f3d4c60a5f1e4189756c0d848f3ed4eef2c035", "ref_doc_id": "1ec01fc6-9246-46ca-b36b-82b804c293a0"}, "cd91be32-47be-4ef5-a98e-dad4f90eca3f": {"doc_hash": "5ca82da40a12387d9e026851dd102f57be7cfdc9ad9a02426a3a2001903e2c4b", "ref_doc_id": "1f54cdb3-a48f-45d5-8f3a-a4e30bfc2082"}, "327aa961-5cfa-4543-b68c-5d1a62bb3f19": {"doc_hash": "e8912f8ead714ddcc03114105916d9b88b28bf4ebd5a23dfb02deca7916ad355", "ref_doc_id": "b167aebd-e94a-4d69-bdd5-015881f891f7"}, "ddf843df-550a-4346-ba86-dd02261dc2b9": {"doc_hash": "f4126eb1c2bf082e0fac973f3d666bc0c11d8f3530480d868913a0130272df0e", "ref_doc_id": "dd537037-9d36-4ce7-80f6-d177f3d056b4"}, "2a00b82f-bc27-439a-b07e-21cb8907bffa": {"doc_hash": "744554baeda606ab54343d84e40e888339199d4b6426797b4e5d427b18e80e07", "ref_doc_id": "53c1bd99-e596-41ff-9042-655151cabc37"}, "772f7d72-4613-448b-920b-0f58586cc3d8": {"doc_hash": "05f6c132c694099e181f3e000b24345cfd55cb38386cfea1b78740ea636cfba5", "ref_doc_id": "a2861acc-bfae-4a99-a5ae-42c3ac655315"}, "6a0db5dc-6a4e-45da-8d3c-b115d67a66ab": {"doc_hash": "51815896534f03c73173ea15a1e464aeec2202eb69fec0bff4fa51916055105e", "ref_doc_id": "829945d1-e353-4201-bb7b-f451d6c7a70c"}, "43bdd07d-0ed4-4681-b6af-aaaeac9a8d31": {"doc_hash": "08e13224040389a1d02373a18db797b499133f821450c0e8de2daf671ea40b7f", "ref_doc_id": "02f1b926-2d5e-4401-b408-0e7a760dbeb2"}, "034f15ef-3c09-42e8-a849-296665acfef1": {"doc_hash": "33b8df2e5f07936294f812108773b39b1893ebf278db38ca36c7b06e0672af95", "ref_doc_id": "146b1b8d-2265-4db7-b67a-dd6a41e99400"}}}