{"docstore/data": {"bf9cc1dd-cfc6-4b02-94e0-8054eb5ad95d": {"__data__": {"id_": "bf9cc1dd-cfc6-4b02-94e0-8054eb5ad95d", "embedding": null, "metadata": {"document_title": "HOJA DE DATOS DE SEGURIDAD", "metadata_product": "MOBILFLUID 424", "metadata_description": "Base lubricante y Aditivos", "metadata_recommended_use": "Fluido hidr\u00e1ulico, Fluido para transmisi\u00f3n manual", "metadata_section": "SECCI\u00d3N 1 IDENTIFICACI\u00d3N DEL PRODUCTO QU\u00cdMICO Y DE LA EMPRESA"}, "excluded_embed_metadata_keys": [], "excluded_llm_metadata_keys": [], "relationships": {"1": {"node_id": "4d0a4165-60ad-48c9-b0c6-4a4a799f14eb", "node_type": "4", "metadata": {"document_title": "HOJA DE DATOS DE SEGURIDAD", "metadata_product": "MOBILFLUID 424", "metadata_description": "Base lubricante y Aditivos", "metadata_recommended_use": "Fluido hidr\u00e1ulico, Fluido para transmisi\u00f3n manual", "metadata_section": "SECCI\u00d3N 1 IDENTIFICACI\u00d3N DEL PRODUCTO QU\u00cdMICO Y DE LA EMPRESA"}, "hash": "faf4a25c70d0ed0469cc85bd5e8691f5f2f43eff83e3a78149d1561e09f8e350", "class_name": "RelatedNodeInfo"}, "3": {"node_id": "99d8bbd9-db5b-481f-83f2-3f0abf92938a", "node_type": "1", "metadata": {"document_title": "HOJA DE DATOS DE SEGURIDAD", "metadata_product": "MOBILFLUID 424", "metadata_description": "Base lubricante y Aditivos", "metadata_recommended_use": "Fluido hidr\u00e1ulico, Fluido para transmisi\u00f3n manual", "metadata_section": "SECCI\u00d3N 2: IDENTIFICACI\u00d3N DE LOS PELIGROS"}, "hash": "f40f0021ead6cf86315d271f56513c0e6bffcbcae8da92ded923bab1d01a35da", "class_name": "RelatedNodeInfo"}}, "hash": "af17a99b810ce2b1d14cddb10bd08a8db3791da84f8cb97bdefe6860709e66a3", "text": "De acuerdo a la fecha de revisi\u00f3n arriba indicada, esta (M)SDS cumple con las regulaciones en Chile. PRODUCTO: Nombre del producto: MOBILFLUID 424. Descripci\u00f3n del producto: Base lubricante y Aditivos. C\u00f3digo del producto: 522334-44. Usos Recomendados: Fluido hidr\u00e1ulico, Fluido para transmisi\u00f3n manual. - IDENTIFICACION DE LA COMPA\u00d1IA:\nNombre del Proveedor: Compa\u00f1\u00eda de Petroleos de Chile - COPEC S.A. Isidora Goyenechea 2915, Santiago Chile. \nN\u00famero de Tel\u00e9fono de Informaci\u00f3n Toxicol\u00f3gica 24 Horas: (56) 2-27771994. \nN\u00famero de Tel\u00e9fono del Proveedor: (56) 226907000.\nN\u00famero de tel\u00e9fono de emergencia 24 horas (56) 2-26753713.", "start_char_idx": null, "end_char_idx": null, "text_template": "{metadata_str}\n\n{content}", "metadata_template": "{key}: {value}", "metadata_seperator": "\n", "class_name": "TextNode"}, "__type__": "1"}, "99d8bbd9-db5b-481f-83f2-3f0abf92938a": {"__data__": {"id_": "99d8bbd9-db5b-481f-83f2-3f0abf92938a", "embedding": null, "metadata": {"document_title": "HOJA DE DATOS DE SEGURIDAD", "metadata_product": "MOBILFLUID 424", "metadata_description": "Base lubricante y Aditivos", "metadata_recommended_use": "Fluido hidr\u00e1ulico, Fluido para transmisi\u00f3n manual", "metadata_section": "SECCI\u00d3N 2: IDENTIFICACI\u00d3N DE LOS PELIGROS"}, "excluded_embed_metadata_keys": [], "excluded_llm_metadata_keys": [], "relationships": {"1": {"node_id": "aba603ab-10d1-48ba-beea-d620fc18fa33", "node_type": "4", "metadata": {"document_title": "HOJA DE DATOS DE SEGURIDAD", "metadata_product": "MOBILFLUID 424", "metadata_description": "Base lubricante y Aditivos", "metadata_recommended_use": "Fluido hidr\u00e1ulico, Fluido para transmisi\u00f3n manual", "metadata_section": "SECCI\u00d3N 2: IDENTIFICACI\u00d3N DE LOS PELIGROS"}, "hash": "c82b73a6b4b8682fc9a6de4659ce88e26115271313933a909bc0b2b31f8f4398", "class_name": "RelatedNodeInfo"}, "2": {"node_id": "bf9cc1dd-cfc6-4b02-94e0-8054eb5ad95d", "node_type": "1", "metadata": {"document_title": "HOJA DE DATOS DE SEGURIDAD", "metadata_product": "MOBILFLUID 424", "metadata_description": "Base lubricante y Aditivos", "metadata_recommended_use": "Fluido hidr\u00e1ulico, Fluido para transmisi\u00f3n manual", "metadata_section": "SECCI\u00d3N 1 IDENTIFICACI\u00d3N DEL PRODUCTO QU\u00cdMICO Y DE LA EMPRESA"}, "hash": "af17a99b810ce2b1d14cddb10bd08a8db3791da84f8cb97bdefe6860709e66a3", "class_name": "RelatedNodeInfo"}, "3": {"node_id": "b8b64688-b99c-4471-b7dd-af3368680208", "node_type": "1", "metadata": {"document_title": "HOJA DE DATOS DE SEGURIDAD", "metadata_product": "MOBILFLUID 424", "metadata_description": "Base lubricante y Aditivos", "metadata_recommended_use": "Fluido hidr\u00e1ulico, Fluido para transmisi\u00f3n manual", "metadata_section": "SECCI\u00d3N 3: COMPOSICI\u00d3N / INFORMACI\u00d3N DE LOS COMPONENTES"}, "hash": "809e93fcec615670fe7a9fb15508340773ec00c3fe338c1af65a5723327387a5", "class_name": "RelatedNodeInfo"}}, "hash": "f40f0021ead6cf86315d271f56513c0e6bffcbcae8da92ded923bab1d01a35da", "text": "El siguiente enlace correponde a la imagen del rombo de seguridad del producto https://i.imgur.com/s9UQg5h.png \nEl rombo tiene cuatro secciones, cada una de las cuales representa un tipo de peligro:\nSalud: El n\u00famero 0 en la secci\u00f3n de salud significa que la grasa no es peligrosa para la salud, incluso en caso de exposici\u00f3n prolongada o repetida.\nInflamabilidad: El n\u00famero 1 en la secci\u00f3n de inflamabilidad significa que la grasa es un material inflamable. La grasa puede incendiarse en contacto con una fuente de calor o una llama abierta.\nReactividad: El n\u00famero 0 en la secci\u00f3n de reactividad significa que la grasa no es un material reactivo. La grasa no es susceptible de reaccionar con otras sustancias para formar productos peligrosos.", "start_char_idx": null, "end_char_idx": null, "text_template": "{metadata_str}\n\n{content}", "metadata_template": "{key}: {value}", "metadata_seperator": "\n", "class_name": "TextNode"}, "__type__": "1"}, "b8b64688-b99c-4471-b7dd-af3368680208": {"__data__": {"id_": "b8b64688-b99c-4471-b7dd-af3368680208", "embedding": null, "metadata": {"document_title": "HOJA DE DATOS DE SEGURIDAD", "metadata_product": "MOBILFLUID 424", "metadata_description": "Base lubricante y Aditivos", "metadata_recommended_use": "Fluido hidr\u00e1ulico, Fluido para transmisi\u00f3n manual", "metadata_section": "SECCI\u00d3N 3: COMPOSICI\u00d3N / INFORMACI\u00d3N DE LOS COMPONENTES"}, "excluded_embed_metadata_keys": [], "excluded_llm_metadata_keys": [], "relationships": {"1": {"node_id": "f9f7837c-45c2-48cd-afca-8eccfc79816e", "node_type": "4", "metadata": {"document_title": "HOJA DE DATOS DE SEGURIDAD", "metadata_product": "MOBILFLUID 424", "metadata_description": "Base lubricante y Aditivos", "metadata_recommended_use": "Fluido hidr\u00e1ulico, Fluido para transmisi\u00f3n manual", "metadata_section": "SECCI\u00d3N 3: COMPOSICI\u00d3N / INFORMACI\u00d3N DE LOS COMPONENTES"}, "hash": "809e93fcec615670fe7a9fb15508340773ec00c3fe338c1af65a5723327387a5", "class_name": "RelatedNodeInfo"}, "2": {"node_id": "99d8bbd9-db5b-481f-83f2-3f0abf92938a", "node_type": "1", "metadata": {"document_title": "HOJA DE DATOS DE SEGURIDAD", "metadata_product": "MOBILFLUID 424", "metadata_description": "Base lubricante y Aditivos", "metadata_recommended_use": "Fluido hidr\u00e1ulico, Fluido para transmisi\u00f3n manual", "metadata_section": "SECCI\u00d3N 2: IDENTIFICACI\u00d3N DE LOS PELIGROS"}, "hash": "f40f0021ead6cf86315d271f56513c0e6bffcbcae8da92ded923bab1d01a35da", "class_name": "RelatedNodeInfo"}, "3": {"node_id": "6868b34a-cb06-47f6-baed-5287e18c8077", "node_type": "1", "metadata": {"document_title": "HOJA DE DATOS DE SEGURIDAD", "metadata_product": "MOBILFLUID 424", "metadata_description": "Base lubricante y Aditivos", "metadata_recommended_use": "Fluido hidr\u00e1ulico, Fluido para transmisi\u00f3n manual", "metadata_section": "SECCION 4: PRIMEROS AUXILIOS"}, "hash": "201f66c57ddc81613e65f692033607fab1afcc6afb8bf6b3a875a0a0bf24d54a", "class_name": "RelatedNodeInfo"}}, "hash": "809e93fcec615670fe7a9fb15508340773ec00c3fe338c1af65a5723327387a5", "text": "Este material est\u00e1 definido como una mezcla.\nSustancia(s) Peligrosa(s) o Sustancia(s) Compleja(s) que requiere divulgaci\u00f3n\n(Siguiente informaci\u00f3n en formato tabla):\n- Nombre: \u00c9STER DE BORATO. CAS#: CONFIDENCIAL. Concentraci\u00f3n*: 0.1 - < 1. C\u00f3digos SGA de peligro: H317.\n- Nombre: DESTILADO MEDIO HIDROTRATADO (PETR\u00d3LEO): CAS#: 64742-46-7. Concentraci\u00f3n: 1 - < 5%. C\u00f3digos SGA de Peligro: H304.\n- Nombre: \u00c1CIDO FOSFOROSO, TRIFENIL \u00c9STER. CAS#: 101-02-0. Concentraci\u00f3n*: 0.025 - < 0.1 %. C\u00f3digos SGA de Peligro: H302, H317, H315, H319(2A), h373, H400(M factor 1).\n- Nombre: DESTILADO PARAFINICO PESADO DESPARAFINADO POR SOLVENTE. CAS#: 64742-65-0. Concentraci\u00f3n*: 50 - < 60%. C\u00f3digos SGA de Peligro: H304.\n- Nombre: ALQUIL DITIOFOSFATO DE ZINC. CAS#: 68649-42-3. Concentraci\u00f3n*: 1 - < 2.5%. C\u00f3digos SGA de Peligro: H318, H401, H411.\n* Todas las concentraciones est\u00e1n en porcentaje en peso a menos que el ingrediente sea un gas. Las concentraciones de gases est\u00e1n en porcentaje por volumen.", "start_char_idx": null, "end_char_idx": null, "text_template": "{metadata_str}\n\n{content}", "metadata_template": "{key}: {value}", "metadata_seperator": "\n", "class_name": "TextNode"}, "__type__": "1"}, "6868b34a-cb06-47f6-baed-5287e18c8077": {"__data__": {"id_": "6868b34a-cb06-47f6-baed-5287e18c8077", "embedding": null, "metadata": {"document_title": "HOJA DE DATOS DE SEGURIDAD", "metadata_product": "MOBILFLUID 424", "metadata_description": "Base lubricante y Aditivos", "metadata_recommended_use": "Fluido hidr\u00e1ulico, Fluido para transmisi\u00f3n manual", "metadata_section": "SECCION 4: PRIMEROS AUXILIOS"}, "excluded_embed_metadata_keys": [], "excluded_llm_metadata_keys": [], "relationships": {"1": {"node_id": "ea18f82c-a373-455c-b352-109f52d6b4d7", "node_type": "4", "metadata": {"document_title": "HOJA DE DATOS DE SEGURIDAD", "metadata_product": "MOBILFLUID 424", "metadata_description": "Base lubricante y Aditivos", "metadata_recommended_use": "Fluido hidr\u00e1ulico, Fluido para transmisi\u00f3n manual", "metadata_section": "SECCION 4: PRIMEROS AUXILIOS"}, "hash": "201f66c57ddc81613e65f692033607fab1afcc6afb8bf6b3a875a0a0bf24d54a", "class_name": "RelatedNodeInfo"}, "2": {"node_id": "b8b64688-b99c-4471-b7dd-af3368680208", "node_type": "1", "metadata": {"document_title": "HOJA DE DATOS DE SEGURIDAD", "metadata_product": "MOBILFLUID 424", "metadata_description": "Base lubricante y Aditivos", "metadata_recommended_use": "Fluido hidr\u00e1ulico, Fluido para transmisi\u00f3n manual", "metadata_section": "SECCI\u00d3N 3: COMPOSICI\u00d3N / INFORMACI\u00d3N DE LOS COMPONENTES"}, "hash": "809e93fcec615670fe7a9fb15508340773ec00c3fe338c1af65a5723327387a5", "class_name": "RelatedNodeInfo"}, "3": {"node_id": "4b748deb-e649-4480-bcbf-0e301d1617ba", "node_type": "1", "metadata": {"document_title": "HOJA DE DATOS DE SEGURIDAD", "metadata_product": "MOBILFLUID 424", "metadata_description": "Base lubricante y Aditivos", "metadata_recommended_use": "Fluido hidr\u00e1ulico, Fluido para transmisi\u00f3n manual", "metadata_section": "SECCI\u00d3N 5: MEDIDAS PARA LUCHA CONTRA INCENDIOS"}, "hash": "7874ca00d4a81421e983c396871f7cdf49b9c4449c913a23cf277b28aa94dc91", "class_name": "RelatedNodeInfo"}}, "hash": "201f66c57ddc81613e65f692033607fab1afcc6afb8bf6b3a875a0a0bf24d54a", "text": "- INHALACI\u00d3N: Ret\u00edrese de alguna exposici\u00f3n posterior. Para quienes proporcionan asistencia, eviten la exposici\u00f3n de  ustedes mismos o de otros. Use protecci\u00f3n respiratoria adecuada. Si se presenta irritaci\u00f3n respiratoria, mareo, n\u00e1usea o inconsciencia, busque asistencia m\u00e9dica inmediata. Si se ha detenido la respiraci\u00f3n, asista la ventilaci\u00f3n con un elemento mec\u00e1nico o use resucitaci\u00f3n boca a boca. \n- CONTACTO CON LA PIEL: Lave las \u00e1reas de contacto con agua y jab\u00f3n. Si el producto se inyecta dentro o debajo de la piel, o en cualquier parte del cuerpo, independientemente de la apariencia del \u00e1rea lastimada o su tama\u00f1o, el individuo. debe ser evaluado inmediatamente por un m\u00e9dico como una emergencia quir\u00fargica. A\u00fan cuando los s\u00edntomas iniciales de la inyecci\u00f3n a alta presi\u00f3n sean m\u00ednimos o ausentes, el tratamiento quir\u00fargico dentro de las primeras horas puede reducir en \u00faltimas el grado de lesi\u00f3n en forma significativa.\n- CONTACTO CON EL OJO: Enjuague completamente con agua. Si se presenta irritaci\u00f3n, obtenga asistencia m\u00e9dica.\n- NGESTI\u00d3N: Normalmente no se requieren primeros auxilios. Si ocurre alg\u00fan malestar busque atenci\u00f3n m\u00e9dica.\n- LOS S\u00cdNTOMAS Y EFECTOS AGUDOS Y RETARDADOS MAS IMPORTANTES. Necrosis local evidenciada por la aparici\u00f3n retardada de dolor y da\u00f1os en los tejidos unas pocas horas  despu\u00e9s de la inyecci\u00f3n. Para medidas de protecci\u00f3n personal al personal que brinda los primeros auxilios, por favor vea la Secci\u00f3n 8. Para una descripci\u00f3n de los efectos agudos y retardados previstos, por favor vea la Secci\u00f3n 2", "start_char_idx": null, "end_char_idx": null, "text_template": "{metadata_str}\n\n{content}", "metadata_template": "{key}: {value}", "metadata_seperator": "\n", "class_name": "TextNode"}, "__type__": "1"}, "4b748deb-e649-4480-bcbf-0e301d1617ba": {"__data__": {"id_": "4b748deb-e649-4480-bcbf-0e301d1617ba", "embedding": null, "metadata": {"document_title": "HOJA DE DATOS DE SEGURIDAD", "metadata_product": "MOBILFLUID 424", "metadata_description": "Base lubricante y Aditivos", "metadata_recommended_use": "Fluido hidr\u00e1ulico, Fluido para transmisi\u00f3n manual", "metadata_section": "SECCI\u00d3N 5: MEDIDAS PARA LUCHA CONTRA INCENDIOS"}, "excluded_embed_metadata_keys": [], "excluded_llm_metadata_keys": [], "relationships": {"1": {"node_id": "89e73040-f616-41f3-a80f-33f859338de2", "node_type": "4", "metadata": {"document_title": "HOJA DE DATOS DE SEGURIDAD", "metadata_product": "MOBILFLUID 424", "metadata_description": "Base lubricante y Aditivos", "metadata_recommended_use": "Fluido hidr\u00e1ulico, Fluido para transmisi\u00f3n manual", "metadata_section": "SECCI\u00d3N 5: MEDIDAS PARA LUCHA CONTRA INCENDIOS"}, "hash": "7874ca00d4a81421e983c396871f7cdf49b9c4449c913a23cf277b28aa94dc91", "class_name": "RelatedNodeInfo"}, "2": {"node_id": "6868b34a-cb06-47f6-baed-5287e18c8077", "node_type": "1", "metadata": {"document_title": "HOJA DE DATOS DE SEGURIDAD", "metadata_product": "MOBILFLUID 424", "metadata_description": "Base lubricante y Aditivos", "metadata_recommended_use": "Fluido hidr\u00e1ulico, Fluido para transmisi\u00f3n manual", "metadata_section": "SECCION 4: PRIMEROS AUXILIOS"}, "hash": "201f66c57ddc81613e65f692033607fab1afcc6afb8bf6b3a875a0a0bf24d54a", "class_name": "RelatedNodeInfo"}, "3": {"node_id": "2ac7f985-effe-4887-b504-1b11b09e0e05", "node_type": "1", "metadata": {"document_title": "HOJA DE DATOS DE SEGURIDAD", "metadata_product": "MOBILFLUID 424", "metadata_description": "Base lubricante y Aditivos", "metadata_recommended_use": "Fluido hidr\u00e1ulico, Fluido para transmisi\u00f3n manual", "metadata_section": "SECCI\u00d3N 6: MEDIDAS QUE SE DEBEN TOMAR EN CASO DE DERRAME  ACCIDENTAL"}, "hash": "d30272e193fb510b04fbc800aa84b86e2cb9f69ba2ec518923e22edffe696168", "class_name": "RelatedNodeInfo"}}, "hash": "7874ca00d4a81421e983c396871f7cdf49b9c4449c913a23cf277b28aa94dc91", "text": "- MEDIO DE EXTINCION: Medio de extinci\u00f3n adecuado: Use niebla de agua, espuma, qu\u00edmico seco o dioxido de carb\u00f3n (CO2) para extinguir las llamas. Medio de extinci\u00f3n inadecuado: Corrientes directas de agua. - CONTRA INCENDIOS: Instrucciones contra incendios: Evacue el \u00e1rea. Prevenga que el producto fluya fuera del \u00e1rea controlada  por incendio o la diluci\u00f3n hacia fuentes de entrada, alcantarillados o suministro de agua potable. Los bomberos deben utilizar equipo de protecci\u00f3n est\u00e1ndar y en espacios cerrados, equipo de respiraci\u00f3n aut\u00f3nomo (SCBA). Utilice agua en roc\u00edo para enfriar las superficies expuestas al fuego y para proteger al personal. Peligros de incendio poco usuales: Las neblinas a presi\u00f3n pueden formar una mezcla inflamable.\nProductos de combusti\u00f3n peligrosos: Aldeh\u00eddos, Productos de combusti\u00f3n incompleta, \u00d3xidos de carb\u00f3n, Humo, \u00d3xidos de azufre La exposici\u00f3n a los productos de combusti\u00f3n puede generar efectos t\u00f3xicos adversos y/o irritaci\u00f3n.\n. PROPIEDADES INFLAMABLES: Punto de inflamaci\u00f3n [M\u00e9todo]: >198\u00b0C (388\u00b0F) [ASTM D-92].\nL\u00edmites de inflamabilidad (% aproximado de volumen en el aire): LIE: 0.9 LSE: 7.0.\nTemperatura de auto inflamaci\u00f3n: N/D.", "start_char_idx": null, "end_char_idx": null, "text_template": "{metadata_str}\n\n{content}", "metadata_template": "{key}: {value}", "metadata_seperator": "\n", "class_name": "TextNode"}, "__type__": "1"}, "2ac7f985-effe-4887-b504-1b11b09e0e05": {"__data__": {"id_": "2ac7f985-effe-4887-b504-1b11b09e0e05", "embedding": null, "metadata": {"document_title": "HOJA DE DATOS DE SEGURIDAD", "metadata_product": "MOBILFLUID 424", "metadata_description": "Base lubricante y Aditivos", "metadata_recommended_use": "Fluido hidr\u00e1ulico, Fluido para transmisi\u00f3n manual", "metadata_section": "SECCI\u00d3N 6: MEDIDAS QUE SE DEBEN TOMAR EN CASO DE DERRAME  ACCIDENTAL"}, "excluded_embed_metadata_keys": [], "excluded_llm_metadata_keys": [], "relationships": {"1": {"node_id": "df668d0b-88eb-4735-ac12-34cfad6616f9", "node_type": "4", "metadata": {"document_title": "HOJA DE DATOS DE SEGURIDAD", "metadata_product": "MOBILFLUID 424", "metadata_description": "Base lubricante y Aditivos", "metadata_recommended_use": "Fluido hidr\u00e1ulico, Fluido para transmisi\u00f3n manual", "metadata_section": "SECCI\u00d3N 6: MEDIDAS QUE SE DEBEN TOMAR EN CASO DE DERRAME  ACCIDENTAL"}, "hash": "d30272e193fb510b04fbc800aa84b86e2cb9f69ba2ec518923e22edffe696168", "class_name": "RelatedNodeInfo"}, "2": {"node_id": "4b748deb-e649-4480-bcbf-0e301d1617ba", "node_type": "1", "metadata": {"document_title": "HOJA DE DATOS DE SEGURIDAD", "metadata_product": "MOBILFLUID 424", "metadata_description": "Base lubricante y Aditivos", "metadata_recommended_use": "Fluido hidr\u00e1ulico, Fluido para transmisi\u00f3n manual", "metadata_section": "SECCI\u00d3N 5: MEDIDAS PARA LUCHA CONTRA INCENDIOS"}, "hash": "7874ca00d4a81421e983c396871f7cdf49b9c4449c913a23cf277b28aa94dc91", "class_name": "RelatedNodeInfo"}, "3": {"node_id": "bf59447b-b956-4b4f-8c97-89ae2b10352c", "node_type": "1", "metadata": {"document_title": "HOJA DE DATOS DE SEGURIDAD", "metadata_product": "MOBILFLUID 424", "metadata_description": "Base lubricante y Aditivos", "metadata_recommended_use": "Fluido hidr\u00e1ulico, Fluido para transmisi\u00f3n manual", "metadata_section": "SECCI\u00d3N 6: MEDIDAS QUE SE DEBEN TOMAR EN CASO DE DERRAME  ACCIDENTAL"}, "hash": "bba97e0c7a4c90519fc300068427d25330a854924beaffbf6c11a7232ad1b7d4", "class_name": "RelatedNodeInfo"}}, "hash": "d30272e193fb510b04fbc800aa84b86e2cb9f69ba2ec518923e22edffe696168", "text": "- PROCEDIMIENTOS DE NOTIFICACI\u00d3N: En el caso de un derrame o emisi\u00f3n accidental, notifique a las autoridades pertinentes de acuerdo con todos los reglamentos aplicables. - MEDIDAS DE PROTECCI\u00d3N: Evite el contacto con el material derramado. Consulte la Secci\u00f3n 5 sobre informaci\u00f3n contra incendios.  Consulte la Secci\u00f3n sobre Identificaci\u00f3n de Peligros para peligros significativos. Consulte la Secci\u00f3n 4 para  recomendaciones sobre primeros auxilios. Consulte la Secci\u00f3n 8 sobre los m\u00ednimos requisitos para el equipo  de Protecci\u00f3n Personal. Medidas de protecci\u00f3n adicional pueden ser necesarias dependiendo de las circunstancias espec\u00edficas y/o del an\u00e1lisis experto del personal que atiende la emergencia.\nPara quien atienden la emergencia: Protecci\u00f3n respiratoria: Protecci\u00f3n respiratoria ser\u00e1 necesaria s\u00f3lo en casos especiales, por ejemplo, la formaci\u00f3n de nieblas. Respirador de media cara o de cara completa con filtro(s) de part\u00edculas/vapores org\u00e1nicos o un aparato de respiraci\u00f3n aut\u00f3nomo (SCBA) se puede utilizar dependiendo del tama\u00f1o del derrame y el nivel potencial de exposici\u00f3n. Si la exposici\u00f3n no puede ser caracterizada o si se anticipa o es posible una atm\u00f3sfera deficiente en ox\u00edgeno, se recomienda usar SCBA. Se recomienda guantes de trabajo que sean resistentes a los hidrocarburos. Guantes de acetato de polivinilo (PVA) no son resistentes al agua y no son adecuados para uso en emergencias. Se recomiendan la gafas de protecci\u00f3n para qu\u00edmicos si es posible una salpicadura o cualquier contacto con los ojos. Derrames \npeque\u00f1os: Normalmente es suficiente usar ropa normal de trabajo antiest\u00e1tica. Derrames grandes: traje completo resistente a productos qu\u00edmicos, se recomienda que sea antiest\u00e1tico.", "start_char_idx": null, "end_char_idx": null, "text_template": "{metadata_str}\n\n{content}", "metadata_template": "{key}: {value}", "metadata_seperator": "\n", "class_name": "TextNode"}, "__type__": "1"}, "bf59447b-b956-4b4f-8c97-89ae2b10352c": {"__data__": {"id_": "bf59447b-b956-4b4f-8c97-89ae2b10352c", "embedding": null, "metadata": {"document_title": "HOJA DE DATOS DE SEGURIDAD", "metadata_product": "MOBILFLUID 424", "metadata_description": "Base lubricante y Aditivos", "metadata_recommended_use": "Fluido hidr\u00e1ulico, Fluido para transmisi\u00f3n manual", "metadata_section": "SECCI\u00d3N 6: MEDIDAS QUE SE DEBEN TOMAR EN CASO DE DERRAME  ACCIDENTAL"}, "excluded_embed_metadata_keys": [], "excluded_llm_metadata_keys": [], "relationships": {"1": {"node_id": "a841463e-4f18-4f8c-af9c-8dc3d0edcae7", "node_type": "4", "metadata": {"document_title": "HOJA DE DATOS DE SEGURIDAD", "metadata_product": "MOBILFLUID 424", "metadata_description": "Base lubricante y Aditivos", "metadata_recommended_use": "Fluido hidr\u00e1ulico, Fluido para transmisi\u00f3n manual", "metadata_section": "SECCI\u00d3N 6: MEDIDAS QUE SE DEBEN TOMAR EN CASO DE DERRAME  ACCIDENTAL"}, "hash": "bba97e0c7a4c90519fc300068427d25330a854924beaffbf6c11a7232ad1b7d4", "class_name": "RelatedNodeInfo"}, "2": {"node_id": "2ac7f985-effe-4887-b504-1b11b09e0e05", "node_type": "1", "metadata": {"document_title": "HOJA DE DATOS DE SEGURIDAD", "metadata_product": "MOBILFLUID 424", "metadata_description": "Base lubricante y Aditivos", "metadata_recommended_use": "Fluido hidr\u00e1ulico, Fluido para transmisi\u00f3n manual", "metadata_section": "SECCI\u00d3N 6: MEDIDAS QUE SE DEBEN TOMAR EN CASO DE DERRAME  ACCIDENTAL"}, "hash": "d30272e193fb510b04fbc800aa84b86e2cb9f69ba2ec518923e22edffe696168", "class_name": "RelatedNodeInfo"}, "3": {"node_id": "b87cb7b6-8fad-4781-89e5-9f9681282ed9", "node_type": "1", "metadata": {"document_title": "HOJA DE DATOS DE SEGURIDAD", "metadata_product": "MOBILFLUID 424", "metadata_description": "Base lubricante y Aditivos", "metadata_recommended_use": "Fluido hidr\u00e1ulico, Fluido para transmisi\u00f3n manual", "metadata_section": "SECCI\u00d3N 7: MANIPULACI\u00d3N Y ALMACENAMIENTO"}, "hash": "739a10f3decb1b07666158259ec851208493ab69170ad73428abebc4a1999384", "class_name": "RelatedNodeInfo"}}, "hash": "bba97e0c7a4c90519fc300068427d25330a854924beaffbf6c11a7232ad1b7d4", "text": "- MANEJO DE DERRAMES:\nDerrame en tierra: Si puede hacerlo sin riesgo detenga la fuga. Recup\u00e9relo por bombeo o con un absorbente adecuado.\nDerrame en agua: Si puede hacerlo sin riesgo detenga la fuga. Confine el derrame inmediatamente usando barreras flotantes. Advierta a otras embarcaciones Remu\u00e9valo de la superficie por desnatado o usando absorbentes adecuados. Busque la asistencia de un especialista antes de usar dispersantes.\nLas recomendaciones para derrames en agua y en tierra se basan en el escenario m\u00e1s factible para este material; sin embargo, las condiciones geogr\u00e1ficas, el viento, la temperatura, (y en caso de derrames en agua) la direcci\u00f3n y velocidad de olas, pueden influenciar en forma importante la acci\u00f3n apropiada que deba tomarse. Por esta raz\u00f3n, se deben consultar los expertos locales. Nota: Las regulaciones locales pueden prescribir o limitar la acci\u00f3n a tomarse.\nPRECAUCIONES MEDIO AMBIENTALES:\nDerrames grandes: Contenga mediante un dique localizado adelante y a gran distancia del derrame para su recuperaci\u00f3n y posterior eliminaci\u00f3n. Derrames grandes: Evite la entrada en corrientes de agua, alcantarillados, s\u00f3tanos o \u00e1reas confinadas. Para disposici\u00f3n final por favor ver la secci\u00f3n 13", "start_char_idx": null, "end_char_idx": null, "text_template": "{metadata_str}\n\n{content}", "metadata_template": "{key}: {value}", "metadata_seperator": "\n", "class_name": "TextNode"}, "__type__": "1"}, "b87cb7b6-8fad-4781-89e5-9f9681282ed9": {"__data__": {"id_": "b87cb7b6-8fad-4781-89e5-9f9681282ed9", "embedding": null, "metadata": {"document_title": "HOJA DE DATOS DE SEGURIDAD", "metadata_product": "MOBILFLUID 424", "metadata_description": "Base lubricante y Aditivos", "metadata_recommended_use": "Fluido hidr\u00e1ulico, Fluido para transmisi\u00f3n manual", "metadata_section": "SECCI\u00d3N 7: MANIPULACI\u00d3N Y ALMACENAMIENTO"}, "excluded_embed_metadata_keys": [], "excluded_llm_metadata_keys": [], "relationships": {"1": {"node_id": "3ef9b1a9-5c6a-4695-8323-9e3f2697bb06", "node_type": "4", "metadata": {"document_title": "HOJA DE DATOS DE SEGURIDAD", "metadata_product": "MOBILFLUID 424", "metadata_description": "Base lubricante y Aditivos", "metadata_recommended_use": "Fluido hidr\u00e1ulico, Fluido para transmisi\u00f3n manual", "metadata_section": "SECCI\u00d3N 7: MANIPULACI\u00d3N Y ALMACENAMIENTO"}, "hash": "3287b6d118ad079bd2b2cea5387888a28e0940eb9e3f7a6e53215dfbec62c467", "class_name": "RelatedNodeInfo"}, "2": {"node_id": "bf59447b-b956-4b4f-8c97-89ae2b10352c", "node_type": "1", "metadata": {"document_title": "HOJA DE DATOS DE SEGURIDAD", "metadata_product": "MOBILFLUID 424", "metadata_description": "Base lubricante y Aditivos", "metadata_recommended_use": "Fluido hidr\u00e1ulico, Fluido para transmisi\u00f3n manual", "metadata_section": "SECCI\u00d3N 6: MEDIDAS QUE SE DEBEN TOMAR EN CASO DE DERRAME  ACCIDENTAL"}, "hash": "bba97e0c7a4c90519fc300068427d25330a854924beaffbf6c11a7232ad1b7d4", "class_name": "RelatedNodeInfo"}, "3": {"node_id": "e74db91b-b798-497c-ad5c-a2ebe4af4caf", "node_type": "1", "metadata": {"document_title": "HOJA DE DATOS DE SEGURIDAD", "metadata_product": "MOBILFLUID 424", "metadata_description": "Base lubricante y Aditivos", "metadata_recommended_use": "Fluido hidr\u00e1ulico, Fluido para transmisi\u00f3n manual", "metadata_section": "SECCI\u00d3N 8 CONTROLES DE EXPOSICI\u00d3N / PROTECCI\u00d3N PERSONAL"}, "hash": "998a0d5aa56a0f2e6375619784b1245fcd729b586fd780a950b581149927012f", "class_name": "RelatedNodeInfo"}}, "hash": "739a10f3decb1b07666158259ec851208493ab69170ad73428abebc4a1999384", "text": "- MANIPULACI\u00d3N, MEDIDAS OPERACIONALES Y T\u00c9CNICAS APLICABLES: Evite peque\u00f1os derrames y fugas para evitar riesgos de resbalamiento. El material puede acumular cargas est\u00e1ticas que pueden causar una chispa el\u00e9ctrica (fuente de ignici\u00f3n). Cuando el material se maneja a granel, una chispa el\u00e9ctrica puede encender los vapores de l\u00edquidos inflamables o residuos que puedan estar presentes (por ejemplo, durante las operaciones de cambio de carga). Use procedimientos adecuados para amarre y conexi\u00f3n a tierra. Sin embargo, los amarres y las conexiones a tierra pueden no eliminar el peligro de la acumulaci\u00f3n de est\u00e1tica. Consulte las normas locales aplicables para orientaci\u00f3n. Referencias adicionales \n incluyen El Instituto Americano del Petr\u00f3leo 2003 (Protecci\u00f3n contra igniciones provenientes de Est\u00e1tica, Rayos y Corrientes Par\u00e1sitas) o National Fire Protection Agency 77 (pr\u00e1ctica recomendada en la electricidad est\u00e1tica) o CENELEC CLC / TR 50404 (Electrost\u00e1tica - C\u00f3digo de conducta para evitar los riesgos debidos a la electricidad est\u00e1tica). - Acumulador est\u00e1tico: Este material es un acumulador est\u00e1tico. - Otras medidas de precauci\u00f3n apropiadas: No es aplicable.\n - ALMACENAMIENTO: El tipo de contenedor usado para almacenar el material puede afectar la acumulaci\u00f3n y disipaci\u00f3n de est\u00e1tica.  No almacene en recipientes abiertos o sin identificar. Mantengase alejado de materiales incompatibles.  Para medidas operacionales y controles de ingenier\u00eda por favor ver la Secci\u00f3n 8. Para Materiales incompatibles por favor vea la Secci\u00f3n 10", "start_char_idx": null, "end_char_idx": null, "text_template": "{metadata_str}\n\n{content}", "metadata_template": "{key}: {value}", "metadata_seperator": "\n", "class_name": "TextNode"}, "__type__": "1"}, "e74db91b-b798-497c-ad5c-a2ebe4af4caf": {"__data__": {"id_": "e74db91b-b798-497c-ad5c-a2ebe4af4caf", "embedding": null, "metadata": {"document_title": "HOJA DE DATOS DE SEGURIDAD", "metadata_product": "MOBILFLUID 424", "metadata_description": "Base lubricante y Aditivos", "metadata_recommended_use": "Fluido hidr\u00e1ulico, Fluido para transmisi\u00f3n manual", "metadata_section": "SECCI\u00d3N 8 CONTROLES DE EXPOSICI\u00d3N / PROTECCI\u00d3N PERSONAL"}, "excluded_embed_metadata_keys": [], "excluded_llm_metadata_keys": [], "relationships": {"1": {"node_id": "d160cb59-4628-497d-9f28-92c3c538f517", "node_type": "4", "metadata": {"document_title": "HOJA DE DATOS DE SEGURIDAD", "metadata_product": "MOBILFLUID 424", "metadata_description": "Base lubricante y Aditivos", "metadata_recommended_use": "Fluido hidr\u00e1ulico, Fluido para transmisi\u00f3n manual", "metadata_section": "SECCI\u00d3N 8 CONTROLES DE EXPOSICI\u00d3N / PROTECCI\u00d3N PERSONAL"}, "hash": "998a0d5aa56a0f2e6375619784b1245fcd729b586fd780a950b581149927012f", "class_name": "RelatedNodeInfo"}, "2": {"node_id": "b87cb7b6-8fad-4781-89e5-9f9681282ed9", "node_type": "1", "metadata": {"document_title": "HOJA DE DATOS DE SEGURIDAD", "metadata_product": "MOBILFLUID 424", "metadata_description": "Base lubricante y Aditivos", "metadata_recommended_use": "Fluido hidr\u00e1ulico, Fluido para transmisi\u00f3n manual", "metadata_section": "SECCI\u00d3N 7: MANIPULACI\u00d3N Y ALMACENAMIENTO"}, "hash": "739a10f3decb1b07666158259ec851208493ab69170ad73428abebc4a1999384", "class_name": "RelatedNodeInfo"}, "3": {"node_id": "7396a289-581c-4010-b5c0-3ba867ec51db", "node_type": "1", "metadata": {"document_title": "HOJA DE DATOS DE SEGURIDAD", "metadata_product": " MOBILFLUID 424", "metadata_description": "Base lubricante y Aditivos", "metadata_recommended_use": "Fluido hidr\u00e1ulico, Fluido para transmisi\u00f3n manual", "metadata_section": "SECCI\u00d3N 8: CONTROLES DE EXPOSICI\u00d3N / PROTECCI\u00d3N PERSONAL"}, "hash": "b931b69466340b5d8f951231eb367f6a3d3b02a160124fb7ae5c6933a2f47a33", "class_name": "RelatedNodeInfo"}}, "hash": "998a0d5aa56a0f2e6375619784b1245fcd729b586fd780a950b581149927012f", "text": "- VALORES DE EXPOSICI\u00d3N L\u00cdMITE: \nL\u00edmites de exposici\u00f3n/est\u00e1ndares (Nota: Los l\u00edmites de exposici\u00f3n no son aditivos). Siguiente informaci\u00f3n en formato tabla: \n- Nombre de la sustancia: DESTILADO MEDIO HIDROTRATADO(PETR\u00d3LEO). Forma: Neblina.\nL\u00edmite: TWA. Norma: 5 mg/m3. Nota: N/A. Fuente: OSHA Z1.\n- Nombre de la sustancia: DESTILADO MEDIO HIDROTRATADO (PETR\u00d3LEO). Forma: Fracci\u00f3n inhalable. L\u00edmite: TWA. Norma: 5 mg/m3. Nota: N/A. Fuente: ACGIH.\n- Nombre de la sustancia: DESTILADO PARAFINICO PESADO DESPARAFINADO POR SOLVENTE. Forma: Neblina. L\u00edmite: TWA. Norma: 5mg/m3. Nota: N/A. Fuente: OSHA Z1.\n- Nombre de la sustancia: DESTILADO PARAFINICO PESADO DESPARAFINADO POR SOLVENTE.\nForma: Fracci\u00f3n inhalable. L\u00edmite: TWA. Norma: 5 mg/m3. Nota: N/A. Fuente: ACGIH.\n- L\u00edmites y est\u00e1ndares de exposici\u00f3n para los materiales que pueden formarse durante el manejo de este producto: Cuando se pueda presentar niebla/aerosoles se recomienda lo siguiente: 5 mg/m\u00b3 - ACGIH TLV (fracci\u00f3n inhalable), 5 mg/m\u00b3 - OSHA PEL. NOTA: Los l\u00edmites y est\u00e1ndares se muestran \u00fanicamente como gu\u00eda. Siga las regulaciones aplicables.\n- CONTROLES DE INGENIERIA Y MEDIDAS OPERACIONALES APLICABLES: El nivel de protecci\u00f3n y los tipos de controles necesarios variar\u00e1n dependiendo del potencial de las condiciones de exposici\u00f3n. Medidas de control a considerar: Ning\u00fan requisito especial bajo condiciones normales de uso y con ventilaci\u00f3n adecuada. - CONTROLES MEDIO AMBIENTALES: Cumplir con las reglamentaciones medioambientales limitando la eliminaci\u00f3n al aire, agua y suelo. Proteger el medio ambiente aplicando medidas de control apropiadas para prevenir o limitar las emisiones.", "start_char_idx": null, "end_char_idx": null, "text_template": "{metadata_str}\n\n{content}", "metadata_template": "{key}: {value}", "metadata_seperator": "\n", "class_name": "TextNode"}, "__type__": "1"}, "7396a289-581c-4010-b5c0-3ba867ec51db": {"__data__": {"id_": "7396a289-581c-4010-b5c0-3ba867ec51db", "embedding": null, "metadata": {"document_title": "HOJA DE DATOS DE SEGURIDAD", "metadata_product": " MOBILFLUID 424", "metadata_description": "Base lubricante y Aditivos", "metadata_recommended_use": "Fluido hidr\u00e1ulico, Fluido para transmisi\u00f3n manual", "metadata_section": "SECCI\u00d3N 8: CONTROLES DE EXPOSICI\u00d3N / PROTECCI\u00d3N PERSONAL"}, "excluded_embed_metadata_keys": [], "excluded_llm_metadata_keys": [], "relationships": {"1": {"node_id": "f882e414-ba5f-47d2-b1ab-5a2843485f68", "node_type": "4", "metadata": {"document_title": "HOJA DE DATOS DE SEGURIDAD", "metadata_product": " MOBILFLUID 424", "metadata_description": "Base lubricante y Aditivos", "metadata_recommended_use": "Fluido hidr\u00e1ulico, Fluido para transmisi\u00f3n manual", "metadata_section": "SECCI\u00d3N 8: CONTROLES DE EXPOSICI\u00d3N / PROTECCI\u00d3N PERSONAL"}, "hash": "b931b69466340b5d8f951231eb367f6a3d3b02a160124fb7ae5c6933a2f47a33", "class_name": "RelatedNodeInfo"}, "2": {"node_id": "e74db91b-b798-497c-ad5c-a2ebe4af4caf", "node_type": "1", "metadata": {"document_title": "HOJA DE DATOS DE SEGURIDAD", "metadata_product": "MOBILFLUID 424", "metadata_description": "Base lubricante y Aditivos", "metadata_recommended_use": "Fluido hidr\u00e1ulico, Fluido para transmisi\u00f3n manual", "metadata_section": "SECCI\u00d3N 8 CONTROLES DE EXPOSICI\u00d3N / PROTECCI\u00d3N PERSONAL"}, "hash": "998a0d5aa56a0f2e6375619784b1245fcd729b586fd780a950b581149927012f", "class_name": "RelatedNodeInfo"}, "3": {"node_id": "a8fbfecf-a239-4c70-92c7-82819ec5e7d6", "node_type": "1", "metadata": {"document_title": "HOJA DE DATOS DE SEGURIDAD", "metadata_product": " MOBILFLUID 424", "metadata_description": "Base lubricante y Aditivos", "metadata_recommended_use": "Fluido hidr\u00e1ulico, Fluido para transmisi\u00f3n manual", "metadata_section": "SECCI\u00d3N 9: PROPIEDADES F\u00cdSICAS Y QU\u00cdMICAS"}, "hash": "042a4e016d59bab017e72099e218b3b3c4e12e9ec2568a15361d49314ab8b235", "class_name": "RelatedNodeInfo"}}, "hash": "b931b69466340b5d8f951231eb367f6a3d3b02a160124fb7ae5c6933a2f47a33", "text": "- PROTECCI\u00d3N PERSONAL: Las selecciones del equipo de protecci\u00f3n personal var\u00edan dependiendo de las condiciones potenciales de  exposici\u00f3n tales como aplicaciones, pr\u00e1cticas de manejo, concentraci\u00f3n y ventilaci\u00f3n. La informaci\u00f3n sobre la  selecci\u00f3n del equipo de protecci\u00f3n a usarse con este material, como se indica mas abajo, se basa en el uso normal previsto. \n- Protecci\u00f3n respiratoria: Si los controles de ingenier\u00eda no mantienen las concentraciones de contaminantes en el aire a niveles que sean adecuados para proteger la salud del trabajador, puede ser adecuado el uso de un respirador aprobado. Si aplica, la selecci\u00f3n, el uso y el mantenimiento del respirador debe cumplir con los requerimientos regulatorios. Los tipos de respiradores a ser considerados para este tipo de material incluyen: Ning\u00fan requisito especial bajo condiciones normales de uso y con ventilaci\u00f3n adecuada. Para altas concentraciones en el aire, utilice un respirador con suministro de aire aprobado, operado en el modo de presi\u00f3n positiva. Los respiradores con suministro de aire con botella de escape pueden ser apropiados cuando los niveles de ox\u00edgeno son inadecuados, las propiedades de alerta de vapor / gas son \ndeficientes o si puede haberse excedido la capacidad o el \u00edndice del filtro purificador de aire.\n- Protecci\u00f3n para las manos: Cualquier informaci\u00f3n espec\u00edfica proporcionada sobre los guantes est\u00e1 basada en literatura publicada y datos del fabricante. Las condiciones de trabajo pueden afectar considerablemente el estado y la durabilidad del guante. Contacte al fabricante del guante para informaci\u00f3n \nespec\u00edfica en selecci\u00f3n y durabilidad para sus condiciones de uso. Inspeccione y reemplace los guantes gastados o da\u00f1ados. Los tipos de guantes considerados para este material incluyen: Generalmente no se requiere protecci\u00f3n bajo condiciones normales de uso.\n- Protecci\u00f3n para los ojos: Si el contacto es probable, se recomiendan anteojos de seguridad con protecciones laterales.\n- Protecci\u00f3n de la piel y el cuerpo: Cualquier informaci\u00f3n proporcionada sobre prendas espec\u00edficas se basa en la literatura publicada o datos del fabricante. Los tipos de prendas a considerar para este material incluyen: Bajo condiciones normales de uso no se requiere generalmente protecci\u00f3n para la piel . De acuerdo \ncon las buenas pr\u00e1cticas de higiene industrial, se deben tomar precauciones para evitar el contacto con la piel.\n- Medidas de higiene espec\u00edficas: Observe siempre las buenas pr\u00e1cticas de higiene personal, como lavarse despu\u00e9s de manejar el material y antes de comer, beber y/o fumar. Rutinariamente lave la ropa de trabajo y el equipo de protecci\u00f3n para remover los contaminantes. Deseche la ropa y el calzado contaminados que no se puedan limpiar. Mantenga unas buenas pr\u00e1cticas de aseo.", "start_char_idx": null, "end_char_idx": null, "text_template": "{metadata_str}\n\n{content}", "metadata_template": "{key}: {value}", "metadata_seperator": "\n", "class_name": "TextNode"}, "__type__": "1"}, "a8fbfecf-a239-4c70-92c7-82819ec5e7d6": {"__data__": {"id_": "a8fbfecf-a239-4c70-92c7-82819ec5e7d6", "embedding": null, "metadata": {"document_title": "HOJA DE DATOS DE SEGURIDAD", "metadata_product": " MOBILFLUID 424", "metadata_description": "Base lubricante y Aditivos", "metadata_recommended_use": "Fluido hidr\u00e1ulico, Fluido para transmisi\u00f3n manual", "metadata_section": "SECCI\u00d3N 9: PROPIEDADES F\u00cdSICAS Y QU\u00cdMICAS"}, "excluded_embed_metadata_keys": [], "excluded_llm_metadata_keys": [], "relationships": {"1": {"node_id": "729f6477-6403-42d9-ba53-2cebb9b7fa1b", "node_type": "4", "metadata": {"document_title": "HOJA DE DATOS DE SEGURIDAD", "metadata_product": " MOBILFLUID 424", "metadata_description": "Base lubricante y Aditivos", "metadata_recommended_use": "Fluido hidr\u00e1ulico, Fluido para transmisi\u00f3n manual", "metadata_section": "SECCI\u00d3N 9: PROPIEDADES F\u00cdSICAS Y QU\u00cdMICAS"}, "hash": "bd3d232dcd9694f4367d5aa4ccd7342b2d166fbf73cafdeff50fde520247f7b5", "class_name": "RelatedNodeInfo"}, "2": {"node_id": "7396a289-581c-4010-b5c0-3ba867ec51db", "node_type": "1", "metadata": {"document_title": "HOJA DE DATOS DE SEGURIDAD", "metadata_product": " MOBILFLUID 424", "metadata_description": "Base lubricante y Aditivos", "metadata_recommended_use": "Fluido hidr\u00e1ulico, Fluido para transmisi\u00f3n manual", "metadata_section": "SECCI\u00d3N 8: CONTROLES DE EXPOSICI\u00d3N / PROTECCI\u00d3N PERSONAL"}, "hash": "b931b69466340b5d8f951231eb367f6a3d3b02a160124fb7ae5c6933a2f47a33", "class_name": "RelatedNodeInfo"}, "3": {"node_id": "db41c989-5652-4daf-8761-944bcaaf6a43", "node_type": "1", "metadata": {"document_title": "HOJA DE DATOS DE SEGURIDAD", "metadata_product": "MOBILFLUID 424", "metadata_description": "Base lubricante y Aditivos", "metadata_recommended_use": "Fluido hidr\u00e1ulico, Fluido para transmisi\u00f3n manual", "metadata_section": "SECCI\u00d3N 10: ESTABILIDAD Y REACTIVIDAD"}, "hash": "9a9251064762f8d9460682adc484d83f309dfcd2f3972e0b3aef8dc075404ad4", "class_name": "RelatedNodeInfo"}}, "hash": "042a4e016d59bab017e72099e218b3b3c4e12e9ec2568a15361d49314ab8b235", "text": "Las propiedades f\u00edsicas y qu\u00edmicas se proporcionan por razones de seguridad, salud y medio ambiente y pueden no representar plenamente las especificaciones del producto. Consulte al proveedor para informaci\u00f3n adicional.\n-INFORMACI\u00d3N GENERAL:\nEstado f\u00edsico: L\u00edquido.\nColor: Ambar.\nOlor: Caracter\u00edstico.\nUmbral de olor: N/D.\n- INFORMACI\u00d3N IMPORTANTE PARA LA SALUD, SEGURIDAD Y MEDIO AMBIENTE:\nDensidad relativa (a 15.6 \u00b0C): 0.884.\nInflamabilidad (S\u00f3lido, Gas): N/A.\nPunto de inflamaci\u00f3n [M\u00e9todo]: >198\u00b0C (388\u00b0F) [ASTM D-92].\nL\u00edmites de inflamabilidad (% aproximado de volumen en el aire): LIE: 0.9 LSE: 7.0. \nTemperatura de auto inflamaci\u00f3n: N/D. \nPunto de ebullici\u00f3n / Rango: > 316\u00b0C (600\u00b0F).\nTemperatura de descomposici\u00f3n: N/D.\nDensidad del vapor (Aire = 1): > 2 a 101 kPa.\nPresi\u00f3n de vapor: < 0.013 kPa (0.1 mm Hg) a 20\u00b0C.\nVelocidad de evaporaci\u00f3n (Acetato de n-butilo = 1): N/D\npH: N/A.\nLog Pow (Logaritmo del coeficiente de partici\u00f3n de n-octanol/agua).: > 3.5.\nSolubilidad en agua: Insignificante.\u00bf.\nViscosidad: 55 cSt (55 mm2/seg) a 40\u00b0C | 9.5 cSt (9.5 mm2/seg) a 100\u00b0C [ASTM D 445].\nPropiedades Oxidantes: Ver la Secci\u00f3n de Identificaci\u00f3n de Riesgos.\n- OTRAS INFORMACI\u00d3NES:\nPunto de congelamiento: N/D\nPunto de fusi\u00f3n: N/A\nPunto de Fluidez: -36\u00b0C (-33\u00b0F).\nExtracto DMSO (solamente aceite mineral), IP-346: < 3 %wt.", "start_char_idx": null, "end_char_idx": null, "text_template": "{metadata_str}\n\n{content}", "metadata_template": "{key}: {value}", "metadata_seperator": "\n", "class_name": "TextNode"}, "__type__": "1"}, "db41c989-5652-4daf-8761-944bcaaf6a43": {"__data__": {"id_": "db41c989-5652-4daf-8761-944bcaaf6a43", "embedding": null, "metadata": {"document_title": "HOJA DE DATOS DE SEGURIDAD", "metadata_product": "MOBILFLUID 424", "metadata_description": "Base lubricante y Aditivos", "metadata_recommended_use": "Fluido hidr\u00e1ulico, Fluido para transmisi\u00f3n manual", "metadata_section": "SECCI\u00d3N 10: ESTABILIDAD Y REACTIVIDAD"}, "excluded_embed_metadata_keys": [], "excluded_llm_metadata_keys": [], "relationships": {"1": {"node_id": "c3b0eee2-c3e6-4da4-b3fa-cfa5b4ba18c4", "node_type": "4", "metadata": {"document_title": "HOJA DE DATOS DE SEGURIDAD", "metadata_product": "MOBILFLUID 424", "metadata_description": "Base lubricante y Aditivos", "metadata_recommended_use": "Fluido hidr\u00e1ulico, Fluido para transmisi\u00f3n manual", "metadata_section": "SECCI\u00d3N 10: ESTABILIDAD Y REACTIVIDAD"}, "hash": "9a9251064762f8d9460682adc484d83f309dfcd2f3972e0b3aef8dc075404ad4", "class_name": "RelatedNodeInfo"}, "2": {"node_id": "a8fbfecf-a239-4c70-92c7-82819ec5e7d6", "node_type": "1", "metadata": {"document_title": "HOJA DE DATOS DE SEGURIDAD", "metadata_product": " MOBILFLUID 424", "metadata_description": "Base lubricante y Aditivos", "metadata_recommended_use": "Fluido hidr\u00e1ulico, Fluido para transmisi\u00f3n manual", "metadata_section": "SECCI\u00d3N 9: PROPIEDADES F\u00cdSICAS Y QU\u00cdMICAS"}, "hash": "042a4e016d59bab017e72099e218b3b3c4e12e9ec2568a15361d49314ab8b235", "class_name": "RelatedNodeInfo"}, "3": {"node_id": "6f122ddc-536d-4eae-ba98-d75ca57e638a", "node_type": "1", "metadata": {"document_title": "HOJA DE DATOS DE SEGURIDAD", "metadata_product": "MOBILFLUID 424", "metadata_description": "Base lubricante y Aditivos", "metadata_recommended_use": "Fluido hidr\u00e1ulico, Fluido para transmisi\u00f3n manual", "metadata_section": "SECCI\u00d3N 12: INFORMACI\u00d3N ECOL\u00d3GICA"}, "hash": "4f85d9be6af990134415dc59d9697fd60b7e1e1dbfe062a9ab84691825898af6", "class_name": "RelatedNodeInfo"}}, "hash": "9a9251064762f8d9460682adc484d83f309dfcd2f3972e0b3aef8dc075404ad4", "text": "- REACTIVIDAD: Ver abajo sub-secciones.\n- ESTABILIDAD: Bajo condiciones normales, el material es estable.\n- CONDICIONES A EVITAR: Calor excesivo. Fuentes de ignici\u00f3n de alta energ\u00eda.\n- MATERIALES A EVITAR: Oxidantes fuertes.\n- PRODUCTOS DE DESCOMPOSICI\u00d3N PELIGROSOS: El material no se descompone a temperaturas ambiente.\n- POSIBILIDAD DE REACCIONES PELIGROSAS: No se producir\u00e1 polimerizaci\u00f3n peligrosa.", "start_char_idx": null, "end_char_idx": null, "text_template": "{metadata_str}\n\n{content}", "metadata_template": "{key}: {value}", "metadata_seperator": "\n", "class_name": "TextNode"}, "__type__": "1"}, "6f122ddc-536d-4eae-ba98-d75ca57e638a": {"__data__": {"id_": "6f122ddc-536d-4eae-ba98-d75ca57e638a", "embedding": null, "metadata": {"document_title": "HOJA DE DATOS DE SEGURIDAD", "metadata_product": "MOBILFLUID 424", "metadata_description": "Base lubricante y Aditivos", "metadata_recommended_use": "Fluido hidr\u00e1ulico, Fluido para transmisi\u00f3n manual", "metadata_section": "SECCI\u00d3N 12: INFORMACI\u00d3N ECOL\u00d3GICA"}, "excluded_embed_metadata_keys": [], "excluded_llm_metadata_keys": [], "relationships": {"1": {"node_id": "16158ed4-3e7a-4587-85f1-d4152761a3e2", "node_type": "4", "metadata": {"document_title": "HOJA DE DATOS DE SEGURIDAD", "metadata_product": "MOBILFLUID 424", "metadata_description": "Base lubricante y Aditivos", "metadata_recommended_use": "Fluido hidr\u00e1ulico, Fluido para transmisi\u00f3n manual", "metadata_section": "SECCI\u00d3N 12: INFORMACI\u00d3N ECOL\u00d3GICA"}, "hash": "4f85d9be6af990134415dc59d9697fd60b7e1e1dbfe062a9ab84691825898af6", "class_name": "RelatedNodeInfo"}, "2": {"node_id": "db41c989-5652-4daf-8761-944bcaaf6a43", "node_type": "1", "metadata": {"document_title": "HOJA DE DATOS DE SEGURIDAD", "metadata_product": "MOBILFLUID 424", "metadata_description": "Base lubricante y Aditivos", "metadata_recommended_use": "Fluido hidr\u00e1ulico, Fluido para transmisi\u00f3n manual", "metadata_section": "SECCI\u00d3N 10: ESTABILIDAD Y REACTIVIDAD"}, "hash": "9a9251064762f8d9460682adc484d83f309dfcd2f3972e0b3aef8dc075404ad4", "class_name": "RelatedNodeInfo"}}, "hash": "4f85d9be6af990134415dc59d9697fd60b7e1e1dbfe062a9ab84691825898af6", "text": "La informaci\u00f3n suministrada se basa en datos disponibles para el material mismo, los componentes del material y materiales similares mediante la aplicaci\u00f3n del principio de enlaces.\n- ECOTOXICIDAD:  Material -- No se espera que sea nocivo para los organismos acu\u00e1ticos.\n- MOVILIDAD: Componente de base lubricante -- Baja solubilidad, flota y se espera que migre del agua a la tierra. Se espera que se reparta a sedimento y a s\u00f3lidos del agua residual.\n- PERSISTENCIA Y DEGRADABILIDAD Biodegradaci\u00f3n: Componente de base lubricante -- Se espera que sea inherentemente biodegradable.\n-  POTENCIAL DE BIOACUMULACI\u00d3N: Componente de base lubricante -- Tiene el potencial de bioacumularse, sin embargo el metabolismo sobre las propiedades f\u00edsicas pueden reducir la bioconcentraci\u00f3n o limitar la biodisponibilidad.\n- DATOS ECOL\u00d3GICOS: Si este material o alguno similar ha sido objeto del test ecol\u00f3gico, los resultados de dicho test se incluir\u00e1n en una tabla abajo. Si no ha sido objeto del test, la informaci\u00f3n no est\u00e1 disponible.", "start_char_idx": null, "end_char_idx": null, "text_template": "{metadata_str}\n\n{content}", "metadata_template": "{key}: {value}", "metadata_seperator": "\n", "class_name": "TextNode"}, "__type__": "1"}}, "docstore/ref_doc_info": {"4d0a4165-60ad-48c9-b0c6-4a4a799f14eb": {"node_ids": ["bf9cc1dd-cfc6-4b02-94e0-8054eb5ad95d"], "metadata": {"document_title": "HOJA DE DATOS DE SEGURIDAD", "metadata_product": "MOBILFLUID 424", "metadata_description": "Base lubricante y Aditivos", "metadata_recommended_use": "Fluido hidr\u00e1ulico, Fluido para transmisi\u00f3n manual", "metadata_section": "SECCI\u00d3N 1 IDENTIFICACI\u00d3N DEL PRODUCTO QU\u00cdMICO Y DE LA EMPRESA"}}, "aba603ab-10d1-48ba-beea-d620fc18fa33": {"node_ids": ["99d8bbd9-db5b-481f-83f2-3f0abf92938a"], "metadata": {"document_title": "HOJA DE DATOS DE SEGURIDAD", "metadata_product": "MOBILFLUID 424", "metadata_description": "Base lubricante y Aditivos", "metadata_recommended_use": "Fluido hidr\u00e1ulico, Fluido para transmisi\u00f3n manual", "metadata_section": "SECCI\u00d3N 2: IDENTIFICACI\u00d3N DE LOS PELIGROS"}}, "f9f7837c-45c2-48cd-afca-8eccfc79816e": {"node_ids": ["b8b64688-b99c-4471-b7dd-af3368680208"], "metadata": {"document_title": "HOJA DE DATOS DE SEGURIDAD", "metadata_product": "MOBILFLUID 424", "metadata_description": "Base lubricante y Aditivos", "metadata_recommended_use": "Fluido hidr\u00e1ulico, Fluido para transmisi\u00f3n manual", "metadata_section": "SECCI\u00d3N 3: COMPOSICI\u00d3N / INFORMACI\u00d3N DE LOS COMPONENTES"}}, "ea18f82c-a373-455c-b352-109f52d6b4d7": {"node_ids": ["6868b34a-cb06-47f6-baed-5287e18c8077"], "metadata": {"document_title": "HOJA DE DATOS DE SEGURIDAD", "metadata_product": "MOBILFLUID 424", "metadata_description": "Base lubricante y Aditivos", "metadata_recommended_use": "Fluido hidr\u00e1ulico, Fluido para transmisi\u00f3n manual", "metadata_section": "SECCION 4: PRIMEROS AUXILIOS"}}, "89e73040-f616-41f3-a80f-33f859338de2": {"node_ids": ["4b748deb-e649-4480-bcbf-0e301d1617ba"], "metadata": {"document_title": "HOJA DE DATOS DE SEGURIDAD", "metadata_product": "MOBILFLUID 424", "metadata_description": "Base lubricante y Aditivos", "metadata_recommended_use": "Fluido hidr\u00e1ulico, Fluido para transmisi\u00f3n manual", "metadata_section": "SECCI\u00d3N 5: MEDIDAS PARA LUCHA CONTRA INCENDIOS"}}, "df668d0b-88eb-4735-ac12-34cfad6616f9": {"node_ids": ["2ac7f985-effe-4887-b504-1b11b09e0e05"], "metadata": {"document_title": "HOJA DE DATOS DE SEGURIDAD", "metadata_product": "MOBILFLUID 424", "metadata_description": "Base lubricante y Aditivos", "metadata_recommended_use": "Fluido hidr\u00e1ulico, Fluido para transmisi\u00f3n manual", "metadata_section": "SECCI\u00d3N 6: MEDIDAS QUE SE DEBEN TOMAR EN CASO DE DERRAME  ACCIDENTAL"}}, "a841463e-4f18-4f8c-af9c-8dc3d0edcae7": {"node_ids": ["bf59447b-b956-4b4f-8c97-89ae2b10352c"], "metadata": {"document_title": "HOJA DE DATOS DE SEGURIDAD", "metadata_product": "MOBILFLUID 424", "metadata_description": "Base lubricante y Aditivos", "metadata_recommended_use": "Fluido hidr\u00e1ulico, Fluido para transmisi\u00f3n manual", "metadata_section": "SECCI\u00d3N 6: MEDIDAS QUE SE DEBEN TOMAR EN CASO DE DERRAME  ACCIDENTAL"}}, "3ef9b1a9-5c6a-4695-8323-9e3f2697bb06": {"node_ids": ["b87cb7b6-8fad-4781-89e5-9f9681282ed9"], "metadata": {"document_title": "HOJA DE DATOS DE SEGURIDAD", "metadata_product": "MOBILFLUID 424", "metadata_description": "Base lubricante y Aditivos", "metadata_recommended_use": "Fluido hidr\u00e1ulico, Fluido para transmisi\u00f3n manual", "metadata_section": "SECCI\u00d3N 7: MANIPULACI\u00d3N Y ALMACENAMIENTO"}}, "d160cb59-4628-497d-9f28-92c3c538f517": {"node_ids": ["e74db91b-b798-497c-ad5c-a2ebe4af4caf"], "metadata": {"document_title": "HOJA DE DATOS DE SEGURIDAD", "metadata_product": "MOBILFLUID 424", "metadata_description": "Base lubricante y Aditivos", "metadata_recommended_use": "Fluido hidr\u00e1ulico, Fluido para transmisi\u00f3n manual", "metadata_section": "SECCI\u00d3N 8 CONTROLES DE EXPOSICI\u00d3N / PROTECCI\u00d3N PERSONAL"}}, "f882e414-ba5f-47d2-b1ab-5a2843485f68": {"node_ids": ["7396a289-581c-4010-b5c0-3ba867ec51db"], "metadata": {"document_title": "HOJA DE DATOS DE SEGURIDAD", "metadata_product": " MOBILFLUID 424", "metadata_description": "Base lubricante y Aditivos", "metadata_recommended_use": "Fluido hidr\u00e1ulico, Fluido para transmisi\u00f3n manual", "metadata_section": "SECCI\u00d3N 8: CONTROLES DE EXPOSICI\u00d3N / PROTECCI\u00d3N PERSONAL"}}, "729f6477-6403-42d9-ba53-2cebb9b7fa1b": {"node_ids": ["a8fbfecf-a239-4c70-92c7-82819ec5e7d6"], "metadata": {"document_title": "HOJA DE DATOS DE SEGURIDAD", "metadata_product": " MOBILFLUID 424", "metadata_description": "Base lubricante y Aditivos", "metadata_recommended_use": "Fluido hidr\u00e1ulico, Fluido para transmisi\u00f3n manual", "metadata_section": "SECCI\u00d3N 9: PROPIEDADES F\u00cdSICAS Y QU\u00cdMICAS"}}, "c3b0eee2-c3e6-4da4-b3fa-cfa5b4ba18c4": {"node_ids": ["db41c989-5652-4daf-8761-944bcaaf6a43"], "metadata": {"document_title": "HOJA DE DATOS DE SEGURIDAD", "metadata_product": "MOBILFLUID 424", "metadata_description": "Base lubricante y Aditivos", "metadata_recommended_use": "Fluido hidr\u00e1ulico, Fluido para transmisi\u00f3n manual", "metadata_section": "SECCI\u00d3N 10: ESTABILIDAD Y REACTIVIDAD"}}, "16158ed4-3e7a-4587-85f1-d4152761a3e2": {"node_ids": ["6f122ddc-536d-4eae-ba98-d75ca57e638a"], "metadata": {"document_title": "HOJA DE DATOS DE SEGURIDAD", "metadata_product": "MOBILFLUID 424", "metadata_description": "Base lubricante y Aditivos", "metadata_recommended_use": "Fluido hidr\u00e1ulico, Fluido para transmisi\u00f3n manual", "metadata_section": "SECCI\u00d3N 12: INFORMACI\u00d3N ECOL\u00d3GICA"}}}, "docstore/metadata": {"bf9cc1dd-cfc6-4b02-94e0-8054eb5ad95d": {"doc_hash": "af17a99b810ce2b1d14cddb10bd08a8db3791da84f8cb97bdefe6860709e66a3", "ref_doc_id": "4d0a4165-60ad-48c9-b0c6-4a4a799f14eb"}, "99d8bbd9-db5b-481f-83f2-3f0abf92938a": {"doc_hash": "f40f0021ead6cf86315d271f56513c0e6bffcbcae8da92ded923bab1d01a35da", "ref_doc_id": "aba603ab-10d1-48ba-beea-d620fc18fa33"}, "b8b64688-b99c-4471-b7dd-af3368680208": {"doc_hash": "809e93fcec615670fe7a9fb15508340773ec00c3fe338c1af65a5723327387a5", "ref_doc_id": "f9f7837c-45c2-48cd-afca-8eccfc79816e"}, "6868b34a-cb06-47f6-baed-5287e18c8077": {"doc_hash": "201f66c57ddc81613e65f692033607fab1afcc6afb8bf6b3a875a0a0bf24d54a", "ref_doc_id": "ea18f82c-a373-455c-b352-109f52d6b4d7"}, "4b748deb-e649-4480-bcbf-0e301d1617ba": {"doc_hash": "7874ca00d4a81421e983c396871f7cdf49b9c4449c913a23cf277b28aa94dc91", "ref_doc_id": "89e73040-f616-41f3-a80f-33f859338de2"}, "2ac7f985-effe-4887-b504-1b11b09e0e05": {"doc_hash": "d30272e193fb510b04fbc800aa84b86e2cb9f69ba2ec518923e22edffe696168", "ref_doc_id": "df668d0b-88eb-4735-ac12-34cfad6616f9"}, "bf59447b-b956-4b4f-8c97-89ae2b10352c": {"doc_hash": "bba97e0c7a4c90519fc300068427d25330a854924beaffbf6c11a7232ad1b7d4", "ref_doc_id": "a841463e-4f18-4f8c-af9c-8dc3d0edcae7"}, "b87cb7b6-8fad-4781-89e5-9f9681282ed9": {"doc_hash": "739a10f3decb1b07666158259ec851208493ab69170ad73428abebc4a1999384", "ref_doc_id": "3ef9b1a9-5c6a-4695-8323-9e3f2697bb06"}, "e74db91b-b798-497c-ad5c-a2ebe4af4caf": {"doc_hash": "998a0d5aa56a0f2e6375619784b1245fcd729b586fd780a950b581149927012f", "ref_doc_id": "d160cb59-4628-497d-9f28-92c3c538f517"}, "7396a289-581c-4010-b5c0-3ba867ec51db": {"doc_hash": "b931b69466340b5d8f951231eb367f6a3d3b02a160124fb7ae5c6933a2f47a33", "ref_doc_id": "f882e414-ba5f-47d2-b1ab-5a2843485f68"}, "a8fbfecf-a239-4c70-92c7-82819ec5e7d6": {"doc_hash": "042a4e016d59bab017e72099e218b3b3c4e12e9ec2568a15361d49314ab8b235", "ref_doc_id": "729f6477-6403-42d9-ba53-2cebb9b7fa1b"}, "db41c989-5652-4daf-8761-944bcaaf6a43": {"doc_hash": "9a9251064762f8d9460682adc484d83f309dfcd2f3972e0b3aef8dc075404ad4", "ref_doc_id": "c3b0eee2-c3e6-4da4-b3fa-cfa5b4ba18c4"}, "6f122ddc-536d-4eae-ba98-d75ca57e638a": {"doc_hash": "4f85d9be6af990134415dc59d9697fd60b7e1e1dbfe062a9ab84691825898af6", "ref_doc_id": "16158ed4-3e7a-4587-85f1-d4152761a3e2"}}}