{"docstore/data": {"28c69865-bd74-4da0-809f-de5a3b1e1c39": {"__data__": {"id_": "28c69865-bd74-4da0-809f-de5a3b1e1c39", "embedding": null, "metadata": {"document_title": "HOJA DE DATOS DE SEGURIDAD", "metadata_product": "MOBIL DELVAC MODERN 15W-40 FULL PROTECTION MINE", "metadata_description": "Base lubricante y Aditivos", "metadata_recommended_use": "Aceite para motor", "metadata_section": "SECCION 1: IDENTIFICACI\u00d3N DEL PRODUCTO QU\u00cdMICO Y DE LA EMPRESA"}, "excluded_embed_metadata_keys": [], "excluded_llm_metadata_keys": [], "relationships": {"1": {"node_id": "0be7a23f-2ad2-441a-8ed4-5ac879ac1a56", "node_type": "4", "metadata": {"document_title": "HOJA DE DATOS DE SEGURIDAD", "metadata_product": "MOBIL DELVAC MODERN 15W-40 FULL PROTECTION MINE", "metadata_description": "Base lubricante y Aditivos", "metadata_recommended_use": "Aceite para motor", "metadata_section": "SECCION 1: IDENTIFICACI\u00d3N DEL PRODUCTO QU\u00cdMICO Y DE LA EMPRESA"}, "hash": "c4c04b216c6d2289cd021667ac779879771dcc80346c11a3402a8090f7b25150", "class_name": "RelatedNodeInfo"}, "3": {"node_id": "3849e257-d2e5-4fa7-bdbb-12292d9a423b", "node_type": "1", "metadata": {"document_title": "HOJA DE DATOS DE SEGURIDAD", "metadata_product": "MOBIL DELVAC MODERN 15W-40 FULL PROTECTION MINE", "metadata_description": "Base lubricante y Aditivos", "metadata_recommended_use": "Aceite para motor", "metadata_section": "SECCION 2: IDENTIFICACI\u00d3N DE LOS PELIGROS"}, "hash": "f40f0021ead6cf86315d271f56513c0e6bffcbcae8da92ded923bab1d01a35da", "class_name": "RelatedNodeInfo"}}, "hash": "c4c04b216c6d2289cd021667ac779879771dcc80346c11a3402a8090f7b25150", "text": "IDENTIFICACI\u00d3N DEL PRODUCTO QU\u00cdMICO Y DE LA EMPRESA: De acuerdo a la fecha de revisi\u00f3n arriba indicada, esta (M)SDS cumple con las regulaciones en Chile. PRODUCTO: - Nombre del producto: MOBIL DELVAC MODERN 15W-40 FULL PROTECTION MINE. - Descripci\u00f3n del producto: Base lubricante y Aditivos. - C\u00f3digo del producto: 201520405527. - Usos Recomendados: Aceite para motor. IDENTIFICACION DE LA COMPA\u00d1IA: Nombre del Proveedor: Compa\u00f1\u00eda de Petr\u00f3leos de Chile - COPEC S.A. -Isidora Goyenechea 2915 Santiago Chile. - N\u00famero de Tel\u00e9fono de Informaci\u00f3n Toxicol\u00f3gica 24 Horas: (56) 2-27771994. - N\u00famero de Tel\u00e9fono del Proveedor: (56) 2-26907000. - N\u00famero de tel\u00e9fono de emergencia 24 horas: (56) 2-26753713", "start_char_idx": null, "end_char_idx": null, "text_template": "{metadata_str}\n\n{content}", "metadata_template": "{key}: {value}", "metadata_seperator": "\n", "class_name": "TextNode"}, "__type__": "1"}, "3849e257-d2e5-4fa7-bdbb-12292d9a423b": {"__data__": {"id_": "3849e257-d2e5-4fa7-bdbb-12292d9a423b", "embedding": null, "metadata": {"document_title": "HOJA DE DATOS DE SEGURIDAD", "metadata_product": "MOBIL DELVAC MODERN 15W-40 FULL PROTECTION MINE", "metadata_description": "Base lubricante y Aditivos", "metadata_recommended_use": "Aceite para motor", "metadata_section": "SECCION 2: IDENTIFICACI\u00d3N DE LOS PELIGROS"}, "excluded_embed_metadata_keys": [], "excluded_llm_metadata_keys": [], "relationships": {"1": {"node_id": "7af7dd1f-85a8-4e5d-a132-ac764c3b1087", "node_type": "4", "metadata": {"document_title": "HOJA DE DATOS DE SEGURIDAD", "metadata_product": "MOBIL DELVAC MODERN 15W-40 FULL PROTECTION MINE", "metadata_description": "Base lubricante y Aditivos", "metadata_recommended_use": "Aceite para motor", "metadata_section": "SECCION 2: IDENTIFICACI\u00d3N DE LOS PELIGROS"}, "hash": "c82b73a6b4b8682fc9a6de4659ce88e26115271313933a909bc0b2b31f8f4398", "class_name": "RelatedNodeInfo"}, "2": {"node_id": "28c69865-bd74-4da0-809f-de5a3b1e1c39", "node_type": "1", "metadata": {"document_title": "HOJA DE DATOS DE SEGURIDAD", "metadata_product": "MOBIL DELVAC MODERN 15W-40 FULL PROTECTION MINE", "metadata_description": "Base lubricante y Aditivos", "metadata_recommended_use": "Aceite para motor", "metadata_section": "SECCION 1: IDENTIFICACI\u00d3N DEL PRODUCTO QU\u00cdMICO Y DE LA EMPRESA"}, "hash": "c4c04b216c6d2289cd021667ac779879771dcc80346c11a3402a8090f7b25150", "class_name": "RelatedNodeInfo"}, "3": {"node_id": "4fe5bff1-d895-48ca-89bb-c44d076078b1", "node_type": "1", "metadata": {"document_title": "HOJA DE DATOS DE SEGURIDAD", "metadata_product": "MOBIL DELVAC MODERN 15W-40 FULL PROTECTION MINE", "metadata_description": "Base lubricante y Aditivos", "metadata_recommended_use": "Aceite para motor", "metadata_section": "SECION 3: COMPOSICI\u00d3N / INFORMACI\u00d3N DE LOS COMPONENTES"}, "hash": "0802fc93f0b8bff12c07d312be867bfbf384412ece58bd20ae6a24e743377cc0", "class_name": "RelatedNodeInfo"}}, "hash": "f40f0021ead6cf86315d271f56513c0e6bffcbcae8da92ded923bab1d01a35da", "text": "El siguiente enlace correponde a la imagen del rombo de seguridad del producto https://i.imgur.com/s9UQg5h.png \nEl rombo tiene cuatro secciones, cada una de las cuales representa un tipo de peligro:\nSalud: El n\u00famero 0 en la secci\u00f3n de salud significa que la grasa no es peligrosa para la salud, incluso en caso de exposici\u00f3n prolongada o repetida.\nInflamabilidad: El n\u00famero 1 en la secci\u00f3n de inflamabilidad significa que la grasa es un material inflamable. La grasa puede incendiarse en contacto con una fuente de calor o una llama abierta.\nReactividad: El n\u00famero 0 en la secci\u00f3n de reactividad significa que la grasa no es un material reactivo. La grasa no es susceptible de reaccionar con otras sustancias para formar productos peligrosos.", "start_char_idx": null, "end_char_idx": null, "text_template": "{metadata_str}\n\n{content}", "metadata_template": "{key}: {value}", "metadata_seperator": "\n", "class_name": "TextNode"}, "__type__": "1"}, "4fe5bff1-d895-48ca-89bb-c44d076078b1": {"__data__": {"id_": "4fe5bff1-d895-48ca-89bb-c44d076078b1", "embedding": null, "metadata": {"document_title": "HOJA DE DATOS DE SEGURIDAD", "metadata_product": "MOBIL DELVAC MODERN 15W-40 FULL PROTECTION MINE", "metadata_description": "Base lubricante y Aditivos", "metadata_recommended_use": "Aceite para motor", "metadata_section": "SECION 3: COMPOSICI\u00d3N / INFORMACI\u00d3N DE LOS COMPONENTES"}, "excluded_embed_metadata_keys": [], "excluded_llm_metadata_keys": [], "relationships": {"1": {"node_id": "48d1dd17-ee2f-4841-8e1d-235470f0036f", "node_type": "4", "metadata": {"document_title": "HOJA DE DATOS DE SEGURIDAD", "metadata_product": "MOBIL DELVAC MODERN 15W-40 FULL PROTECTION MINE", "metadata_description": "Base lubricante y Aditivos", "metadata_recommended_use": "Aceite para motor", "metadata_section": "SECION 3: COMPOSICI\u00d3N / INFORMACI\u00d3N DE LOS COMPONENTES"}, "hash": "0802fc93f0b8bff12c07d312be867bfbf384412ece58bd20ae6a24e743377cc0", "class_name": "RelatedNodeInfo"}, "2": {"node_id": "3849e257-d2e5-4fa7-bdbb-12292d9a423b", "node_type": "1", "metadata": {"document_title": "HOJA DE DATOS DE SEGURIDAD", "metadata_product": "MOBIL DELVAC MODERN 15W-40 FULL PROTECTION MINE", "metadata_description": "Base lubricante y Aditivos", "metadata_recommended_use": "Aceite para motor", "metadata_section": "SECCION 2: IDENTIFICACI\u00d3N DE LOS PELIGROS"}, "hash": "f40f0021ead6cf86315d271f56513c0e6bffcbcae8da92ded923bab1d01a35da", "class_name": "RelatedNodeInfo"}, "3": {"node_id": "37820918-3325-49ff-89f2-9e1a49e00f55", "node_type": "1", "metadata": {"document_title": "HOJA DE DATOS DE SEGURIDAD", "metadata_product": "Nombre del producto: MOBIL DELVAC MODERN 15W-40 FULL PROTECTION MINE", "metadata_description": "Descripci\u00f3n del producto: Base lubricante y Aditivos", "metadata_recommended_use": "Usos Recomendados: Aceite para motor", "metadata_section": "SECCI\u00d3N 4: PRIMEROS AUXILIOS"}, "hash": "a5a1491ae412322574f6e8115ef9be42da3bf5fe356823c86e6eeb20756b3cac", "class_name": "RelatedNodeInfo"}}, "hash": "0802fc93f0b8bff12c07d312be867bfbf384412ece58bd20ae6a24e743377cc0", "text": "En la Secci\u00f3n 3, referente a la composici\u00f3n e informaci\u00f3n de los componentes, se especifica que este material se define como una mezcla que contiene diversos elementos peligrosos con sus respectivos nombres, n\u00fameros CAS, concentraciones y c\u00f3digos SGA de peligro. Los componentes peligrosos incluyen Alcarcil Amina (36878-20-3) en una concentraci\u00f3n del 1 al < 5% con el c\u00f3digo H413, \u00c9steres de Alquilo de Cadena C7-9 del \u00c1cido Benzenpropanoico (125643-61-0) en una concentraci\u00f3n del 1 al < 5% con el c\u00f3digo H413, \u00c1cido Benzenesulf\u00f3nico de Calcio C14-24-Ramificado y Lineal (115733-09-0) en una concentraci\u00f3n del 0.1 al < 1% con los c\u00f3digos H317 y H413, \u00c1cido Fosfat\u00eddico, \u00c9steres Mixtos (85940-28-9) en una concentraci\u00f3n del 1 al < 2.5% con los c\u00f3digos SGA de peligro H316, H318, H401, H411, Destilado Paraf\u00ednico Pesado Fuertemente Hidro tratado (64742-54-7) en una concentraci\u00f3n del 5 al < 10% con el c\u00f3digo SGA de peligro H304, y Destilado Paraf\u00ednico Pesado Desparafinado por Solvente (64742-65-0) en una concentraci\u00f3n del 1 al < 5% tambi\u00e9n con el c\u00f3digo SGA de peligro H304. Es importante tener en cuenta que todas las concentraciones se expresan en porcentaje en peso, excepto para los ingredientes gaseosos, cuyas concentraciones se muestran en porcentaje por volumen.", "start_char_idx": null, "end_char_idx": null, "text_template": "{metadata_str}\n\n{content}", "metadata_template": "{key}: {value}", "metadata_seperator": "\n", "class_name": "TextNode"}, "__type__": "1"}, "37820918-3325-49ff-89f2-9e1a49e00f55": {"__data__": {"id_": "37820918-3325-49ff-89f2-9e1a49e00f55", "embedding": null, "metadata": {"document_title": "HOJA DE DATOS DE SEGURIDAD", "metadata_product": "Nombre del producto: MOBIL DELVAC MODERN 15W-40 FULL PROTECTION MINE", "metadata_description": "Descripci\u00f3n del producto: Base lubricante y Aditivos", "metadata_recommended_use": "Usos Recomendados: Aceite para motor", "metadata_section": "SECCI\u00d3N 4: PRIMEROS AUXILIOS"}, "excluded_embed_metadata_keys": [], "excluded_llm_metadata_keys": [], "relationships": {"1": {"node_id": "2d2dcc27-566f-4b56-9217-7610c3e3fb34", "node_type": "4", "metadata": {"document_title": "HOJA DE DATOS DE SEGURIDAD", "metadata_product": "Nombre del producto: MOBIL DELVAC MODERN 15W-40 FULL PROTECTION MINE", "metadata_description": "Descripci\u00f3n del producto: Base lubricante y Aditivos", "metadata_recommended_use": "Usos Recomendados: Aceite para motor", "metadata_section": "SECCI\u00d3N 4: PRIMEROS AUXILIOS"}, "hash": "a5a1491ae412322574f6e8115ef9be42da3bf5fe356823c86e6eeb20756b3cac", "class_name": "RelatedNodeInfo"}, "2": {"node_id": "4fe5bff1-d895-48ca-89bb-c44d076078b1", "node_type": "1", "metadata": {"document_title": "HOJA DE DATOS DE SEGURIDAD", "metadata_product": "MOBIL DELVAC MODERN 15W-40 FULL PROTECTION MINE", "metadata_description": "Base lubricante y Aditivos", "metadata_recommended_use": "Aceite para motor", "metadata_section": "SECION 3: COMPOSICI\u00d3N / INFORMACI\u00d3N DE LOS COMPONENTES"}, "hash": "0802fc93f0b8bff12c07d312be867bfbf384412ece58bd20ae6a24e743377cc0", "class_name": "RelatedNodeInfo"}, "3": {"node_id": "de2b0be0-a53b-4eb2-8b95-b46c4efd2379", "node_type": "1", "metadata": {"document_title": "HOJA DE DATOS DE SEGURIDAD", "metadata_product": "MOBIL DELVAC MODERN 15W-40 FULL PROTECTION MINE", "metadata_description": "Base lubricante y Aditivos", "metadata_recommended_use": "Aceite para motor", "metadata_section": "SECCI\u00d3N 5: MEDIDAS PARA LUCHA CONTRA INCENDIOS"}, "hash": "b672e1b7f990eed6f2cf240543f10ad7240478fd052f065b53150e8cc201a802", "class_name": "RelatedNodeInfo"}}, "hash": "a5a1491ae412322574f6e8115ef9be42da3bf5fe356823c86e6eeb20756b3cac", "text": "- INHALACI\u00d3N: Ret\u00edrese de alguna exposici\u00f3n posterior. Para quienes proporcionan asistencia, eviten la exposici\u00f3n de ustedes mismos o de otros. Use protecci\u00f3n respiratoria adecuada. Si se presenta irritaci\u00f3n respiratoria, mareo, n\u00e1usea o inconsciencia, busque asistencia m\u00e9dica inmediata. Si se ha detenido la respiraci\u00f3n, asista la  ventilaci\u00f3n con un elemento mec\u00e1nico o use resucitaci\u00f3n boca a boca. - CONTACTO CON LA PIEL: Lave las \u00e1reas de contacto con agua y jab\u00f3n. Si el producto se inyecta dentro o debajo de la piel, o en cualquier parte del cuerpo, independientemente de la apariencia del \u00e1rea lastimada o su tama\u00f1o, el individuo debe ser evaluado inmediatamente por un m\u00e9dico como una emergencia quir\u00fargica. A\u00fan cuando los s\u00edntomas iniciales de la inyecci\u00f3n a alta presi\u00f3n sean m\u00ednimos o ausentes, el tratamiento quir\u00fargico dentro de las primeras horas puede reducir en \u00faltimas el grado de lesi\u00f3n en forma significativa. - CONTACTO CON EL OJO: Enjuague completamente con agua. Si se presenta irritaci\u00f3n, obtenga asistencia m\u00e9dica. - INGESTI\u00d3N: Normalmente no se requieren primeros auxilios. Si ocurre alg\u00fan malestar busque atenci\u00f3n m\u00e9dica. - LOS S\u00cdNTOMAS Y EFECTOS AGUDOS Y RETARDADOS MAS IMPORTANTES: Necrosis local evidenciada por la aparici\u00f3n retardada de dolor y da\u00f1os en los tejidos unas pocas horas despu\u00e9s de la inyecci\u00f3n. Para medidas de protecci\u00f3n personal al personal que brinda los primeros auxilios, por favor vea la Secci\u00f3n 8 Para una descripci\u00f3n de los efectos agudos y retardados previstos, por favor vea la Secci\u00f3n 2.", "start_char_idx": null, "end_char_idx": null, "text_template": "{metadata_str}\n\n{content}", "metadata_template": "{key}: {value}", "metadata_seperator": "\n", "class_name": "TextNode"}, "__type__": "1"}, "de2b0be0-a53b-4eb2-8b95-b46c4efd2379": {"__data__": {"id_": "de2b0be0-a53b-4eb2-8b95-b46c4efd2379", "embedding": null, "metadata": {"document_title": "HOJA DE DATOS DE SEGURIDAD", "metadata_product": "MOBIL DELVAC MODERN 15W-40 FULL PROTECTION MINE", "metadata_description": "Base lubricante y Aditivos", "metadata_recommended_use": "Aceite para motor", "metadata_section": "SECCI\u00d3N 5: MEDIDAS PARA LUCHA CONTRA INCENDIOS"}, "excluded_embed_metadata_keys": [], "excluded_llm_metadata_keys": [], "relationships": {"1": {"node_id": "6749b66b-fe7a-4463-98eb-a5651e14ab84", "node_type": "4", "metadata": {"document_title": "HOJA DE DATOS DE SEGURIDAD", "metadata_product": "MOBIL DELVAC MODERN 15W-40 FULL PROTECTION MINE", "metadata_description": "Base lubricante y Aditivos", "metadata_recommended_use": "Aceite para motor", "metadata_section": "SECCI\u00d3N 5: MEDIDAS PARA LUCHA CONTRA INCENDIOS"}, "hash": "b672e1b7f990eed6f2cf240543f10ad7240478fd052f065b53150e8cc201a802", "class_name": "RelatedNodeInfo"}, "2": {"node_id": "37820918-3325-49ff-89f2-9e1a49e00f55", "node_type": "1", "metadata": {"document_title": "HOJA DE DATOS DE SEGURIDAD", "metadata_product": "Nombre del producto: MOBIL DELVAC MODERN 15W-40 FULL PROTECTION MINE", "metadata_description": "Descripci\u00f3n del producto: Base lubricante y Aditivos", "metadata_recommended_use": "Usos Recomendados: Aceite para motor", "metadata_section": "SECCI\u00d3N 4: PRIMEROS AUXILIOS"}, "hash": "a5a1491ae412322574f6e8115ef9be42da3bf5fe356823c86e6eeb20756b3cac", "class_name": "RelatedNodeInfo"}, "3": {"node_id": "537ace8a-a359-4bd7-85a8-88e4d4e4f64a", "node_type": "1", "metadata": {"document_title": "HOJA DE DATOS DE SEGURIDAD", "metadata_product": "MOBIL DELVAC MODERN 15W-40 FULL PROTECTION MINE", "metadata_description": "Base lubricante y Aditivos", "metadata_recommended_use": "Aceite para motor", "metadata_section": "SECCI\u00d3N 6: MEDIDAS QUE SE DEBEN TOMAR EN CASO DE DERRAME  ACCIDENTAL"}, "hash": "ae24327af70ec721e35f264946e655916c89cba534bfbc25ae31f6f8dcd0ea30", "class_name": "RelatedNodeInfo"}}, "hash": "b672e1b7f990eed6f2cf240543f10ad7240478fd052f065b53150e8cc201a802", "text": "- MEDIO DE EXTINCION: Medio de extinci\u00f3n adecuado: Use niebla de agua, espuma, qu\u00edmico seco o di\u00f3xido de carb\u00f3n (CO2) para extinguir las llamas. Medio de extinci\u00f3n inadecuado: Corrientes directas de agua. - CONTRA INCENDIOS: Instrucciones contra incendios: Evacue el \u00e1rea. Prevenga que el producto fluya fuera del \u00e1rea controlada por incendio o la diluci\u00f3n hacia fuentes de entrada, alcantarillados o suministro de agua potable. Los  bomberos deben utilizar equipo de protecci\u00f3n est\u00e1ndar y en espacios cerrados, equipo de respiraci\u00f3n aut\u00f3nomo (SCBA). Utilice agua en roc\u00edo para enfriar las superficies expuestas al fuego y para proteger al personal. - Productos de combusti\u00f3n peligrosos: Aldeh\u00eddos, Productos de combusti\u00f3n incompleta, \u00d3xidos de carb\u00f3n, Humo, \u00d3xidos de azufre La exposici\u00f3n a los productos de combusti\u00f3n puede generar efectos t\u00f3xicos adversos y/o irritaci\u00f3n. - PROPIEDADES INFLAMABLES: Punto de inflamaci\u00f3n [M\u00e9todo]: >215\u00b0C (419\u00b0F) [ASTM D-92]. L\u00edmites de inflamabilidad (% aproximado de volumen en el aire): LIE: 0.9 LSE: 7.0. Temperatura de auto inflamaci\u00f3n: N/D.", "start_char_idx": null, "end_char_idx": null, "text_template": "{metadata_str}\n\n{content}", "metadata_template": "{key}: {value}", "metadata_seperator": "\n", "class_name": "TextNode"}, "__type__": "1"}, "537ace8a-a359-4bd7-85a8-88e4d4e4f64a": {"__data__": {"id_": "537ace8a-a359-4bd7-85a8-88e4d4e4f64a", "embedding": null, "metadata": {"document_title": "HOJA DE DATOS DE SEGURIDAD", "metadata_product": "MOBIL DELVAC MODERN 15W-40 FULL PROTECTION MINE", "metadata_description": "Base lubricante y Aditivos", "metadata_recommended_use": "Aceite para motor", "metadata_section": "SECCI\u00d3N 6: MEDIDAS QUE SE DEBEN TOMAR EN CASO DE DERRAME  ACCIDENTAL"}, "excluded_embed_metadata_keys": [], "excluded_llm_metadata_keys": [], "relationships": {"1": {"node_id": "f4142060-4a67-4e83-be84-f28f929aa2f9", "node_type": "4", "metadata": {"document_title": "HOJA DE DATOS DE SEGURIDAD", "metadata_product": "MOBIL DELVAC MODERN 15W-40 FULL PROTECTION MINE", "metadata_description": "Base lubricante y Aditivos", "metadata_recommended_use": "Aceite para motor", "metadata_section": "SECCI\u00d3N 6: MEDIDAS QUE SE DEBEN TOMAR EN CASO DE DERRAME  ACCIDENTAL"}, "hash": "ae24327af70ec721e35f264946e655916c89cba534bfbc25ae31f6f8dcd0ea30", "class_name": "RelatedNodeInfo"}, "2": {"node_id": "de2b0be0-a53b-4eb2-8b95-b46c4efd2379", "node_type": "1", "metadata": {"document_title": "HOJA DE DATOS DE SEGURIDAD", "metadata_product": "MOBIL DELVAC MODERN 15W-40 FULL PROTECTION MINE", "metadata_description": "Base lubricante y Aditivos", "metadata_recommended_use": "Aceite para motor", "metadata_section": "SECCI\u00d3N 5: MEDIDAS PARA LUCHA CONTRA INCENDIOS"}, "hash": "b672e1b7f990eed6f2cf240543f10ad7240478fd052f065b53150e8cc201a802", "class_name": "RelatedNodeInfo"}, "3": {"node_id": "f7621a1f-1860-44fd-91b4-e186e312d635", "node_type": "1", "metadata": {"document_title": "HOJA DE DATOS DE SEGURIDAD", "metadata_product": "MOBIL DELVAC MODERN 15W-40 FULL PROTECTION MINE", "metadata_description": "Base lubricante y Aditivos", "metadata_recommended_use": "Aceite para motor", "metadata_section": "SECCI\u00d3N 7: MANIPULACI\u00d3N Y ALMACENAMIENTO"}, "hash": "e77f811dec6554103e0fa129af59fdcf972874936a92436a72a7bf6873e41641", "class_name": "RelatedNodeInfo"}}, "hash": "ae24327af70ec721e35f264946e655916c89cba534bfbc25ae31f6f8dcd0ea30", "text": "- PROCEDIMIENTOS DE NOTIFICACI\u00d3N: En el caso de un derrame o emisi\u00f3n accidental, notifique a las autoridades pertinentes de acuerdo con todos los reglamentos aplicables. - MEDIDAS DE PROTECCI\u00d3N: Evite el contacto con el material derramado. Consulte la Secci\u00f3n 5 sobre informaci\u00f3n contra incendios. Consulte la Secci\u00f3n sobre Identificaci\u00f3n de Peligros para peligros significativos. Consulte la Secci\u00f3n 4 para recomendaciones sobre primeros auxilios. Consulte la Secci\u00f3n 8 sobre los m\u00ednimos requisitos para el equipo de Protecci\u00f3n Personal. Medidas de protecci\u00f3n adicional pueden ser necesarias dependiendo de las circunstancias espec\u00edficas y/o del an\u00e1lisis experto del personal que atiende la emergencia. Para quien atienden la emergencia: Protecci\u00f3n respiratoria: Protecci\u00f3n respiratoria ser\u00e1 necesaria s\u00f3lo en casos especiales, por ejemplo, la formaci\u00f3n de nieblas. Respirador de media cara o de cara completa con filtro(s) de part\u00edculas/vapores org\u00e1nicos o un aparato de respiraci\u00f3n aut\u00f3nomo (SCBA) se puede utilizar dependiendo del tama\u00f1o del derrame y el nivel potencial de exposici\u00f3n. Si la exposici\u00f3n no puede ser  caracterizada o si se anticipa o es posible una atm\u00f3sfera deficiente en ox\u00edgeno, se recomienda usar SCBA. Se recomienda guantes de trabajo que sean resistentes a los hidrocarburos. Guantes de acetato de polivinilo (PVA) no son resistentes al agua y no son adecuados para uso en emergencias. Se recomiendan la gafas de protecci\u00f3n para qu\u00edmicos si es posible una salpicadura o cualquier contacto con los ojos. Derrames peque\u00f1os: Normalmente es suficiente usar ropa normal de trabajo antiest\u00e1tica. Derrames grandes: traje completo resistente a productos qu\u00edmicos, se recomienda que sea antiest\u00e1tico. - MANEJO DE DERRAME: Derrame en tierra: Si puede hacerlo sin riesgo detenga la fuga. Recup\u00e9relo por bombeo o con un absorbente adecuado. Derrame en agua: Si puede hacerlo sin riesgo detenga la fuga. Confine el derrame inmediatamente usando barreras flotantes. Advierta a otras embarcaciones Remu\u00e9valo de la superficie por desnatado o usando absorbentes adecuados. Busque la asistencia de un especialista antes de usar dispersantes. Las recomendaciones para derrames en agua y en tierra se basan en el escenario m\u00e1s factible para este material; sin embargo, las condiciones geogr\u00e1ficas, el viento, la temperatura, (y en caso de derrames en agua) la direcci\u00f3n y velocidad de olas, pueden influenciar en forma importante la acci\u00f3n apropiada que deba tomarse. Por esta raz\u00f3n, se deben consultar los expertos locales. Nota: Las regulaciones locales pueden prescribir o limitar la acci\u00f3n a tomarse. - PRECAUCIONES MEDIO AMBIENTALES: Derrames grandes: Contenga mediante un dique localizado adelante y a gran distancia del derrame para su recuperaci\u00f3n y posterior eliminaci\u00f3n. Derrames grandes: Evite la entrada en corrientes de agua, alcantarillados, s\u00f3tanos o \u00e1reas confinadas. Para disposici\u00f3n final por favor ver la secci\u00f3n 13.", "start_char_idx": null, "end_char_idx": null, "text_template": "{metadata_str}\n\n{content}", "metadata_template": "{key}: {value}", "metadata_seperator": "\n", "class_name": "TextNode"}, "__type__": "1"}, "f7621a1f-1860-44fd-91b4-e186e312d635": {"__data__": {"id_": "f7621a1f-1860-44fd-91b4-e186e312d635", "embedding": null, "metadata": {"document_title": "HOJA DE DATOS DE SEGURIDAD", "metadata_product": "MOBIL DELVAC MODERN 15W-40 FULL PROTECTION MINE", "metadata_description": "Base lubricante y Aditivos", "metadata_recommended_use": "Aceite para motor", "metadata_section": "SECCI\u00d3N 7: MANIPULACI\u00d3N Y ALMACENAMIENTO"}, "excluded_embed_metadata_keys": [], "excluded_llm_metadata_keys": [], "relationships": {"1": {"node_id": "f875cf45-de56-4b15-83e0-6ead53497d52", "node_type": "4", "metadata": {"document_title": "HOJA DE DATOS DE SEGURIDAD", "metadata_product": "MOBIL DELVAC MODERN 15W-40 FULL PROTECTION MINE", "metadata_description": "Base lubricante y Aditivos", "metadata_recommended_use": "Aceite para motor", "metadata_section": "SECCI\u00d3N 7: MANIPULACI\u00d3N Y ALMACENAMIENTO"}, "hash": "9f2c9f130ea98fcc149f1461cf638d01770e94bfdc2b27eed220030ba35a06b1", "class_name": "RelatedNodeInfo"}, "2": {"node_id": "537ace8a-a359-4bd7-85a8-88e4d4e4f64a", "node_type": "1", "metadata": {"document_title": "HOJA DE DATOS DE SEGURIDAD", "metadata_product": "MOBIL DELVAC MODERN 15W-40 FULL PROTECTION MINE", "metadata_description": "Base lubricante y Aditivos", "metadata_recommended_use": "Aceite para motor", "metadata_section": "SECCI\u00d3N 6: MEDIDAS QUE SE DEBEN TOMAR EN CASO DE DERRAME  ACCIDENTAL"}, "hash": "ae24327af70ec721e35f264946e655916c89cba534bfbc25ae31f6f8dcd0ea30", "class_name": "RelatedNodeInfo"}, "3": {"node_id": "bf4cc468-4313-4add-adac-dc3c27bf3e45", "node_type": "1", "metadata": {"document_title": "HOJA DE DATOS DE SEGURIDAD", "metadata_product": "MOBIL DELVAC MODERN 15W-40 FULL PROTECTION MINE", "metadata_description": "Base lubricante y Aditivos", "metadata_recommended_use": "Aceite para motor", "metadata_section": "SECCI\u00d3N 8: CONTROLES DE EXPOSICI\u00d3N / PROTECCI\u00d3N PERSONAL"}, "hash": "979ac869e3bc5861f6c2748aa84ab5c70d24a21d719575be59695aa63b69a59a", "class_name": "RelatedNodeInfo"}}, "hash": "e77f811dec6554103e0fa129af59fdcf972874936a92436a72a7bf6873e41641", "text": "- MANIPULACI\u00d3N, MEDIDAS OPERACIONALES Y T\u00c9CNICAS APLICABLES: Evite el contacto con producto ya usado. Evite peque\u00f1os derrames y fugas para evitar riesgos de \nresbalamiento. El material puede acumular cargas est\u00e1ticas que pueden causar una chispa el\u00e9ctrica (fuente de ignici\u00f3n). Cuando el material se maneja a granel, una chispa el\u00e9ctrica puede encender los vapores de l\u00edquidos inflamables o residuos que puedan estar presentes (por ejemplo, durante las operaciones de cambio de carga). Use procedimientos adecuados para amarre y conexi\u00f3n a tierra. Sin embargo, los amarres y las conexiones a tierra pueden no eliminar el peligro de la acumulaci\u00f3n de est\u00e1tica. Consulte las normas locales aplicables para orientaci\u00f3n. Referencias adicionales incluyen El Instituto Americano del Petr\u00f3leo 2003 (Protecci\u00f3n contra igniciones provenientes de Est\u00e1tica, Rayos y Corrientes Par\u00e1sitas) o National Fire Protection Agency 77(pr\u00e1ctica recomendada en la electricidad est\u00e1tica) o CENELEC CLC / TR 50404 (Electrost\u00e1tica - C\u00f3digo de \nconducta para evitar los riesgos debidos a la electricidad est\u00e1tica). Acumulador est\u00e1tico: Este material es un acumulador est\u00e1tico. Otras medidas de precauci\u00f3n apropiadas: No es aplicable. - ALMACENAMIENTO: El tipo de contenedor usado para almacenar el material puede afectar la acumulaci\u00f3n y disipaci\u00f3n de est\u00e1tica. No almacene en recipientes abiertos o sin identificar. Para medidas operacionales y controles de ingenier\u00eda por favor ver la Secci\u00f3n 8. Para Materiales incompatibles por favor vea la Secci\u00f3n 10", "start_char_idx": null, "end_char_idx": null, "text_template": "{metadata_str}\n\n{content}", "metadata_template": "{key}: {value}", "metadata_seperator": "\n", "class_name": "TextNode"}, "__type__": "1"}, "bf4cc468-4313-4add-adac-dc3c27bf3e45": {"__data__": {"id_": "bf4cc468-4313-4add-adac-dc3c27bf3e45", "embedding": null, "metadata": {"document_title": "HOJA DE DATOS DE SEGURIDAD", "metadata_product": "MOBIL DELVAC MODERN 15W-40 FULL PROTECTION MINE", "metadata_description": "Base lubricante y Aditivos", "metadata_recommended_use": "Aceite para motor", "metadata_section": "SECCI\u00d3N 8: CONTROLES DE EXPOSICI\u00d3N / PROTECCI\u00d3N PERSONAL"}, "excluded_embed_metadata_keys": [], "excluded_llm_metadata_keys": [], "relationships": {"1": {"node_id": "0a304099-3c02-4b23-96ba-6923ae0993e2", "node_type": "4", "metadata": {"document_title": "HOJA DE DATOS DE SEGURIDAD", "metadata_product": "MOBIL DELVAC MODERN 15W-40 FULL PROTECTION MINE", "metadata_description": "Base lubricante y Aditivos", "metadata_recommended_use": "Aceite para motor", "metadata_section": "SECCI\u00d3N 8: CONTROLES DE EXPOSICI\u00d3N / PROTECCI\u00d3N PERSONAL"}, "hash": "979ac869e3bc5861f6c2748aa84ab5c70d24a21d719575be59695aa63b69a59a", "class_name": "RelatedNodeInfo"}, "2": {"node_id": "f7621a1f-1860-44fd-91b4-e186e312d635", "node_type": "1", "metadata": {"document_title": "HOJA DE DATOS DE SEGURIDAD", "metadata_product": "MOBIL DELVAC MODERN 15W-40 FULL PROTECTION MINE", "metadata_description": "Base lubricante y Aditivos", "metadata_recommended_use": "Aceite para motor", "metadata_section": "SECCI\u00d3N 7: MANIPULACI\u00d3N Y ALMACENAMIENTO"}, "hash": "e77f811dec6554103e0fa129af59fdcf972874936a92436a72a7bf6873e41641", "class_name": "RelatedNodeInfo"}, "3": {"node_id": "eab7e586-69dc-4e28-9c6b-2a8f393b132f", "node_type": "1", "metadata": {"document_title": "HOJA DE DATOS DE SEGURIDAD", "metadata_product": "MOBIL DELVAC MODERN 15W-40 FULL PROTECTION MINE", "metadata_description": "Base lubricante y Aditivos", "metadata_recommended_use": "Aceite para motor", "metadata_section": "SECCI\u00d3N 8: CONTROLES DE EXPOSICI\u00d3N / PROTECCI\u00d3N PERSONAL"}, "hash": "4abfc32f188e38f47675cdf97223766f4aae52a4a164d8775dff31147b7141ff", "class_name": "RelatedNodeInfo"}}, "hash": "979ac869e3bc5861f6c2748aa84ab5c70d24a21d719575be59695aa63b69a59a", "text": "VALORES DE EXPOSICI\u00d3N L\u00cdMITE:\nL\u00edmites de exposici\u00f3n/est\u00e1ndares (Nota: Los l\u00edmites de exposici\u00f3n no son aditivos): (Formato tabla)\nNombre,CAS#,Concentraci\u00f3n,C\u00f3digos SGA de Peligro\nBencenamina, N-fenil-, productos de reacci\u00f3n con 2,4,4-trimetilpentino,68411-46-1,1-<5%,H316, H402\nButeno, homopol\u00edmero,9003-29-6,1-<5%,H304\nAzufre de molibdeno (IV),1317-33-5,5-<10%,Ninguno\n\u00c1cidos naft\u00e9nicos, sales de zinc,12001-85-3,0.11%,H317, H319(2A), H401, H411\nDialquil ditiofosfato de zinc,68457-79-4,1-2.5%,H315, H318, H401, H411.", "start_char_idx": null, "end_char_idx": null, "text_template": "{metadata_str}\n\n{content}", "metadata_template": "{key}: {value}", "metadata_seperator": "\n", "class_name": "TextNode"}, "__type__": "1"}, "eab7e586-69dc-4e28-9c6b-2a8f393b132f": {"__data__": {"id_": "eab7e586-69dc-4e28-9c6b-2a8f393b132f", "embedding": null, "metadata": {"document_title": "HOJA DE DATOS DE SEGURIDAD", "metadata_product": "MOBIL DELVAC MODERN 15W-40 FULL PROTECTION MINE", "metadata_description": "Base lubricante y Aditivos", "metadata_recommended_use": "Aceite para motor", "metadata_section": "SECCI\u00d3N 8: CONTROLES DE EXPOSICI\u00d3N / PROTECCI\u00d3N PERSONAL"}, "excluded_embed_metadata_keys": [], "excluded_llm_metadata_keys": [], "relationships": {"1": {"node_id": "0342c875-4d5f-4ed3-868e-1cb5f91ab973", "node_type": "4", "metadata": {"document_title": "HOJA DE DATOS DE SEGURIDAD", "metadata_product": "MOBIL DELVAC MODERN 15W-40 FULL PROTECTION MINE", "metadata_description": "Base lubricante y Aditivos", "metadata_recommended_use": "Aceite para motor", "metadata_section": "SECCI\u00d3N 8: CONTROLES DE EXPOSICI\u00d3N / PROTECCI\u00d3N PERSONAL"}, "hash": "4abfc32f188e38f47675cdf97223766f4aae52a4a164d8775dff31147b7141ff", "class_name": "RelatedNodeInfo"}, "2": {"node_id": "bf4cc468-4313-4add-adac-dc3c27bf3e45", "node_type": "1", "metadata": {"document_title": "HOJA DE DATOS DE SEGURIDAD", "metadata_product": "MOBIL DELVAC MODERN 15W-40 FULL PROTECTION MINE", "metadata_description": "Base lubricante y Aditivos", "metadata_recommended_use": "Aceite para motor", "metadata_section": "SECCI\u00d3N 8: CONTROLES DE EXPOSICI\u00d3N / PROTECCI\u00d3N PERSONAL"}, "hash": "979ac869e3bc5861f6c2748aa84ab5c70d24a21d719575be59695aa63b69a59a", "class_name": "RelatedNodeInfo"}, "3": {"node_id": "3ab9efc5-e1c8-4967-967a-7aabb98f8dc8", "node_type": "1", "metadata": {"document_title": "HOJA DE DATOS DE SEGURIDAD", "metadata_product": "MOBIL DELVAC MODERN 15W-40 FULL PROTECTION MINE", "metadata_description": "Base lubricante y Aditivos", "metadata_recommended_use": "Aceite para motor", "metadata_section": "SECCI\u00d3N 8: CONTROLES DE EXPOSICI\u00d3N / PROTECCI\u00d3N PERSONAL"}, "hash": "a95ed00672dc0f39477312817415dd72ccc559c3b6b8f8e9a678ca94f99da33d", "class_name": "RelatedNodeInfo"}}, "hash": "4abfc32f188e38f47675cdf97223766f4aae52a4a164d8775dff31147b7141ff", "text": "L\u00edmites y est\u00e1ndares de exposici\u00f3n para los materiales que pueden formarse durante el manejo de este producto: Cuando se pueda presentar niebla/aerosoles se recomienda lo siguiente: 5 mg/m\u00b3 - ACGIH TLV(fracci\u00f3n inhalable), 5 mg/m\u00b3 - OSHA PEL. NOTA: Los l\u00edmites y est\u00e1ndares se muestran \u00fanicamente como gu\u00eda. Siga las regulaciones aplicables. - CONTROLES DE INGENIERIA Y MEDIDAS OPERACIONALES APLICABLES. El nivel de protecci\u00f3n y los tipos de controles necesarios variar\u00e1n dependiendo del potencial de las condiciones de exposici\u00f3n. Medidas de control a considerar: Ning\u00fan requisito especial bajo condiciones normales de uso y con ventilaci\u00f3n adecuada. CONTROLES MEDIO AMBIENTALES: Cumplir con las reglamentaciones medioambientales limitando la eliminaci\u00f3n al aire, agua y suelo. Proteger el medio ambiente aplicando medidas de control apropiadas para prevenir o limitar las emisiones.", "start_char_idx": null, "end_char_idx": null, "text_template": "{metadata_str}\n\n{content}", "metadata_template": "{key}: {value}", "metadata_seperator": "\n", "class_name": "TextNode"}, "__type__": "1"}, "3ab9efc5-e1c8-4967-967a-7aabb98f8dc8": {"__data__": {"id_": "3ab9efc5-e1c8-4967-967a-7aabb98f8dc8", "embedding": null, "metadata": {"document_title": "HOJA DE DATOS DE SEGURIDAD", "metadata_product": "MOBIL DELVAC MODERN 15W-40 FULL PROTECTION MINE", "metadata_description": "Base lubricante y Aditivos", "metadata_recommended_use": "Aceite para motor", "metadata_section": "SECCI\u00d3N 8: CONTROLES DE EXPOSICI\u00d3N / PROTECCI\u00d3N PERSONAL"}, "excluded_embed_metadata_keys": [], "excluded_llm_metadata_keys": [], "relationships": {"1": {"node_id": "76357beb-e895-47b3-aabf-4eb9b2d5bf4b", "node_type": "4", "metadata": {"document_title": "HOJA DE DATOS DE SEGURIDAD", "metadata_product": "MOBIL DELVAC MODERN 15W-40 FULL PROTECTION MINE", "metadata_description": "Base lubricante y Aditivos", "metadata_recommended_use": "Aceite para motor", "metadata_section": "SECCI\u00d3N 8: CONTROLES DE EXPOSICI\u00d3N / PROTECCI\u00d3N PERSONAL"}, "hash": "a95ed00672dc0f39477312817415dd72ccc559c3b6b8f8e9a678ca94f99da33d", "class_name": "RelatedNodeInfo"}, "2": {"node_id": "eab7e586-69dc-4e28-9c6b-2a8f393b132f", "node_type": "1", "metadata": {"document_title": "HOJA DE DATOS DE SEGURIDAD", "metadata_product": "MOBIL DELVAC MODERN 15W-40 FULL PROTECTION MINE", "metadata_description": "Base lubricante y Aditivos", "metadata_recommended_use": "Aceite para motor", "metadata_section": "SECCI\u00d3N 8: CONTROLES DE EXPOSICI\u00d3N / PROTECCI\u00d3N PERSONAL"}, "hash": "4abfc32f188e38f47675cdf97223766f4aae52a4a164d8775dff31147b7141ff", "class_name": "RelatedNodeInfo"}, "3": {"node_id": "ca678ee4-ae14-4b5c-b345-eea731e727fe", "node_type": "1", "metadata": {"document_title": "HOJA DE DATOS DE SEGURIDAD", "metadata_product": "MOBIL DELVAC MODERN 15W-40 FULL PROTECTION MINE", "metadata_description": " Base lubricante y Aditivos", "metadata_recommended_use": "Aceite para motor", "metadata_section": "SECCI\u00d3N 8: CONTROLES DE EXPOSICI\u00d3N / PROTECCI\u00d3N PERSONAL"}, "hash": "528cfea56f69000aed2952f28c5d6ae97caf74d4d26e8b7424ac211165417219", "class_name": "RelatedNodeInfo"}}, "hash": "a95ed00672dc0f39477312817415dd72ccc559c3b6b8f8e9a678ca94f99da33d", "text": "- PROTECCI\u00d3N PERSONAL: Las selecciones del equipo de protecci\u00f3n personal var\u00edan dependiendo de las condiciones potenciales de exposici\u00f3n tales como aplicaciones, pr\u00e1cticas de manejo, concentraci\u00f3n y ventilaci\u00f3n. La informaci\u00f3n sobre la selecci\u00f3n del equipo de protecci\u00f3n a usarse con este material, como se indica mas abajo, se basa en el uso normal previsto. Protecci\u00f3n respiratoria: Si los controles de ingenier\u00eda no mantienen las concentraciones de contaminantes en el aire a niveles que sean adecuados para proteger la salud del trabajador, puede ser adecuado el uso de un respirador aprobado. Si aplica, la selecci\u00f3n, el uso y el mantenimiento del respirador debe cumplir con los requerimientos regulatorios. Los tipos de respiradores a ser considerados para este tipo de material incluyen: Ning\u00fan requisito especial bajo condiciones normales de uso y con ventilaci\u00f3n adecuada. Para altas concentraciones en el aire, utilice un respirador con suministro de aire aprobado, operado en el modo de presi\u00f3n positiva. Los respiradores con suministro de aire con botella de escape pueden ser apropiados cuando los niveles de ox\u00edgeno son inadecuados, las propiedades de alerta de vapor / gas son deficientes o si puede haberse excedido la capacidad o el \u00edndice del filtro purificador de aire. Protecci\u00f3n para las manos: Cualquier informaci\u00f3n espec\u00edfica proporcionada sobre los guantes est\u00e1 basada en literatura publicada y datos del fabricante. Las condiciones de trabajo pueden afectar considerablemente el estado y la durabilidad del guante. Contacte al fabricante del guante para informaci\u00f3n espec\u00edfica en selecci\u00f3n y durabilidad para sus condiciones de uso. Inspeccione y reemplace los guantes gastados o da\u00f1ados. Los tipos de guantes considerados para este material incluyen: Generalmente no se requiere protecci\u00f3n bajo condiciones normales de uso.", "start_char_idx": null, "end_char_idx": null, "text_template": "{metadata_str}\n\n{content}", "metadata_template": "{key}: {value}", "metadata_seperator": "\n", "class_name": "TextNode"}, "__type__": "1"}, "ca678ee4-ae14-4b5c-b345-eea731e727fe": {"__data__": {"id_": "ca678ee4-ae14-4b5c-b345-eea731e727fe", "embedding": null, "metadata": {"document_title": "HOJA DE DATOS DE SEGURIDAD", "metadata_product": "MOBIL DELVAC MODERN 15W-40 FULL PROTECTION MINE", "metadata_description": " Base lubricante y Aditivos", "metadata_recommended_use": "Aceite para motor", "metadata_section": "SECCI\u00d3N 8: CONTROLES DE EXPOSICI\u00d3N / PROTECCI\u00d3N PERSONAL"}, "excluded_embed_metadata_keys": [], "excluded_llm_metadata_keys": [], "relationships": {"1": {"node_id": "716baaec-a314-4fe3-9804-0fb5e577a250", "node_type": "4", "metadata": {"document_title": "HOJA DE DATOS DE SEGURIDAD", "metadata_product": "MOBIL DELVAC MODERN 15W-40 FULL PROTECTION MINE", "metadata_description": " Base lubricante y Aditivos", "metadata_recommended_use": "Aceite para motor", "metadata_section": "SECCI\u00d3N 8: CONTROLES DE EXPOSICI\u00d3N / PROTECCI\u00d3N PERSONAL"}, "hash": "e29081d918925e0097b75b9c3b5a1da74402850435b36b3c8e8199b93ef99f40", "class_name": "RelatedNodeInfo"}, "2": {"node_id": "3ab9efc5-e1c8-4967-967a-7aabb98f8dc8", "node_type": "1", "metadata": {"document_title": "HOJA DE DATOS DE SEGURIDAD", "metadata_product": "MOBIL DELVAC MODERN 15W-40 FULL PROTECTION MINE", "metadata_description": "Base lubricante y Aditivos", "metadata_recommended_use": "Aceite para motor", "metadata_section": "SECCI\u00d3N 8: CONTROLES DE EXPOSICI\u00d3N / PROTECCI\u00d3N PERSONAL"}, "hash": "a95ed00672dc0f39477312817415dd72ccc559c3b6b8f8e9a678ca94f99da33d", "class_name": "RelatedNodeInfo"}, "3": {"node_id": "626e5466-01cb-4b9a-a722-fcc3bb948547", "node_type": "1", "metadata": {"document_title": "HOJA DE DATOS DE SEGURIDAD", "metadata_product": "Nombre del producto: MOBIL DELVAC MODERN 15W-40 FULL PROTECTION MINE", "metadata_description": "Base lubricante y Aditivos", "metadata_recommended_use": "Aceite para motor", "metadata_section": "SECCI\u00d3N 10 ESTABILIDAD Y REACTIVIDAD"}, "hash": "ac06d0444c7dc04ef09888bad1076b51534d59e4d3a03bff3799d3b0c8122a46", "class_name": "RelatedNodeInfo"}}, "hash": "528cfea56f69000aed2952f28c5d6ae97caf74d4d26e8b7424ac211165417219", "text": "Protecci\u00f3n para los ojos: Si el contacto es probable, se recomiendan anteojos de seguridad con protecciones laterales. Protecci\u00f3n de la piel y el cuerpo: Cualquier informaci\u00f3n proporcionada sobre prendas espec\u00edficas se \nbasa en la literatura publicada o datos del fabricante. Los tipos de prendas a considerar para este material incluyen: Bajo condiciones normales de uso no se requiere generalmente protecci\u00f3n para la piel . De acuerdo con las buenas pr\u00e1cticas de higiene industrial, se deben tomar precauciones para evitar el contacto con la piel. Medidas de higiene espec\u00edficas: Observe siempre las buenas pr\u00e1cticas de higiene personal, como lavarse despu\u00e9s de manejar el material y antes de comer, beber y/o fumar. Rutinariamente lave la ropa de trabajo y el equipo de protecci\u00f3n para remover los contaminantes. Deseche la ropa y el calzado contaminados que no se puedan limpiar. Mantenga unas buenas pr\u00e1cticas de aseo.", "start_char_idx": null, "end_char_idx": null, "text_template": "{metadata_str}\n\n{content}", "metadata_template": "{key}: {value}", "metadata_seperator": "\n", "class_name": "TextNode"}, "__type__": "1"}, "626e5466-01cb-4b9a-a722-fcc3bb948547": {"__data__": {"id_": "626e5466-01cb-4b9a-a722-fcc3bb948547", "embedding": null, "metadata": {"document_title": "HOJA DE DATOS DE SEGURIDAD", "metadata_product": "Nombre del producto: MOBIL DELVAC MODERN 15W-40 FULL PROTECTION MINE", "metadata_description": "Base lubricante y Aditivos", "metadata_recommended_use": "Aceite para motor", "metadata_section": "SECCI\u00d3N 10 ESTABILIDAD Y REACTIVIDAD"}, "excluded_embed_metadata_keys": [], "excluded_llm_metadata_keys": [], "relationships": {"1": {"node_id": "25ff3441-aa4a-48c8-9f0a-6633087f6f77", "node_type": "4", "metadata": {"document_title": "HOJA DE DATOS DE SEGURIDAD", "metadata_product": "Nombre del producto: MOBIL DELVAC MODERN 15W-40 FULL PROTECTION MINE", "metadata_description": "Base lubricante y Aditivos", "metadata_recommended_use": "Aceite para motor", "metadata_section": "SECCI\u00d3N 10 ESTABILIDAD Y REACTIVIDAD"}, "hash": "1be73a628d86468d449d2734ad7830f10ab401eb783aac6c74b673abe6c86a93", "class_name": "RelatedNodeInfo"}, "2": {"node_id": "ca678ee4-ae14-4b5c-b345-eea731e727fe", "node_type": "1", "metadata": {"document_title": "HOJA DE DATOS DE SEGURIDAD", "metadata_product": "MOBIL DELVAC MODERN 15W-40 FULL PROTECTION MINE", "metadata_description": " Base lubricante y Aditivos", "metadata_recommended_use": "Aceite para motor", "metadata_section": "SECCI\u00d3N 8: CONTROLES DE EXPOSICI\u00d3N / PROTECCI\u00d3N PERSONAL"}, "hash": "528cfea56f69000aed2952f28c5d6ae97caf74d4d26e8b7424ac211165417219", "class_name": "RelatedNodeInfo"}, "3": {"node_id": "9f908d0e-3971-4a80-8f88-f5b1516c18a5", "node_type": "1", "metadata": {"document_title": "HOJA DE DATOS DE SEGURIDAD", "metadata_product": "MOBIL DELVAC MODERN 15W-40 FULL PROTECTION MINE", "metadata_description": "Base lubricante y Aditivos", "metadata_recommended_use": "Aceite para motor", "metadata_section": "SECCI\u00d3N 12: INFORMACI\u00d3N ECOL\u00d3GICA"}, "hash": "7d310e2509453fe38566440213d2400c4c0daf8a672391a866b028b32d608092", "class_name": "RelatedNodeInfo"}}, "hash": "ac06d0444c7dc04ef09888bad1076b51534d59e4d3a03bff3799d3b0c8122a46", "text": "- REACTIVIDAD: Ver abajo sub-secciones. - ESTABILIDAD: Bajo condiciones normales, el material es estable. - CONDICIONES A EVITAR: Calor excesivo. Fuentes de ignici\u00f3n de alta energ\u00eda. - MATERIALES A EVITAR: Oxidantes fuertes - PRODUCTOS DE DESCOMPOSICI\u00d3N PELIGROSOS: El material no se descompone a temperaturas ambiente. - POSIBILIDAD DE REACCIONES PELIGROSAS: No se producir\u00e1 polimerizaci\u00f3n peligrosa.", "start_char_idx": null, "end_char_idx": null, "text_template": "{metadata_str}\n\n{content}", "metadata_template": "{key}: {value}", "metadata_seperator": "\n", "class_name": "TextNode"}, "__type__": "1"}, "9f908d0e-3971-4a80-8f88-f5b1516c18a5": {"__data__": {"id_": "9f908d0e-3971-4a80-8f88-f5b1516c18a5", "embedding": null, "metadata": {"document_title": "HOJA DE DATOS DE SEGURIDAD", "metadata_product": "MOBIL DELVAC MODERN 15W-40 FULL PROTECTION MINE", "metadata_description": "Base lubricante y Aditivos", "metadata_recommended_use": "Aceite para motor", "metadata_section": "SECCI\u00d3N 12: INFORMACI\u00d3N ECOL\u00d3GICA"}, "excluded_embed_metadata_keys": [], "excluded_llm_metadata_keys": [], "relationships": {"1": {"node_id": "1043514b-8cac-4859-9509-1ab878be8914", "node_type": "4", "metadata": {"document_title": "HOJA DE DATOS DE SEGURIDAD", "metadata_product": "MOBIL DELVAC MODERN 15W-40 FULL PROTECTION MINE", "metadata_description": "Base lubricante y Aditivos", "metadata_recommended_use": "Aceite para motor", "metadata_section": "SECCI\u00d3N 12: INFORMACI\u00d3N ECOL\u00d3GICA"}, "hash": "7d310e2509453fe38566440213d2400c4c0daf8a672391a866b028b32d608092", "class_name": "RelatedNodeInfo"}, "2": {"node_id": "626e5466-01cb-4b9a-a722-fcc3bb948547", "node_type": "1", "metadata": {"document_title": "HOJA DE DATOS DE SEGURIDAD", "metadata_product": "Nombre del producto: MOBIL DELVAC MODERN 15W-40 FULL PROTECTION MINE", "metadata_description": "Base lubricante y Aditivos", "metadata_recommended_use": "Aceite para motor", "metadata_section": "SECCI\u00d3N 10 ESTABILIDAD Y REACTIVIDAD"}, "hash": "ac06d0444c7dc04ef09888bad1076b51534d59e4d3a03bff3799d3b0c8122a46", "class_name": "RelatedNodeInfo"}}, "hash": "7d310e2509453fe38566440213d2400c4c0daf8a672391a866b028b32d608092", "text": "La informaci\u00f3n suministrada se basa en datos disponibles para el material mismo, los componentes del material y  materiales similares mediante la aplicaci\u00f3n del principio de enlaces. - ECOTOXICIDAD:  Material -- No se espera que sea nocivo para los organismos acu\u00e1ticos. - MOVILIDAD: Componente de base lubricante -- Baja solubilidad, flota y se espera que migre del agua a la tierra. Se espera que se reparta a sedimento y a s\u00f3lidos del agua residual. - PERSISTENCIA Y DEGRADABILIDAD Biodegradaci\u00f3n: Componente de base lubricante -- Se espera que sea inherentemente biodegradable. - POTENCIAL DE BIOACUMULACI\u00d3N: Componente de base lubricante -- Tiene el potencial de bioacumularse, sin embargo el metabolismo sobre las propiedades f\u00edsicas pueden reducir la bioconcentraci\u00f3n o limitar la biodisponibilidad. - DATOS ECOL\u00d3GICOS: Si este material o alguno similar ha sido objeto del test ecol\u00f3gico, los resultados de dicho test se incluir\u00e1n en una tabla abajo. Si no ha sido objeto del test, la informaci\u00f3n no est\u00e1 disponible.", "start_char_idx": null, "end_char_idx": null, "text_template": "{metadata_str}\n\n{content}", "metadata_template": "{key}: {value}", "metadata_seperator": "\n", "class_name": "TextNode"}, "__type__": "1"}}, "docstore/ref_doc_info": {"0be7a23f-2ad2-441a-8ed4-5ac879ac1a56": {"node_ids": ["28c69865-bd74-4da0-809f-de5a3b1e1c39"], "metadata": {"document_title": "HOJA DE DATOS DE SEGURIDAD", "metadata_product": "MOBIL DELVAC MODERN 15W-40 FULL PROTECTION MINE", "metadata_description": "Base lubricante y Aditivos", "metadata_recommended_use": "Aceite para motor", "metadata_section": "SECCION 1: IDENTIFICACI\u00d3N DEL PRODUCTO QU\u00cdMICO Y DE LA EMPRESA"}}, "7af7dd1f-85a8-4e5d-a132-ac764c3b1087": {"node_ids": ["3849e257-d2e5-4fa7-bdbb-12292d9a423b"], "metadata": {"document_title": "HOJA DE DATOS DE SEGURIDAD", "metadata_product": "MOBIL DELVAC MODERN 15W-40 FULL PROTECTION MINE", "metadata_description": "Base lubricante y Aditivos", "metadata_recommended_use": "Aceite para motor", "metadata_section": "SECCION 2: IDENTIFICACI\u00d3N DE LOS PELIGROS"}}, "48d1dd17-ee2f-4841-8e1d-235470f0036f": {"node_ids": ["4fe5bff1-d895-48ca-89bb-c44d076078b1"], "metadata": {"document_title": "HOJA DE DATOS DE SEGURIDAD", "metadata_product": "MOBIL DELVAC MODERN 15W-40 FULL PROTECTION MINE", "metadata_description": "Base lubricante y Aditivos", "metadata_recommended_use": "Aceite para motor", "metadata_section": "SECION 3: COMPOSICI\u00d3N / INFORMACI\u00d3N DE LOS COMPONENTES"}}, "2d2dcc27-566f-4b56-9217-7610c3e3fb34": {"node_ids": ["37820918-3325-49ff-89f2-9e1a49e00f55"], "metadata": {"document_title": "HOJA DE DATOS DE SEGURIDAD", "metadata_product": "Nombre del producto: MOBIL DELVAC MODERN 15W-40 FULL PROTECTION MINE", "metadata_description": "Descripci\u00f3n del producto: Base lubricante y Aditivos", "metadata_recommended_use": "Usos Recomendados: Aceite para motor", "metadata_section": "SECCI\u00d3N 4: PRIMEROS AUXILIOS"}}, "6749b66b-fe7a-4463-98eb-a5651e14ab84": {"node_ids": ["de2b0be0-a53b-4eb2-8b95-b46c4efd2379"], "metadata": {"document_title": "HOJA DE DATOS DE SEGURIDAD", "metadata_product": "MOBIL DELVAC MODERN 15W-40 FULL PROTECTION MINE", "metadata_description": "Base lubricante y Aditivos", "metadata_recommended_use": "Aceite para motor", "metadata_section": "SECCI\u00d3N 5: MEDIDAS PARA LUCHA CONTRA INCENDIOS"}}, "f4142060-4a67-4e83-be84-f28f929aa2f9": {"node_ids": ["537ace8a-a359-4bd7-85a8-88e4d4e4f64a"], "metadata": {"document_title": "HOJA DE DATOS DE SEGURIDAD", "metadata_product": "MOBIL DELVAC MODERN 15W-40 FULL PROTECTION MINE", "metadata_description": "Base lubricante y Aditivos", "metadata_recommended_use": "Aceite para motor", "metadata_section": "SECCI\u00d3N 6: MEDIDAS QUE SE DEBEN TOMAR EN CASO DE DERRAME  ACCIDENTAL"}}, "f875cf45-de56-4b15-83e0-6ead53497d52": {"node_ids": ["f7621a1f-1860-44fd-91b4-e186e312d635"], "metadata": {"document_title": "HOJA DE DATOS DE SEGURIDAD", "metadata_product": "MOBIL DELVAC MODERN 15W-40 FULL PROTECTION MINE", "metadata_description": "Base lubricante y Aditivos", "metadata_recommended_use": "Aceite para motor", "metadata_section": "SECCI\u00d3N 7: MANIPULACI\u00d3N Y ALMACENAMIENTO"}}, "0a304099-3c02-4b23-96ba-6923ae0993e2": {"node_ids": ["bf4cc468-4313-4add-adac-dc3c27bf3e45"], "metadata": {"document_title": "HOJA DE DATOS DE SEGURIDAD", "metadata_product": "MOBIL DELVAC MODERN 15W-40 FULL PROTECTION MINE", "metadata_description": "Base lubricante y Aditivos", "metadata_recommended_use": "Aceite para motor", "metadata_section": "SECCI\u00d3N 8: CONTROLES DE EXPOSICI\u00d3N / PROTECCI\u00d3N PERSONAL"}}, "0342c875-4d5f-4ed3-868e-1cb5f91ab973": {"node_ids": ["eab7e586-69dc-4e28-9c6b-2a8f393b132f"], "metadata": {"document_title": "HOJA DE DATOS DE SEGURIDAD", "metadata_product": "MOBIL DELVAC MODERN 15W-40 FULL PROTECTION MINE", "metadata_description": "Base lubricante y Aditivos", "metadata_recommended_use": "Aceite para motor", "metadata_section": "SECCI\u00d3N 8: CONTROLES DE EXPOSICI\u00d3N / PROTECCI\u00d3N PERSONAL"}}, "76357beb-e895-47b3-aabf-4eb9b2d5bf4b": {"node_ids": ["3ab9efc5-e1c8-4967-967a-7aabb98f8dc8"], "metadata": {"document_title": "HOJA DE DATOS DE SEGURIDAD", "metadata_product": "MOBIL DELVAC MODERN 15W-40 FULL PROTECTION MINE", "metadata_description": "Base lubricante y Aditivos", "metadata_recommended_use": "Aceite para motor", "metadata_section": "SECCI\u00d3N 8: CONTROLES DE EXPOSICI\u00d3N / PROTECCI\u00d3N PERSONAL"}}, "716baaec-a314-4fe3-9804-0fb5e577a250": {"node_ids": ["ca678ee4-ae14-4b5c-b345-eea731e727fe"], "metadata": {"document_title": "HOJA DE DATOS DE SEGURIDAD", "metadata_product": "MOBIL DELVAC MODERN 15W-40 FULL PROTECTION MINE", "metadata_description": " Base lubricante y Aditivos", "metadata_recommended_use": "Aceite para motor", "metadata_section": "SECCI\u00d3N 8: CONTROLES DE EXPOSICI\u00d3N / PROTECCI\u00d3N PERSONAL"}}, "25ff3441-aa4a-48c8-9f0a-6633087f6f77": {"node_ids": ["626e5466-01cb-4b9a-a722-fcc3bb948547"], "metadata": {"document_title": "HOJA DE DATOS DE SEGURIDAD", "metadata_product": "Nombre del producto: MOBIL DELVAC MODERN 15W-40 FULL PROTECTION MINE", "metadata_description": "Base lubricante y Aditivos", "metadata_recommended_use": "Aceite para motor", "metadata_section": "SECCI\u00d3N 10 ESTABILIDAD Y REACTIVIDAD"}}, "1043514b-8cac-4859-9509-1ab878be8914": {"node_ids": ["9f908d0e-3971-4a80-8f88-f5b1516c18a5"], "metadata": {"document_title": "HOJA DE DATOS DE SEGURIDAD", "metadata_product": "MOBIL DELVAC MODERN 15W-40 FULL PROTECTION MINE", "metadata_description": "Base lubricante y Aditivos", "metadata_recommended_use": "Aceite para motor", "metadata_section": "SECCI\u00d3N 12: INFORMACI\u00d3N ECOL\u00d3GICA"}}}, "docstore/metadata": {"28c69865-bd74-4da0-809f-de5a3b1e1c39": {"doc_hash": "c4c04b216c6d2289cd021667ac779879771dcc80346c11a3402a8090f7b25150", "ref_doc_id": "0be7a23f-2ad2-441a-8ed4-5ac879ac1a56"}, "3849e257-d2e5-4fa7-bdbb-12292d9a423b": {"doc_hash": "f40f0021ead6cf86315d271f56513c0e6bffcbcae8da92ded923bab1d01a35da", "ref_doc_id": "7af7dd1f-85a8-4e5d-a132-ac764c3b1087"}, "4fe5bff1-d895-48ca-89bb-c44d076078b1": {"doc_hash": "0802fc93f0b8bff12c07d312be867bfbf384412ece58bd20ae6a24e743377cc0", "ref_doc_id": "48d1dd17-ee2f-4841-8e1d-235470f0036f"}, "37820918-3325-49ff-89f2-9e1a49e00f55": {"doc_hash": "a5a1491ae412322574f6e8115ef9be42da3bf5fe356823c86e6eeb20756b3cac", "ref_doc_id": "2d2dcc27-566f-4b56-9217-7610c3e3fb34"}, "de2b0be0-a53b-4eb2-8b95-b46c4efd2379": {"doc_hash": "b672e1b7f990eed6f2cf240543f10ad7240478fd052f065b53150e8cc201a802", "ref_doc_id": "6749b66b-fe7a-4463-98eb-a5651e14ab84"}, "537ace8a-a359-4bd7-85a8-88e4d4e4f64a": {"doc_hash": "ae24327af70ec721e35f264946e655916c89cba534bfbc25ae31f6f8dcd0ea30", "ref_doc_id": "f4142060-4a67-4e83-be84-f28f929aa2f9"}, "f7621a1f-1860-44fd-91b4-e186e312d635": {"doc_hash": "e77f811dec6554103e0fa129af59fdcf972874936a92436a72a7bf6873e41641", "ref_doc_id": "f875cf45-de56-4b15-83e0-6ead53497d52"}, "bf4cc468-4313-4add-adac-dc3c27bf3e45": {"doc_hash": "979ac869e3bc5861f6c2748aa84ab5c70d24a21d719575be59695aa63b69a59a", "ref_doc_id": "0a304099-3c02-4b23-96ba-6923ae0993e2"}, "eab7e586-69dc-4e28-9c6b-2a8f393b132f": {"doc_hash": "4abfc32f188e38f47675cdf97223766f4aae52a4a164d8775dff31147b7141ff", "ref_doc_id": "0342c875-4d5f-4ed3-868e-1cb5f91ab973"}, "3ab9efc5-e1c8-4967-967a-7aabb98f8dc8": {"doc_hash": "a95ed00672dc0f39477312817415dd72ccc559c3b6b8f8e9a678ca94f99da33d", "ref_doc_id": "76357beb-e895-47b3-aabf-4eb9b2d5bf4b"}, "ca678ee4-ae14-4b5c-b345-eea731e727fe": {"doc_hash": "528cfea56f69000aed2952f28c5d6ae97caf74d4d26e8b7424ac211165417219", "ref_doc_id": "716baaec-a314-4fe3-9804-0fb5e577a250"}, "626e5466-01cb-4b9a-a722-fcc3bb948547": {"doc_hash": "ac06d0444c7dc04ef09888bad1076b51534d59e4d3a03bff3799d3b0c8122a46", "ref_doc_id": "25ff3441-aa4a-48c8-9f0a-6633087f6f77"}, "9f908d0e-3971-4a80-8f88-f5b1516c18a5": {"doc_hash": "7d310e2509453fe38566440213d2400c4c0daf8a672391a866b028b32d608092", "ref_doc_id": "1043514b-8cac-4859-9509-1ab878be8914"}}}