{"docstore/data": {"05739bd3-f333-49fd-bab2-af42e9cafaf3": {"__data__": {"id_": "05739bd3-f333-49fd-bab2-af42e9cafaf3", "embedding": null, "metadata": {"document_title": "HOJA DE DATOS DE SEGURIDAD", "metadata_product": "EASY CLEAN TOALLAS DESINFECTANTES MULTIUSO AROMA LIM\u00d3N 1%", "metadata_description": "", "metadata_recommended_use": "Limpieza y desinfecci\u00f3n de superficies como ba\u00f1os, paredes, cocinas, pisos \u00e1reas comunes.", "metadata_section": "Seccion 1: Identificaci\u00f3n del producto qu\u00edmico y de la empresa"}, "excluded_embed_metadata_keys": [], "excluded_llm_metadata_keys": [], "relationships": {"1": {"node_id": "7c5e1f70-7bb3-4d96-b248-9c91ebb07697", "node_type": "4", "metadata": {"document_title": "HOJA DE DATOS DE SEGURIDAD", "metadata_product": "EASY CLEAN TOALLAS DESINFECTANTES MULTIUSO AROMA LIM\u00d3N 1%", "metadata_description": "", "metadata_recommended_use": "Limpieza y desinfecci\u00f3n de superficies como ba\u00f1os, paredes, cocinas, pisos \u00e1reas comunes.", "metadata_section": "Seccion 1: Identificaci\u00f3n del producto qu\u00edmico y de la empresa"}, "hash": "e26c48d003efd9a636b691c7647aeb48e95b0517d11f2bed73a7fd08ee6e9951", "class_name": "RelatedNodeInfo"}, "3": {"node_id": "56fd84ec-04f9-4e53-82d9-7affd49917d2", "node_type": "1", "metadata": {"document_title": "HOJA DE DATOS DE SEGURIDAD", "metadata_product": "EASY CLEAN TOALLAS DESINFECTANTES MULTIUSO AROMA LIM\u00d3N 1%", "metadata_description": "", "metadata_recommended_use": "Limpieza y desinfecci\u00f3n de superficies como ba\u00f1os, paredes, cocinas, pisos \u00e1reas comunes.", "metadata_section": "Seccion 2: Identificaci\u00f3n de los peligros"}, "hash": "653587c6411f3d981949bcfdcc90f6a8f5fc48f9f9180637416c2690ce8e787f", "class_name": "RelatedNodeInfo"}}, "hash": "e26c48d003efd9a636b691c7647aeb48e95b0517d11f2bed73a7fd08ee6e9951", "text": "Nombre del proveedor;Virutex Ilko S.A. Direcci\u00f3n del proveedor;CAMINO MELIPILLA N\u00ba 7875,CERRILLOS -SANTIAGO CHILE Tel\u00e9fono del proveedor;(56) 2 22700100 Tel\u00e9fono de Emergencia en Chile;(56) 2- 26353800 Tel\u00e9fono de informaci\u00f3n toxicol\u00f3gicas en Chile - CITUC;(56) 2- 26353800 CITUC 24 HRS Informaci\u00f3n del fabricante;VIRUTEX Direcci\u00f3n electr\u00f3nica del proveedor;www.virutexilko.cl", "start_char_idx": null, "end_char_idx": null, "text_template": "{metadata_str}\n\n{content}", "metadata_template": "{key}: {value}", "metadata_seperator": "\n", "class_name": "TextNode"}, "__type__": "1"}, "56fd84ec-04f9-4e53-82d9-7affd49917d2": {"__data__": {"id_": "56fd84ec-04f9-4e53-82d9-7affd49917d2", "embedding": null, "metadata": {"document_title": "HOJA DE DATOS DE SEGURIDAD", "metadata_product": "EASY CLEAN TOALLAS DESINFECTANTES MULTIUSO AROMA LIM\u00d3N 1%", "metadata_description": "", "metadata_recommended_use": "Limpieza y desinfecci\u00f3n de superficies como ba\u00f1os, paredes, cocinas, pisos \u00e1reas comunes.", "metadata_section": "Seccion 2: Identificaci\u00f3n de los peligros"}, "excluded_embed_metadata_keys": [], "excluded_llm_metadata_keys": [], "relationships": {"1": {"node_id": "599efb34-7a78-4dee-a453-2af1abe6a44d", "node_type": "4", "metadata": {"document_title": "HOJA DE DATOS DE SEGURIDAD", "metadata_product": "EASY CLEAN TOALLAS DESINFECTANTES MULTIUSO AROMA LIM\u00d3N 1%", "metadata_description": "", "metadata_recommended_use": "Limpieza y desinfecci\u00f3n de superficies como ba\u00f1os, paredes, cocinas, pisos \u00e1reas comunes.", "metadata_section": "Seccion 2: Identificaci\u00f3n de los peligros"}, "hash": "653587c6411f3d981949bcfdcc90f6a8f5fc48f9f9180637416c2690ce8e787f", "class_name": "RelatedNodeInfo"}, "2": {"node_id": "05739bd3-f333-49fd-bab2-af42e9cafaf3", "node_type": "1", "metadata": {"document_title": "HOJA DE DATOS DE SEGURIDAD", "metadata_product": "EASY CLEAN TOALLAS DESINFECTANTES MULTIUSO AROMA LIM\u00d3N 1%", "metadata_description": "", "metadata_recommended_use": "Limpieza y desinfecci\u00f3n de superficies como ba\u00f1os, paredes, cocinas, pisos \u00e1reas comunes.", "metadata_section": "Seccion 1: Identificaci\u00f3n del producto qu\u00edmico y de la empresa"}, "hash": "e26c48d003efd9a636b691c7647aeb48e95b0517d11f2bed73a7fd08ee6e9951", "class_name": "RelatedNodeInfo"}, "3": {"node_id": "d464adc3-ee1c-42b3-bb6c-5265de9a7d64", "node_type": "1", "metadata": {"document_title": "HOJA DE DATOS DE SEGURIDAD", "metadata_product": "EASY CLEAN TOALLAS DESINFECTANTES MULTIUSO AROMA LIM\u00d3N 1%", "metadata_description": "", "metadata_recommended_use": "Limpieza y desinfecci\u00f3n de superficies como ba\u00f1os, paredes, cocinas, pisos \u00e1reas comunes.", "metadata_section": "Seccion 3: Informaci\u00f3n componentes de la mezcla"}, "hash": "9b8a3df5421246b87ededb6dca5a01ede0d9e2aecc9ae56ae6e152b055a55eeb", "class_name": "RelatedNodeInfo"}}, "hash": "653587c6411f3d981949bcfdcc90f6a8f5fc48f9f9180637416c2690ce8e787f", "text": "Clasificaci\u00f3n seg\u00fan NCh382;Sustancia No Peligrosa. Distintivo seg\u00fan NCh2190;No aplica Sustancia No peligrosa. Clasificaci\u00f3n seg\u00fan SGA;Atenci\u00f3n. Etiqueta SGA;no aplica en Chile normativa en curso. Se\u00f1al de seguridad seg\u00fan NCh1411/4;[Imagen de una etiqueta con rombos de colores amarillo en la parte superior izquierda con el n\u00famero 1 y azul en la parte inferior derecha con el n\u00famero 0, el rombo superior derecho es rojo con un s\u00edmbolo de exclamaci\u00f3n y el inferior izquierdo es blanco] Clasificaci\u00f3n espec\u00edfica;Categor\u00eda 2B. Distintivo espec\u00edfico;Atenci\u00f3n Descripci\u00f3n de peligros;Provoca Irritaci\u00f3n Ocular. Descripci\u00f3n de peligros espec\u00edficos;Provoca irritaci\u00f3n a los ojos. Otros peligros;[Sin informaci\u00f3n adicional en esta secci\u00f3n] Informaci\u00f3n Adicional;Mantenga lejos del alcance de los ni\u00f1os. L\u00e1vese a fondo las manos despu\u00e9s de la manipulaci\u00f3n. Puede ser nocivo si es ingerido. Puede ser nocivo para organismos acu\u00e1ticos. No verter a cursos de agua.", "start_char_idx": null, "end_char_idx": null, "text_template": "{metadata_str}\n\n{content}", "metadata_template": "{key}: {value}", "metadata_seperator": "\n", "class_name": "TextNode"}, "__type__": "1"}, "d464adc3-ee1c-42b3-bb6c-5265de9a7d64": {"__data__": {"id_": "d464adc3-ee1c-42b3-bb6c-5265de9a7d64", "embedding": null, "metadata": {"document_title": "HOJA DE DATOS DE SEGURIDAD", "metadata_product": "EASY CLEAN TOALLAS DESINFECTANTES MULTIUSO AROMA LIM\u00d3N 1%", "metadata_description": "", "metadata_recommended_use": "Limpieza y desinfecci\u00f3n de superficies como ba\u00f1os, paredes, cocinas, pisos \u00e1reas comunes.", "metadata_section": "Seccion 3: Informaci\u00f3n componentes de la mezcla"}, "excluded_embed_metadata_keys": [], "excluded_llm_metadata_keys": [], "relationships": {"1": {"node_id": "c06473f9-1b5c-43f5-bac8-15620661f8aa", "node_type": "4", "metadata": {"document_title": "HOJA DE DATOS DE SEGURIDAD", "metadata_product": "EASY CLEAN TOALLAS DESINFECTANTES MULTIUSO AROMA LIM\u00d3N 1%", "metadata_description": "", "metadata_recommended_use": "Limpieza y desinfecci\u00f3n de superficies como ba\u00f1os, paredes, cocinas, pisos \u00e1reas comunes.", "metadata_section": "Seccion 3: Informaci\u00f3n componentes de la mezcla"}, "hash": "9b8a3df5421246b87ededb6dca5a01ede0d9e2aecc9ae56ae6e152b055a55eeb", "class_name": "RelatedNodeInfo"}, "2": {"node_id": "56fd84ec-04f9-4e53-82d9-7affd49917d2", "node_type": "1", "metadata": {"document_title": "HOJA DE DATOS DE SEGURIDAD", "metadata_product": "EASY CLEAN TOALLAS DESINFECTANTES MULTIUSO AROMA LIM\u00d3N 1%", "metadata_description": "", "metadata_recommended_use": "Limpieza y desinfecci\u00f3n de superficies como ba\u00f1os, paredes, cocinas, pisos \u00e1reas comunes.", "metadata_section": "Seccion 2: Identificaci\u00f3n de los peligros"}, "hash": "653587c6411f3d981949bcfdcc90f6a8f5fc48f9f9180637416c2690ce8e787f", "class_name": "RelatedNodeInfo"}, "3": {"node_id": "df71053e-f8bc-4528-8c5c-0adf9d1f62bd", "node_type": "1", "metadata": {"document_title": "HOJA DE DATOS DE SEGURIDAD", "metadata_product": "EASY CLEAN TOALLAS DESINFECTANTES MULTIUSO AROMA LIM\u00d3N 1%", "metadata_description": "", "metadata_recommended_use": "Limpieza y desinfecci\u00f3n de superficies como ba\u00f1os, paredes, cocinas, pisos \u00e1reas comunes.", "metadata_section": "Seccion 4: Primeros auxilios"}, "hash": "5cae728c9292bed4d692b97c06edc5b398b1f67c7de76d3069b7cc0023d90e3d", "class_name": "RelatedNodeInfo"}}, "hash": "9b8a3df5421246b87ededb6dca5a01ede0d9e2aecc9ae56ae6e152b055a55eeb", "text": "Informacion sobre componentes de la mezcla: Componente 1; Denominaci\u00f3n qu\u00edmica sistem\u00e1tica: CLORURO DE N-ALQUILO-DIMETIL-BENCIL DIMONIO AL 40%, 1,25 Y CLORURO DE N-ALQUILO-DIMETIL-ETILBENCIL AMONIO AL 40%; Nombre com\u00fan o gen\u00e9rico: Amonios Cuaternarios; Rango de concentraci\u00f3n: 0.65 - 1.25%; N\u00famero CAS: 68391-01-5 & 27479-28-3. Componente 2; Denominaci\u00f3n qu\u00edmica sistem\u00e1tica: Alcohol Et\u00edlico; Nombre com\u00fan o gen\u00e9rico: etanol; Rango de concentraci\u00f3n: <10%; N\u00famero CAS: 64-17-5. Componente 3; Los porcentajes exactos est\u00e1n retenidos como informaci\u00f3n de secretos comerciales.", "start_char_idx": null, "end_char_idx": null, "text_template": "{metadata_str}\n\n{content}", "metadata_template": "{key}: {value}", "metadata_seperator": "\n", "class_name": "TextNode"}, "__type__": "1"}, "df71053e-f8bc-4528-8c5c-0adf9d1f62bd": {"__data__": {"id_": "df71053e-f8bc-4528-8c5c-0adf9d1f62bd", "embedding": null, "metadata": {"document_title": "HOJA DE DATOS DE SEGURIDAD", "metadata_product": "EASY CLEAN TOALLAS DESINFECTANTES MULTIUSO AROMA LIM\u00d3N 1%", "metadata_description": "", "metadata_recommended_use": "Limpieza y desinfecci\u00f3n de superficies como ba\u00f1os, paredes, cocinas, pisos \u00e1reas comunes.", "metadata_section": "Seccion 4: Primeros auxilios"}, "excluded_embed_metadata_keys": [], "excluded_llm_metadata_keys": [], "relationships": {"1": {"node_id": "1d8bd761-9428-4e24-af90-6384e7f751aa", "node_type": "4", "metadata": {"document_title": "HOJA DE DATOS DE SEGURIDAD", "metadata_product": "EASY CLEAN TOALLAS DESINFECTANTES MULTIUSO AROMA LIM\u00d3N 1%", "metadata_description": "", "metadata_recommended_use": "Limpieza y desinfecci\u00f3n de superficies como ba\u00f1os, paredes, cocinas, pisos \u00e1reas comunes.", "metadata_section": "Seccion 4: Primeros auxilios"}, "hash": "5cae728c9292bed4d692b97c06edc5b398b1f67c7de76d3069b7cc0023d90e3d", "class_name": "RelatedNodeInfo"}, "2": {"node_id": "d464adc3-ee1c-42b3-bb6c-5265de9a7d64", "node_type": "1", "metadata": {"document_title": "HOJA DE DATOS DE SEGURIDAD", "metadata_product": "EASY CLEAN TOALLAS DESINFECTANTES MULTIUSO AROMA LIM\u00d3N 1%", "metadata_description": "", "metadata_recommended_use": "Limpieza y desinfecci\u00f3n de superficies como ba\u00f1os, paredes, cocinas, pisos \u00e1reas comunes.", "metadata_section": "Seccion 3: Informaci\u00f3n componentes de la mezcla"}, "hash": "9b8a3df5421246b87ededb6dca5a01ede0d9e2aecc9ae56ae6e152b055a55eeb", "class_name": "RelatedNodeInfo"}, "3": {"node_id": "76cecfc1-9956-47ee-93bb-8a43c0d4a43c", "node_type": "1", "metadata": {"document_title": "HOJA DE DATOS DE SEGURIDAD", "metadata_product": "EASY CLEAN TOALLAS DESINFECTANTES MULTIUSO AROMA LIM\u00d3N 1%", "metadata_description": "", "metadata_recommended_use": "Limpieza y desinfecci\u00f3n de superficies como ba\u00f1os, paredes, cocinas, pisos \u00e1reas comunes.", "metadata_section": "Seccion 5: Medidas para lucha contra incendios"}, "hash": "5e2f145194437d54f11cffabe216be7ffcb263e0afcda228bf847378c484f2cb", "class_name": "RelatedNodeInfo"}}, "hash": "5cae728c9292bed4d692b97c06edc5b398b1f67c7de76d3069b7cc0023d90e3d", "text": "Inhalaci\u00f3n: No aplica el pr uso del producto. En caso de alguna molestia trasladar al aire fresco en una posici\u00f3n c\u00f3moda. Solicitar atenci\u00f3n m\u00e9dica si no se siente bien la persona. Contacto con la piel: En caso de contacto, Lavar con agua y jab\u00f3n, de existir irritaci\u00f3n consultar a un m\u00e9dico. Contacto con los ojos: Enjuagar con agua durante al menos 10 a 15 minutos. Si usa lentes de contacto qu\u00edteselos cuidadosamente, si existe irritaci\u00f3n solicitar atenci\u00f3n m\u00e9dica. Ingesti\u00f3n: Enjuagar inmediatamente la boca. No inducir v\u00f3mitos y no dar nada por la boca a una persona inconsciente. Efectos agudos previstos: No se conocen efectos o s\u00edntomas en su uso normal. Efectos retardados previstos: No se conocen efectos o s\u00edntomas en su uso normal. S\u00edntomas/efectos m\u00e1s importantes: Protecci\u00f3n de quienes brindan los primeros auxilios: No hay informaci\u00f3n disponible en su uso normal. Notas especiales para un m\u00e9dico tratante: Muestre esta hoja de datos de seguridad al m\u00e9dico de asistencia donde se encuentran los componentes de la mezcla seccion 3. Se debe tratar de forma sintom\u00e1tica.", "start_char_idx": null, "end_char_idx": null, "text_template": "{metadata_str}\n\n{content}", "metadata_template": "{key}: {value}", "metadata_seperator": "\n", "class_name": "TextNode"}, "__type__": "1"}, "76cecfc1-9956-47ee-93bb-8a43c0d4a43c": {"__data__": {"id_": "76cecfc1-9956-47ee-93bb-8a43c0d4a43c", "embedding": null, "metadata": {"document_title": "HOJA DE DATOS DE SEGURIDAD", "metadata_product": "EASY CLEAN TOALLAS DESINFECTANTES MULTIUSO AROMA LIM\u00d3N 1%", "metadata_description": "", "metadata_recommended_use": "Limpieza y desinfecci\u00f3n de superficies como ba\u00f1os, paredes, cocinas, pisos \u00e1reas comunes.", "metadata_section": "Seccion 5: Medidas para lucha contra incendios"}, "excluded_embed_metadata_keys": [], "excluded_llm_metadata_keys": [], "relationships": {"1": {"node_id": "24241c14-64c0-4aba-8cc1-a035ccb798b3", "node_type": "4", "metadata": {"document_title": "HOJA DE DATOS DE SEGURIDAD", "metadata_product": "EASY CLEAN TOALLAS DESINFECTANTES MULTIUSO AROMA LIM\u00d3N 1%", "metadata_description": "", "metadata_recommended_use": "Limpieza y desinfecci\u00f3n de superficies como ba\u00f1os, paredes, cocinas, pisos \u00e1reas comunes.", "metadata_section": "Seccion 5: Medidas para lucha contra incendios"}, "hash": "4b9a3f33903905ce73394fce16802771d938acf0f85b3d74b71345b276ca88cb", "class_name": "RelatedNodeInfo"}, "2": {"node_id": "df71053e-f8bc-4528-8c5c-0adf9d1f62bd", "node_type": "1", "metadata": {"document_title": "HOJA DE DATOS DE SEGURIDAD", "metadata_product": "EASY CLEAN TOALLAS DESINFECTANTES MULTIUSO AROMA LIM\u00d3N 1%", "metadata_description": "", "metadata_recommended_use": "Limpieza y desinfecci\u00f3n de superficies como ba\u00f1os, paredes, cocinas, pisos \u00e1reas comunes.", "metadata_section": "Seccion 4: Primeros auxilios"}, "hash": "5cae728c9292bed4d692b97c06edc5b398b1f67c7de76d3069b7cc0023d90e3d", "class_name": "RelatedNodeInfo"}, "3": {"node_id": "341f7366-9e68-41c8-95ac-2ba3272ad235", "node_type": "1", "metadata": {"document_title": "HOJA DE DATOS DE SEGURIDAD", "metadata_product": "EASY CLEAN TOALLAS DESINFECTANTES MULTIUSO AROMA LIM\u00d3N 1%", "metadata_description": "", "metadata_recommended_use": "Limpieza y desinfecci\u00f3n de superficies como ba\u00f1os, paredes, cocinas, pisos \u00e1reas comunes.", "metadata_section": "Seccion 6: Medidas que se deben tomar en caso de derrame accidental"}, "hash": "f1a7873b5b69c1ff2632f3313a6c55070c4650792f970fa843a1aafacd1b125c", "class_name": "RelatedNodeInfo"}}, "hash": "5e2f145194437d54f11cffabe216be7ffcb263e0afcda228bf847378c484f2cb", "text": "Agentes de extinci\u00f3n: Producto No inflamable, CO2, Espuma, polvo qu\u00edmicos seco. Agentes de extinci\u00f3n inapropiados: No hay informaci\u00f3n disponible. Productos que se forman en la combusti\u00f3n y degradaci\u00f3n t\u00e9rmica: Vapores Toxico e Irritantes propios de la combusti\u00f3n. Peligros espec\u00edficos asociados: No se conocen peligros espec\u00edficos asociados. M\u00e9todos espec\u00edficos de extinci\u00f3n: Se puede usar agua para enfriar los envases cerrados para prevenir la acumulaci\u00f3n de presi\u00f3n al interior del envase. Los restos del incendio,as\u00ed como el agua de extinci\u00f3n contaminada, deben eliminarse seg\u00fan  las normas locales. En caso de incendio o de explosi\u00f3n, no respire los humos. \nPrecauciones para el personal de emergencia y/o los bomberos: Como con cualquier incendio, use un aparato respiratorio independiente y ropa de protecci\u00f3n apropiado incluyendo  guantes, protecci\u00f3n para los ojos y el rostro.", "start_char_idx": null, "end_char_idx": null, "text_template": "{metadata_str}\n\n{content}", "metadata_template": "{key}: {value}", "metadata_seperator": "\n", "class_name": "TextNode"}, "__type__": "1"}, "341f7366-9e68-41c8-95ac-2ba3272ad235": {"__data__": {"id_": "341f7366-9e68-41c8-95ac-2ba3272ad235", "embedding": null, "metadata": {"document_title": "HOJA DE DATOS DE SEGURIDAD", "metadata_product": "EASY CLEAN TOALLAS DESINFECTANTES MULTIUSO AROMA LIM\u00d3N 1%", "metadata_description": "", "metadata_recommended_use": "Limpieza y desinfecci\u00f3n de superficies como ba\u00f1os, paredes, cocinas, pisos \u00e1reas comunes.", "metadata_section": "Seccion 6: Medidas que se deben tomar en caso de derrame accidental"}, "excluded_embed_metadata_keys": [], "excluded_llm_metadata_keys": [], "relationships": {"1": {"node_id": "2289422c-63fa-47d3-be1a-942bb273bc7b", "node_type": "4", "metadata": {"document_title": "HOJA DE DATOS DE SEGURIDAD", "metadata_product": "EASY CLEAN TOALLAS DESINFECTANTES MULTIUSO AROMA LIM\u00d3N 1%", "metadata_description": "", "metadata_recommended_use": "Limpieza y desinfecci\u00f3n de superficies como ba\u00f1os, paredes, cocinas, pisos \u00e1reas comunes.", "metadata_section": "Seccion 6: Medidas que se deben tomar en caso de derrame accidental"}, "hash": "f1a7873b5b69c1ff2632f3313a6c55070c4650792f970fa843a1aafacd1b125c", "class_name": "RelatedNodeInfo"}, "2": {"node_id": "76cecfc1-9956-47ee-93bb-8a43c0d4a43c", "node_type": "1", "metadata": {"document_title": "HOJA DE DATOS DE SEGURIDAD", "metadata_product": "EASY CLEAN TOALLAS DESINFECTANTES MULTIUSO AROMA LIM\u00d3N 1%", "metadata_description": "", "metadata_recommended_use": "Limpieza y desinfecci\u00f3n de superficies como ba\u00f1os, paredes, cocinas, pisos \u00e1reas comunes.", "metadata_section": "Seccion 5: Medidas para lucha contra incendios"}, "hash": "5e2f145194437d54f11cffabe216be7ffcb263e0afcda228bf847378c484f2cb", "class_name": "RelatedNodeInfo"}, "3": {"node_id": "a6305824-360b-4524-b768-3dee5843bafc", "node_type": "1", "metadata": {"document_title": "HOJA DE DATOS DE SEGURIDAD", "metadata_product": "EASY CLEAN TOALLAS DESINFECTANTES MULTIUSO AROMA LIM\u00d3N 1%", "metadata_description": "", "metadata_recommended_use": "Limpieza y desinfecci\u00f3n de superficies como ba\u00f1os, paredes, cocinas, pisos \u00e1reas comunes.", "metadata_section": "Seccion 7: Manipulaci\u00f3n y almacenamiento"}, "hash": "e5a53ce02ed933b63639ac8dbce40e1b7cc394012fc6c398f49e8b32cd95f741", "class_name": "RelatedNodeInfo"}}, "hash": "f1a7873b5b69c1ff2632f3313a6c55070c4650792f970fa843a1aafacd1b125c", "text": "Precauciones personales;Mantener alejadas a las personas de la zona de la fuga y en sentido opuesto al viento. Equipo de protecci\u00f3n;Utilizar protecci\u00f3n personal en caso de grandes derrames, como lentes de seguridad. En caso de estar expuestos a concentraciones por encima de los l\u00edmites de exposici\u00f3n, deber\u00e1n usar mascarillas apropiadas certificadas. Procedimientos de emergencia;Se puede usar agua para enfriar los envases cerrados para prevenir la acumulaci\u00f3n de presi\u00f3n al interior del envase cuando est\u00e1n expuesto a calor extremo. precauciones ambientales;Evitar fugas y derrames. No permitir el contacto con cursos de agua o alcantarillado. M\u00e9todos y material de contenci\u00f3n, confinamiento y/o abatimiento; y limpieza Contenci\u00f3n;M\u00e9todos y materiales limpiza Recuperaci\u00f3n;Limpieza Recoger y transferir los residuos a recipientes correctamente etiquetados. Absorber derrames con material inerte arena o material absorbente para l\u00edquidos. Neutralizaci\u00f3n;Lavar con el \u00e1rea afectada con agua. Disposici\u00f3n final;Disponer de los residuos de acuerdo a legislaci\u00f3n local. Medidas adicionales de prevenci\u00f3n de desastres;Mantener lejos del alcance de los ni\u00f1os Mantener los envases cerrados en un lugar fresco y seco.", "start_char_idx": null, "end_char_idx": null, "text_template": "{metadata_str}\n\n{content}", "metadata_template": "{key}: {value}", "metadata_seperator": "\n", "class_name": "TextNode"}, "__type__": "1"}, "a6305824-360b-4524-b768-3dee5843bafc": {"__data__": {"id_": "a6305824-360b-4524-b768-3dee5843bafc", "embedding": null, "metadata": {"document_title": "HOJA DE DATOS DE SEGURIDAD", "metadata_product": "EASY CLEAN TOALLAS DESINFECTANTES MULTIUSO AROMA LIM\u00d3N 1%", "metadata_description": "", "metadata_recommended_use": "Limpieza y desinfecci\u00f3n de superficies como ba\u00f1os, paredes, cocinas, pisos \u00e1reas comunes.", "metadata_section": "Seccion 7: Manipulaci\u00f3n y almacenamiento"}, "excluded_embed_metadata_keys": [], "excluded_llm_metadata_keys": [], "relationships": {"1": {"node_id": "46f7e5b1-ec06-48a7-8bcb-e63b23bf7d60", "node_type": "4", "metadata": {"document_title": "HOJA DE DATOS DE SEGURIDAD", "metadata_product": "EASY CLEAN TOALLAS DESINFECTANTES MULTIUSO AROMA LIM\u00d3N 1%", "metadata_description": "", "metadata_recommended_use": "Limpieza y desinfecci\u00f3n de superficies como ba\u00f1os, paredes, cocinas, pisos \u00e1reas comunes.", "metadata_section": "Seccion 7: Manipulaci\u00f3n y almacenamiento"}, "hash": "e5a53ce02ed933b63639ac8dbce40e1b7cc394012fc6c398f49e8b32cd95f741", "class_name": "RelatedNodeInfo"}, "2": {"node_id": "341f7366-9e68-41c8-95ac-2ba3272ad235", "node_type": "1", "metadata": {"document_title": "HOJA DE DATOS DE SEGURIDAD", "metadata_product": "EASY CLEAN TOALLAS DESINFECTANTES MULTIUSO AROMA LIM\u00d3N 1%", "metadata_description": "", "metadata_recommended_use": "Limpieza y desinfecci\u00f3n de superficies como ba\u00f1os, paredes, cocinas, pisos \u00e1reas comunes.", "metadata_section": "Seccion 6: Medidas que se deben tomar en caso de derrame accidental"}, "hash": "f1a7873b5b69c1ff2632f3313a6c55070c4650792f970fa843a1aafacd1b125c", "class_name": "RelatedNodeInfo"}, "3": {"node_id": "db6b5566-6dbe-47d8-9d87-119ee5740679", "node_type": "1", "metadata": {"document_title": "HOJA DE DATOS DE SEGURIDAD", "metadata_product": "EASY CLEAN TOALLAS DESINFECTANTES MULTIUSO AROMA LIM\u00d3N 1%", "metadata_description": "", "metadata_recommended_use": "Limpieza y desinfecci\u00f3n de superficies como ba\u00f1os, paredes, cocinas, pisos \u00e1reas comunes.", "metadata_section": "Seccion 8: Controles de exposici\u00f3n/protecci\u00f3n personal"}, "hash": "eea5f68ebf2c121f84c2d8b4bf78e4cbfce306c12a76a68edfe3163f5da83eee", "class_name": "RelatedNodeInfo"}}, "hash": "e5a53ce02ed933b63639ac8dbce40e1b7cc394012fc6c398f49e8b32cd95f741", "text": "Manipulaci\u00f3n; Si se manipula correctamente, no se requieren medidas especiales.\nPrecauciones para la manipulaci\u00f3n segura; Evitar el contacto con los ojos. Mantener fuera del alcance de los ni\u00f1os y animales. Mantener en envase herm\u00e9ticamente cerrado y con su etiqueta original, lejos de los alimentos.\nMedidas operacionales y t\u00e9cnicas; \nOtras precauciones; No mezclar con otros productos productos qu\u00edmicos para limpieza.\nPrevenci\u00f3n del contacto; No aplicar a los ojos ni ingerir el producto.\nAlmacenamiento; \nCondiciones para el almacenamiento seguro; Mantener en un lugar fresco, seco y bien ventilado, fuera del alcance de los ni\u00f1os. Mantener envase herm\u00e9ticamente cerrado y con su etiqueta original, lejos de los alimentos.\nMedidas t\u00e9cnicas; Proteger de la luz del sol. Mantener en un lugar fresco, seco y bien ventilado.\nSustancias y mezclas incompatibles; Agentes oxidantes fuertes, \u00e1cidos fuertes.\nMaterial de envase y/o embalaje; pl\u00e1stico y sachet.", "start_char_idx": null, "end_char_idx": null, "text_template": "{metadata_str}\n\n{content}", "metadata_template": "{key}: {value}", "metadata_seperator": "\n", "class_name": "TextNode"}, "__type__": "1"}, "db6b5566-6dbe-47d8-9d87-119ee5740679": {"__data__": {"id_": "db6b5566-6dbe-47d8-9d87-119ee5740679", "embedding": null, "metadata": {"document_title": "HOJA DE DATOS DE SEGURIDAD", "metadata_product": "EASY CLEAN TOALLAS DESINFECTANTES MULTIUSO AROMA LIM\u00d3N 1%", "metadata_description": "", "metadata_recommended_use": "Limpieza y desinfecci\u00f3n de superficies como ba\u00f1os, paredes, cocinas, pisos \u00e1reas comunes.", "metadata_section": "Seccion 8: Controles de exposici\u00f3n/protecci\u00f3n personal"}, "excluded_embed_metadata_keys": [], "excluded_llm_metadata_keys": [], "relationships": {"1": {"node_id": "1f687cb2-2a89-460a-9eb5-55465eaa8895", "node_type": "4", "metadata": {"document_title": "HOJA DE DATOS DE SEGURIDAD", "metadata_product": "EASY CLEAN TOALLAS DESINFECTANTES MULTIUSO AROMA LIM\u00d3N 1%", "metadata_description": "", "metadata_recommended_use": "Limpieza y desinfecci\u00f3n de superficies como ba\u00f1os, paredes, cocinas, pisos \u00e1reas comunes.", "metadata_section": "Seccion 8: Controles de exposici\u00f3n/protecci\u00f3n personal"}, "hash": "eea5f68ebf2c121f84c2d8b4bf78e4cbfce306c12a76a68edfe3163f5da83eee", "class_name": "RelatedNodeInfo"}, "2": {"node_id": "a6305824-360b-4524-b768-3dee5843bafc", "node_type": "1", "metadata": {"document_title": "HOJA DE DATOS DE SEGURIDAD", "metadata_product": "EASY CLEAN TOALLAS DESINFECTANTES MULTIUSO AROMA LIM\u00d3N 1%", "metadata_description": "", "metadata_recommended_use": "Limpieza y desinfecci\u00f3n de superficies como ba\u00f1os, paredes, cocinas, pisos \u00e1reas comunes.", "metadata_section": "Seccion 7: Manipulaci\u00f3n y almacenamiento"}, "hash": "e5a53ce02ed933b63639ac8dbce40e1b7cc394012fc6c398f49e8b32cd95f741", "class_name": "RelatedNodeInfo"}, "3": {"node_id": "bccadd55-f9c1-48aa-98a9-c0075a43fde5", "node_type": "1", "metadata": {"document_title": "HOJA DE DATOS DE SEGURIDAD", "metadata_product": "EASY CLEAN TOALLAS DESINFECTANTES MULTIUSO AROMA LIM\u00d3N 1%", "metadata_description": "", "metadata_recommended_use": "Limpieza y desinfecci\u00f3n de superficies como ba\u00f1os, paredes, cocinas, pisos \u00e1reas comunes.", "metadata_section": "Seccion 9: Propiedades f\u00edsicas y qu\u00edmicas"}, "hash": "110d6edae8d9903acac1fccbfcd49efc56de9e686efdf701dcd739beeafca864", "class_name": "RelatedNodeInfo"}}, "hash": "eea5f68ebf2c121f84c2d8b4bf78e4cbfce306c12a76a68edfe3163f5da83eee", "text": "Concentraci\u00f3n m\u00e1xima permisible; LPP Alcohol Et\u00edlico en decreto 594: 800 ppm/1500 mg/m3\nElementos de protecci\u00f3n personal\nProtecci\u00f3n respiratoria; No se necesitan equipos de protecci\u00f3n en condiciones normales de uso. Si se exceden los l\u00edmites de exposici\u00f3n o se experimenta irritaci\u00f3n, puede requerirse ventilaci\u00f3n en el lugar.\nProtecci\u00f3n de manos; No se requieren medidas especiales en condiciones normales de Uso.Contacto repetido o prolongado: Utilizar guantes de goma.\nProtecci\u00f3n de ojos; No se requieren medidas especiales en condiciones normales de Uso. De ser probable que se produzcan salpicaduras ante la manipulaci\u00f3n de un derrame usar lentes de seguridad.\nProtecci\u00f3n de la piel y el cuerpo; Ninguno requerido en el uso normal del producto. Ropa de seguridad ante la manipulaci\u00f3n de un derrame.\nMedidas de ingenier\u00eda; Duchas, estaciones de lavado de ojos, Sistemas de ventilaci\u00f3n. Medidas de higiene Manipular de acuerdo con las buenas pr\u00e1cticas de higiene industrial y seguridad Almacenamiento en bodega. Quitese la ropa contaminada y lavarla antes de volver a usarla.", "start_char_idx": null, "end_char_idx": null, "text_template": "{metadata_str}\n\n{content}", "metadata_template": "{key}: {value}", "metadata_seperator": "\n", "class_name": "TextNode"}, "__type__": "1"}, "bccadd55-f9c1-48aa-98a9-c0075a43fde5": {"__data__": {"id_": "bccadd55-f9c1-48aa-98a9-c0075a43fde5", "embedding": null, "metadata": {"document_title": "HOJA DE DATOS DE SEGURIDAD", "metadata_product": "EASY CLEAN TOALLAS DESINFECTANTES MULTIUSO AROMA LIM\u00d3N 1%", "metadata_description": "", "metadata_recommended_use": "Limpieza y desinfecci\u00f3n de superficies como ba\u00f1os, paredes, cocinas, pisos \u00e1reas comunes.", "metadata_section": "Seccion 9: Propiedades f\u00edsicas y qu\u00edmicas"}, "excluded_embed_metadata_keys": [], "excluded_llm_metadata_keys": [], "relationships": {"1": {"node_id": "705a38e7-2b75-4e0d-b85e-0ddedcc27eec", "node_type": "4", "metadata": {"document_title": "HOJA DE DATOS DE SEGURIDAD", "metadata_product": "EASY CLEAN TOALLAS DESINFECTANTES MULTIUSO AROMA LIM\u00d3N 1%", "metadata_description": "", "metadata_recommended_use": "Limpieza y desinfecci\u00f3n de superficies como ba\u00f1os, paredes, cocinas, pisos \u00e1reas comunes.", "metadata_section": "Seccion 9: Propiedades f\u00edsicas y qu\u00edmicas"}, "hash": "110d6edae8d9903acac1fccbfcd49efc56de9e686efdf701dcd739beeafca864", "class_name": "RelatedNodeInfo"}, "2": {"node_id": "db6b5566-6dbe-47d8-9d87-119ee5740679", "node_type": "1", "metadata": {"document_title": "HOJA DE DATOS DE SEGURIDAD", "metadata_product": "EASY CLEAN TOALLAS DESINFECTANTES MULTIUSO AROMA LIM\u00d3N 1%", "metadata_description": "", "metadata_recommended_use": "Limpieza y desinfecci\u00f3n de superficies como ba\u00f1os, paredes, cocinas, pisos \u00e1reas comunes.", "metadata_section": "Seccion 8: Controles de exposici\u00f3n/protecci\u00f3n personal"}, "hash": "eea5f68ebf2c121f84c2d8b4bf78e4cbfce306c12a76a68edfe3163f5da83eee", "class_name": "RelatedNodeInfo"}, "3": {"node_id": "7a94538d-5cf1-4452-a4f9-d2fc7df69a31", "node_type": "1", "metadata": {"document_title": "HOJA DE DATOS DE SEGURIDAD", "metadata_product": "EASY CLEAN TOALLAS DESINFECTANTES MULTIUSO AROMA LIM\u00d3N 1%", "metadata_description": "", "metadata_recommended_use": "Limpieza y desinfecci\u00f3n de superficies como ba\u00f1os, paredes, cocinas, pisos \u00e1reas comunes.", "metadata_section": "Secci\u00f3n 10: Estabilidad y reactividad"}, "hash": "94e772f683b55920ebb2596d6c2e29e0927ea1d8e7280d030828fbb3a96ecaec", "class_name": "RelatedNodeInfo"}}, "hash": "110d6edae8d9903acac1fccbfcd49efc56de9e686efdf701dcd739beeafca864", "text": "Estado f\u00edsico;S\u00f3lido\nForma en que se presenta;Toallas H\u00famedas\nColor;Blanco\nOlor;Limon\npH Solucion pa\u00f1o puro;6.0 +/- 2.0\n% Activo Amonios Cuaternarios;0.65 \u2013 1.2%\nPunto de fusi\u00f3n / congelaci\u00f3n;No hay datos disponibles.\nPunto de ebullici\u00f3n / campo de ebullici\u00f3n 100 \u00baC / 212 \u00baF;No hay datos disponibles\nPunto de inflamaci\u00f3n;producto No inflamble\nL\u00edmites de explosividad; -\nPresi\u00f3n de vapor;No hay datos disponibles para el liquido.\nDensidad relativa del vapor (aire=1);No aplica, toallas humedas\nDensidad;No aplica, toallas humedas\nSolubilidad en agua;No aplica producto solido.\nSolubilidad en otros disolventes;No aplica producto solido\nTemperatura de descomposici\u00f3n;No aplica producto no inflamable.\nTemperatura de auto-inflamaci\u00f3n;No aplica producto solido.\nViscosidad;No aplica producto solido.", "start_char_idx": null, "end_char_idx": null, "text_template": "{metadata_str}\n\n{content}", "metadata_template": "{key}: {value}", "metadata_seperator": "\n", "class_name": "TextNode"}, "__type__": "1"}, "7a94538d-5cf1-4452-a4f9-d2fc7df69a31": {"__data__": {"id_": "7a94538d-5cf1-4452-a4f9-d2fc7df69a31", "embedding": null, "metadata": {"document_title": "HOJA DE DATOS DE SEGURIDAD", "metadata_product": "EASY CLEAN TOALLAS DESINFECTANTES MULTIUSO AROMA LIM\u00d3N 1%", "metadata_description": "", "metadata_recommended_use": "Limpieza y desinfecci\u00f3n de superficies como ba\u00f1os, paredes, cocinas, pisos \u00e1reas comunes.", "metadata_section": "Secci\u00f3n 10: Estabilidad y reactividad"}, "excluded_embed_metadata_keys": [], "excluded_llm_metadata_keys": [], "relationships": {"1": {"node_id": "8b64cc2a-2e2c-4446-874e-17e748e6c24b", "node_type": "4", "metadata": {"document_title": "HOJA DE DATOS DE SEGURIDAD", "metadata_product": "EASY CLEAN TOALLAS DESINFECTANTES MULTIUSO AROMA LIM\u00d3N 1%", "metadata_description": "", "metadata_recommended_use": "Limpieza y desinfecci\u00f3n de superficies como ba\u00f1os, paredes, cocinas, pisos \u00e1reas comunes.", "metadata_section": "Secci\u00f3n 10: Estabilidad y reactividad"}, "hash": "94e772f683b55920ebb2596d6c2e29e0927ea1d8e7280d030828fbb3a96ecaec", "class_name": "RelatedNodeInfo"}, "2": {"node_id": "bccadd55-f9c1-48aa-98a9-c0075a43fde5", "node_type": "1", "metadata": {"document_title": "HOJA DE DATOS DE SEGURIDAD", "metadata_product": "EASY CLEAN TOALLAS DESINFECTANTES MULTIUSO AROMA LIM\u00d3N 1%", "metadata_description": "", "metadata_recommended_use": "Limpieza y desinfecci\u00f3n de superficies como ba\u00f1os, paredes, cocinas, pisos \u00e1reas comunes.", "metadata_section": "Seccion 9: Propiedades f\u00edsicas y qu\u00edmicas"}, "hash": "110d6edae8d9903acac1fccbfcd49efc56de9e686efdf701dcd739beeafca864", "class_name": "RelatedNodeInfo"}, "3": {"node_id": "bcd616b7-e518-4197-a298-cf9ba0a6eee6", "node_type": "1", "metadata": {"document_title": "HOJA DE DATOS DE SEGURIDAD", "metadata_product": "EASY CLEAN TOALLAS DESINFECTANTES MULTIUSO AROMA LIM\u00d3N 1%", "metadata_description": "", "metadata_recommended_use": "Limpieza y desinfecci\u00f3n de superficies como ba\u00f1os, paredes, cocinas, pisos \u00e1reas comunes.", "metadata_section": "Seccion 11: Informaci\u00f3n toxicol\u00f3gica"}, "hash": "47febe7649db04a02702f6094c759f3117a5e368615fc415341ed3d86e9823c8", "class_name": "RelatedNodeInfo"}}, "hash": "94e772f683b55920ebb2596d6c2e29e0927ea1d8e7280d030828fbb3a96ecaec", "text": "Estabilidad qu\u00edmica;Estable en condiciones normales de almacenamiento y uso. Reacciones peligrosas;En condiciones normales de uso y almacenamiento, no se conocen peligros de reacciones peligrosas. Condiciones que se deben evitar;No exponga a temperaturas extremas durante largos periodos de tiempo. Mantenga envase cerrado cuando no est\u00e9 en uso. Materiales incompatibles;Agentes oxidantes fuertes. \u00c1cidos Fuertes. Productos de descomposici\u00f3n peligrosos;Podr\u00eda incluir mon\u00f3xido de carbono, di\u00f3xido de carbono (CO2) y otros gases o vapores t\u00f3xicos.", "start_char_idx": null, "end_char_idx": null, "text_template": "{metadata_str}\n\n{content}", "metadata_template": "{key}: {value}", "metadata_seperator": "\n", "class_name": "TextNode"}, "__type__": "1"}, "bcd616b7-e518-4197-a298-cf9ba0a6eee6": {"__data__": {"id_": "bcd616b7-e518-4197-a298-cf9ba0a6eee6", "embedding": null, "metadata": {"document_title": "HOJA DE DATOS DE SEGURIDAD", "metadata_product": "EASY CLEAN TOALLAS DESINFECTANTES MULTIUSO AROMA LIM\u00d3N 1%", "metadata_description": "", "metadata_recommended_use": "Limpieza y desinfecci\u00f3n de superficies como ba\u00f1os, paredes, cocinas, pisos \u00e1reas comunes.", "metadata_section": "Seccion 11: Informaci\u00f3n toxicol\u00f3gica"}, "excluded_embed_metadata_keys": [], "excluded_llm_metadata_keys": [], "relationships": {"1": {"node_id": "8a17246b-e641-4530-87a2-d114a953aa44", "node_type": "4", "metadata": {"document_title": "HOJA DE DATOS DE SEGURIDAD", "metadata_product": "EASY CLEAN TOALLAS DESINFECTANTES MULTIUSO AROMA LIM\u00d3N 1%", "metadata_description": "", "metadata_recommended_use": "Limpieza y desinfecci\u00f3n de superficies como ba\u00f1os, paredes, cocinas, pisos \u00e1reas comunes.", "metadata_section": "Seccion 11: Informaci\u00f3n toxicol\u00f3gica"}, "hash": "47febe7649db04a02702f6094c759f3117a5e368615fc415341ed3d86e9823c8", "class_name": "RelatedNodeInfo"}, "2": {"node_id": "7a94538d-5cf1-4452-a4f9-d2fc7df69a31", "node_type": "1", "metadata": {"document_title": "HOJA DE DATOS DE SEGURIDAD", "metadata_product": "EASY CLEAN TOALLAS DESINFECTANTES MULTIUSO AROMA LIM\u00d3N 1%", "metadata_description": "", "metadata_recommended_use": "Limpieza y desinfecci\u00f3n de superficies como ba\u00f1os, paredes, cocinas, pisos \u00e1reas comunes.", "metadata_section": "Secci\u00f3n 10: Estabilidad y reactividad"}, "hash": "94e772f683b55920ebb2596d6c2e29e0927ea1d8e7280d030828fbb3a96ecaec", "class_name": "RelatedNodeInfo"}, "3": {"node_id": "e13b8395-9098-4ae4-913a-34c827831971", "node_type": "1", "metadata": {"document_title": "HOJA DE DATOS DE SEGURIDAD", "metadata_product": "EASY CLEAN TOALLAS DESINFECTANTES MULTIUSO AROMA LIM\u00d3N 1%", "metadata_description": "", "metadata_recommended_use": "Limpieza y desinfecci\u00f3n de superficies como ba\u00f1os, paredes, cocinas, pisos \u00e1reas comunes.", "metadata_section": "Seccion 12: Informaci\u00f3n ecol\u00f3gica"}, "hash": "784c7a541681a388e213ff5781ad1f6f1509fd4b453afac8cb03ab1677d2f8a3", "class_name": "RelatedNodeInfo"}}, "hash": "47febe7649db04a02702f6094c759f3117a5e368615fc415341ed3d86e9823c8", "text": "Toxicidad aguda (LD50 y LC50);Te\u00f3rica para mezcla LD50 Oral rata 20,000 mg/Kg.\nIrritaci\u00f3n/corrosi\u00f3n cut\u00e1nea;Dificilmente irritante, no obstante en pieles sensible podr\u00e1 causar irritaci\u00f3n.\nLesiones oculares graves/irritaci\u00f3n ocular;El uso inadecuado provoca irritaci\u00f3n a los ojos.\nSensibilizaci\u00f3n respiratoria o cut\u00e1nea;El uso indebido mediante la concentraci\u00f3n e inhalaci\u00f3n deliberada del contenido puede ser nocivo.\nMutagenicidad de c\u00e9lulas reproductoras/in vitro; -\nCarcinogenicidad;No se espera que el producto terminado sea carcin\u00f3geno.\nToxicidad reproductiva;No hay datos disponibles.\nToxicidad espec\u00edfica en \u00f3rganos particulares - exposiciones repetidas; -\nPeligro de inhalaci\u00f3n : El uso indebido intencional mediante la concentraci\u00f3n e inhalaci\u00f3n deliberada del contenido puede ser nocivo.\nToxicocin\u00e9tica : No hay datos disponibles.\nMetabolismo Distribuci\u00f3n : No hay datos disponibles.\nPatogenicidad e infecciosidad aguda (oral, d\u00e9rmica e inhalatoria)\nDisrupci\u00f3n endocrina : No hay datos disponibles.\nNeurotoxicidad : No hay datos disponibles.\nInmunotoxicidad : No hay datos disponibles.\n\u201cSintomas relacionados\u201d", "start_char_idx": null, "end_char_idx": null, "text_template": "{metadata_str}\n\n{content}", "metadata_template": "{key}: {value}", "metadata_seperator": "\n", "class_name": "TextNode"}, "__type__": "1"}, "e13b8395-9098-4ae4-913a-34c827831971": {"__data__": {"id_": "e13b8395-9098-4ae4-913a-34c827831971", "embedding": null, "metadata": {"document_title": "HOJA DE DATOS DE SEGURIDAD", "metadata_product": "EASY CLEAN TOALLAS DESINFECTANTES MULTIUSO AROMA LIM\u00d3N 1%", "metadata_description": "", "metadata_recommended_use": "Limpieza y desinfecci\u00f3n de superficies como ba\u00f1os, paredes, cocinas, pisos \u00e1reas comunes.", "metadata_section": "Seccion 12: Informaci\u00f3n ecol\u00f3gica"}, "excluded_embed_metadata_keys": [], "excluded_llm_metadata_keys": [], "relationships": {"1": {"node_id": "806f8938-01c3-4daf-a80b-0169dd73e6e0", "node_type": "4", "metadata": {"document_title": "HOJA DE DATOS DE SEGURIDAD", "metadata_product": "EASY CLEAN TOALLAS DESINFECTANTES MULTIUSO AROMA LIM\u00d3N 1%", "metadata_description": "", "metadata_recommended_use": "Limpieza y desinfecci\u00f3n de superficies como ba\u00f1os, paredes, cocinas, pisos \u00e1reas comunes.", "metadata_section": "Seccion 12: Informaci\u00f3n ecol\u00f3gica"}, "hash": "784c7a541681a388e213ff5781ad1f6f1509fd4b453afac8cb03ab1677d2f8a3", "class_name": "RelatedNodeInfo"}, "2": {"node_id": "bcd616b7-e518-4197-a298-cf9ba0a6eee6", "node_type": "1", "metadata": {"document_title": "HOJA DE DATOS DE SEGURIDAD", "metadata_product": "EASY CLEAN TOALLAS DESINFECTANTES MULTIUSO AROMA LIM\u00d3N 1%", "metadata_description": "", "metadata_recommended_use": "Limpieza y desinfecci\u00f3n de superficies como ba\u00f1os, paredes, cocinas, pisos \u00e1reas comunes.", "metadata_section": "Seccion 11: Informaci\u00f3n toxicol\u00f3gica"}, "hash": "47febe7649db04a02702f6094c759f3117a5e368615fc415341ed3d86e9823c8", "class_name": "RelatedNodeInfo"}, "3": {"node_id": "9cb9200e-e23e-4540-8259-de3bbfe068fb", "node_type": "1", "metadata": {"document_title": "HOJA DE DATOS DE SEGURIDAD", "metadata_product": "EASY CLEAN TOALLAS DESINFECTANTES MULTIUSO AROMA LIM\u00d3N 1%", "metadata_description": "", "metadata_recommended_use": "Limpieza y desinfecci\u00f3n de superficies como ba\u00f1os, paredes, cocinas, pisos \u00e1reas comunes.", "metadata_section": "Seccion 13: Informaci\u00f3n sobre la disposici\u00f3n final"}, "hash": "afedd09590ee881a545d42e9f3beff882f7b78d30a26aff61d4ca81f8e2a9f56", "class_name": "RelatedNodeInfo"}}, "hash": "784c7a541681a388e213ff5781ad1f6f1509fd4b453afac8cb03ab1677d2f8a3", "text": "Ecotoxicidad (EC, IC y LC);No se espera que este producto sea peligroso para el medio ambiente en concentraciones normales de uso. Ante grandes derrames el producto puede ser nocivo para organismos acu\u00e1ticos.;Persistencia y degradabilidad;No hay informaci\u00f3n disponible.;Potencial bioacumulativo;No hay informaci\u00f3n disponible.;Movilidad en suelo;Puede producir contaminaci\u00f3n del suelo y riesgo de contaminaci\u00f3n fre\u00e1tica.", "start_char_idx": null, "end_char_idx": null, "text_template": "{metadata_str}\n\n{content}", "metadata_template": "{key}: {value}", "metadata_seperator": "\n", "class_name": "TextNode"}, "__type__": "1"}, "9cb9200e-e23e-4540-8259-de3bbfe068fb": {"__data__": {"id_": "9cb9200e-e23e-4540-8259-de3bbfe068fb", "embedding": null, "metadata": {"document_title": "HOJA DE DATOS DE SEGURIDAD", "metadata_product": "EASY CLEAN TOALLAS DESINFECTANTES MULTIUSO AROMA LIM\u00d3N 1%", "metadata_description": "", "metadata_recommended_use": "Limpieza y desinfecci\u00f3n de superficies como ba\u00f1os, paredes, cocinas, pisos \u00e1reas comunes.", "metadata_section": "Seccion 13: Informaci\u00f3n sobre la disposici\u00f3n final"}, "excluded_embed_metadata_keys": [], "excluded_llm_metadata_keys": [], "relationships": {"1": {"node_id": "444a682c-9ffd-4f6a-9ae1-ab6f5b1e2194", "node_type": "4", "metadata": {"document_title": "HOJA DE DATOS DE SEGURIDAD", "metadata_product": "EASY CLEAN TOALLAS DESINFECTANTES MULTIUSO AROMA LIM\u00d3N 1%", "metadata_description": "", "metadata_recommended_use": "Limpieza y desinfecci\u00f3n de superficies como ba\u00f1os, paredes, cocinas, pisos \u00e1reas comunes.", "metadata_section": "Seccion 13: Informaci\u00f3n sobre la disposici\u00f3n final"}, "hash": "afedd09590ee881a545d42e9f3beff882f7b78d30a26aff61d4ca81f8e2a9f56", "class_name": "RelatedNodeInfo"}, "2": {"node_id": "e13b8395-9098-4ae4-913a-34c827831971", "node_type": "1", "metadata": {"document_title": "HOJA DE DATOS DE SEGURIDAD", "metadata_product": "EASY CLEAN TOALLAS DESINFECTANTES MULTIUSO AROMA LIM\u00d3N 1%", "metadata_description": "", "metadata_recommended_use": "Limpieza y desinfecci\u00f3n de superficies como ba\u00f1os, paredes, cocinas, pisos \u00e1reas comunes.", "metadata_section": "Seccion 12: Informaci\u00f3n ecol\u00f3gica"}, "hash": "784c7a541681a388e213ff5781ad1f6f1509fd4b453afac8cb03ab1677d2f8a3", "class_name": "RelatedNodeInfo"}, "3": {"node_id": "0731a43d-0d8a-42b0-94e5-6dc6df2f2260", "node_type": "1", "metadata": {"document_title": "HOJA DE DATOS DE SEGURIDAD", "metadata_product": "EASY CLEAN TOALLAS DESINFECTANTES MULTIUSO AROMA LIM\u00d3N 1%", "metadata_description": "", "metadata_recommended_use": "Limpieza y desinfecci\u00f3n de superficies como ba\u00f1os, paredes, cocinas, pisos \u00e1reas comunes.", "metadata_section": "Seccion 14: Informaci\u00f3n sobre el transporte"}, "hash": "05d69cd92c477295c50a0d877f1227d07fe1b16d49f2c970466d09be7ba45f91", "class_name": "RelatedNodeInfo"}}, "hash": "afedd09590ee881a545d42e9f3beff882f7b78d30a26aff61d4ca81f8e2a9f56", "text": "Residuos;El producto es una sustancia no peligrosa, ante grandes derrames de producto disponer seg\u00fan legislaci\u00f3n local.;Envase y embalaje contaminados;Eliminar los recipientes de acuerdo con la regulaci\u00f3n local.;Material contaminado;El material podr\u00eda convertirse en un residuo peligroso si se mezcla con otro residuo peligroso o si de otro modo entra en contacto con \u00e9l, si se realizan adiciones qu\u00edmicas a este material o si el material se procesa o altera de otro modo, para determinar si el material alterado es un residuo peligroso. Consulte DS.148 vigente.", "start_char_idx": null, "end_char_idx": null, "text_template": "{metadata_str}\n\n{content}", "metadata_template": "{key}: {value}", "metadata_seperator": "\n", "class_name": "TextNode"}, "__type__": "1"}, "0731a43d-0d8a-42b0-94e5-6dc6df2f2260": {"__data__": {"id_": "0731a43d-0d8a-42b0-94e5-6dc6df2f2260", "embedding": null, "metadata": {"document_title": "HOJA DE DATOS DE SEGURIDAD", "metadata_product": "EASY CLEAN TOALLAS DESINFECTANTES MULTIUSO AROMA LIM\u00d3N 1%", "metadata_description": "", "metadata_recommended_use": "Limpieza y desinfecci\u00f3n de superficies como ba\u00f1os, paredes, cocinas, pisos \u00e1reas comunes.", "metadata_section": "Seccion 14: Informaci\u00f3n sobre el transporte"}, "excluded_embed_metadata_keys": [], "excluded_llm_metadata_keys": [], "relationships": {"1": {"node_id": "79843794-1d91-46cd-9c63-e899eda69770", "node_type": "4", "metadata": {"document_title": "HOJA DE DATOS DE SEGURIDAD", "metadata_product": "EASY CLEAN TOALLAS DESINFECTANTES MULTIUSO AROMA LIM\u00d3N 1%", "metadata_description": "", "metadata_recommended_use": "Limpieza y desinfecci\u00f3n de superficies como ba\u00f1os, paredes, cocinas, pisos \u00e1reas comunes.", "metadata_section": "Seccion 14: Informaci\u00f3n sobre el transporte"}, "hash": "05d69cd92c477295c50a0d877f1227d07fe1b16d49f2c970466d09be7ba45f91", "class_name": "RelatedNodeInfo"}, "2": {"node_id": "9cb9200e-e23e-4540-8259-de3bbfe068fb", "node_type": "1", "metadata": {"document_title": "HOJA DE DATOS DE SEGURIDAD", "metadata_product": "EASY CLEAN TOALLAS DESINFECTANTES MULTIUSO AROMA LIM\u00d3N 1%", "metadata_description": "", "metadata_recommended_use": "Limpieza y desinfecci\u00f3n de superficies como ba\u00f1os, paredes, cocinas, pisos \u00e1reas comunes.", "metadata_section": "Seccion 13: Informaci\u00f3n sobre la disposici\u00f3n final"}, "hash": "afedd09590ee881a545d42e9f3beff882f7b78d30a26aff61d4ca81f8e2a9f56", "class_name": "RelatedNodeInfo"}, "3": {"node_id": "37f815d5-5ea5-4125-afe8-adfe27445a45", "node_type": "1", "metadata": {"document_title": "HOJA DE DATOS DE SEGURIDAD", "metadata_product": "EASY CLEAN TOALLAS DESINFECTANTES MULTIUSO AROMA LIM\u00d3N 1%", "metadata_description": "", "metadata_recommended_use": "Limpieza y desinfecci\u00f3n de superficies como ba\u00f1os, paredes, cocinas, pisos \u00e1reas comunes.", "metadata_section": "Seccion 15: Informaci\u00f3n reglamentaria"}, "hash": "ddb7b0f142ff8255b9f6bd58559015a45bb946aa0bfa16661f7351d93486bcd1", "class_name": "RelatedNodeInfo"}}, "hash": "05d69cd92c477295c50a0d877f1227d07fe1b16d49f2c970466d09be7ba45f91", "text": "Modalidad de transporte;Terrestre;Mar\u00edtima;A\u00e9rea\nRegulaciones;ADR;IMO/IMDG;IATA\nN\u00famero NU;No aplicable;No aplicable;No aplicable\nDesignaci\u00f3n oficial de transporte;Producto no peligroso;Producto no peligroso;Producto no peligroso\nClasificaci\u00f3n de peligro primario NU;Producto no peligroso;Producto no peligroso;Producto no peligroso\nClasificaci\u00f3n de peligro secundario NU;---;---;---\nGrupo de embalaje/envase;---;---;---\nPeligros ambientales;Producto puede ser nocivo para ambiente acu\u00e1tico.;;\nPrecauciones especiales;------;;;;", "start_char_idx": null, "end_char_idx": null, "text_template": "{metadata_str}\n\n{content}", "metadata_template": "{key}: {value}", "metadata_seperator": "\n", "class_name": "TextNode"}, "__type__": "1"}, "37f815d5-5ea5-4125-afe8-adfe27445a45": {"__data__": {"id_": "37f815d5-5ea5-4125-afe8-adfe27445a45", "embedding": null, "metadata": {"document_title": "HOJA DE DATOS DE SEGURIDAD", "metadata_product": "EASY CLEAN TOALLAS DESINFECTANTES MULTIUSO AROMA LIM\u00d3N 1%", "metadata_description": "", "metadata_recommended_use": "Limpieza y desinfecci\u00f3n de superficies como ba\u00f1os, paredes, cocinas, pisos \u00e1reas comunes.", "metadata_section": "Seccion 15: Informaci\u00f3n reglamentaria"}, "excluded_embed_metadata_keys": [], "excluded_llm_metadata_keys": [], "relationships": {"1": {"node_id": "60913ed7-5911-486d-b565-c9fb5fd5f791", "node_type": "4", "metadata": {"document_title": "HOJA DE DATOS DE SEGURIDAD", "metadata_product": "EASY CLEAN TOALLAS DESINFECTANTES MULTIUSO AROMA LIM\u00d3N 1%", "metadata_description": "", "metadata_recommended_use": "Limpieza y desinfecci\u00f3n de superficies como ba\u00f1os, paredes, cocinas, pisos \u00e1reas comunes.", "metadata_section": "Seccion 15: Informaci\u00f3n reglamentaria"}, "hash": "ddb7b0f142ff8255b9f6bd58559015a45bb946aa0bfa16661f7351d93486bcd1", "class_name": "RelatedNodeInfo"}, "2": {"node_id": "0731a43d-0d8a-42b0-94e5-6dc6df2f2260", "node_type": "1", "metadata": {"document_title": "HOJA DE DATOS DE SEGURIDAD", "metadata_product": "EASY CLEAN TOALLAS DESINFECTANTES MULTIUSO AROMA LIM\u00d3N 1%", "metadata_description": "", "metadata_recommended_use": "Limpieza y desinfecci\u00f3n de superficies como ba\u00f1os, paredes, cocinas, pisos \u00e1reas comunes.", "metadata_section": "Seccion 14: Informaci\u00f3n sobre el transporte"}, "hash": "05d69cd92c477295c50a0d877f1227d07fe1b16d49f2c970466d09be7ba45f91", "class_name": "RelatedNodeInfo"}, "3": {"node_id": "e0e5855e-a1ca-4c63-860c-bb07f5aa3252", "node_type": "1", "metadata": {"document_title": "HOJA DE DATOS DE SEGURIDAD", "metadata_product": "EASY CLEAN TOALLAS DESINFECTANTES MULTIUSO AROMA LIM\u00d3N 1%", "metadata_description": "", "metadata_recommended_use": "Limpieza y desinfecci\u00f3n de superficies como ba\u00f1os, paredes, cocinas, pisos \u00e1reas comunes.", "metadata_section": "Seccion 16: Otras informaciones"}, "hash": "7e90d58a0053c9a43b8050d564afe78df04db6445f1aa7fa507a431f7aa8ade9", "class_name": "RelatedNodeInfo"}}, "hash": "ddb7b0f142ff8255b9f6bd58559015a45bb946aa0bfa16661f7351d93486bcd1", "text": "Regulaciones nacionales;NCH 382;.;NCh 2190;.;D.S. N\u00b0 594 NCH 1411/4 D.S. N\u00b043, D148. Regulaciones internacionales;Sistema Globalmente Armonizado de clasificaci\u00f3n y etiquetado de productos qu\u00edmicos (SGA);;;", "start_char_idx": null, "end_char_idx": null, "text_template": "{metadata_str}\n\n{content}", "metadata_template": "{key}: {value}", "metadata_seperator": "\n", "class_name": "TextNode"}, "__type__": "1"}, "e0e5855e-a1ca-4c63-860c-bb07f5aa3252": {"__data__": {"id_": "e0e5855e-a1ca-4c63-860c-bb07f5aa3252", "embedding": null, "metadata": {"document_title": "HOJA DE DATOS DE SEGURIDAD", "metadata_product": "EASY CLEAN TOALLAS DESINFECTANTES MULTIUSO AROMA LIM\u00d3N 1%", "metadata_description": "", "metadata_recommended_use": "Limpieza y desinfecci\u00f3n de superficies como ba\u00f1os, paredes, cocinas, pisos \u00e1reas comunes.", "metadata_section": "Seccion 16: Otras informaciones"}, "excluded_embed_metadata_keys": [], "excluded_llm_metadata_keys": [], "relationships": {"1": {"node_id": "5cb9caf3-3344-4dd5-ab33-3976d41d9da4", "node_type": "4", "metadata": {"document_title": "HOJA DE DATOS DE SEGURIDAD", "metadata_product": "EASY CLEAN TOALLAS DESINFECTANTES MULTIUSO AROMA LIM\u00d3N 1%", "metadata_description": "", "metadata_recommended_use": "Limpieza y desinfecci\u00f3n de superficies como ba\u00f1os, paredes, cocinas, pisos \u00e1reas comunes.", "metadata_section": "Seccion 16: Otras informaciones"}, "hash": "7e90d58a0053c9a43b8050d564afe78df04db6445f1aa7fa507a431f7aa8ade9", "class_name": "RelatedNodeInfo"}, "2": {"node_id": "37f815d5-5ea5-4125-afe8-adfe27445a45", "node_type": "1", "metadata": {"document_title": "HOJA DE DATOS DE SEGURIDAD", "metadata_product": "EASY CLEAN TOALLAS DESINFECTANTES MULTIUSO AROMA LIM\u00d3N 1%", "metadata_description": "", "metadata_recommended_use": "Limpieza y desinfecci\u00f3n de superficies como ba\u00f1os, paredes, cocinas, pisos \u00e1reas comunes.", "metadata_section": "Seccion 15: Informaci\u00f3n reglamentaria"}, "hash": "ddb7b0f142ff8255b9f6bd58559015a45bb946aa0bfa16661f7351d93486bcd1", "class_name": "RelatedNodeInfo"}}, "hash": "7e90d58a0053c9a43b8050d564afe78df04db6445f1aa7fa507a431f7aa8ade9", "text": "INFORMACI\u00d3N ADICIONAL; La informaci\u00f3n suministrada en la Ficha de Datos de Seguridad est\u00e1 dise\u00f1ada \u00fanicamente como gu\u00eda para el uso seguro, almacenamiento y manipulaci\u00f3n del producto. Esta informaci\u00f3n es correcta a nuestro leal saber y entender en la fecha de publicaci\u00f3n, sin embargo, no se garantiza su exactitud. La informaci\u00f3n se refiere \u00fanicamente al material espec\u00edfico designado y puede no ser v\u00e1lida para dicho material utilizado en combinaci\u00f3n con cualquier otro material o en cualquier otro proceso. Emisda Por ;Area T\u00e9cnica Virtuex Ilko S.A.", "start_char_idx": null, "end_char_idx": null, "text_template": "{metadata_str}\n\n{content}", "metadata_template": "{key}: {value}", "metadata_seperator": "\n", "class_name": "TextNode"}, "__type__": "1"}}, "docstore/ref_doc_info": {"7c5e1f70-7bb3-4d96-b248-9c91ebb07697": {"node_ids": ["05739bd3-f333-49fd-bab2-af42e9cafaf3"], "metadata": {"document_title": "HOJA DE DATOS DE SEGURIDAD", "metadata_product": "EASY CLEAN TOALLAS DESINFECTANTES MULTIUSO AROMA LIM\u00d3N 1%", "metadata_description": "", "metadata_recommended_use": "Limpieza y desinfecci\u00f3n de superficies como ba\u00f1os, paredes, cocinas, pisos \u00e1reas comunes.", "metadata_section": "Seccion 1: Identificaci\u00f3n del producto qu\u00edmico y de la empresa"}}, "599efb34-7a78-4dee-a453-2af1abe6a44d": {"node_ids": ["56fd84ec-04f9-4e53-82d9-7affd49917d2"], "metadata": {"document_title": "HOJA DE DATOS DE SEGURIDAD", "metadata_product": "EASY CLEAN TOALLAS DESINFECTANTES MULTIUSO AROMA LIM\u00d3N 1%", "metadata_description": "", "metadata_recommended_use": "Limpieza y desinfecci\u00f3n de superficies como ba\u00f1os, paredes, cocinas, pisos \u00e1reas comunes.", "metadata_section": "Seccion 2: Identificaci\u00f3n de los peligros"}}, "c06473f9-1b5c-43f5-bac8-15620661f8aa": {"node_ids": ["d464adc3-ee1c-42b3-bb6c-5265de9a7d64"], "metadata": {"document_title": "HOJA DE DATOS DE SEGURIDAD", "metadata_product": "EASY CLEAN TOALLAS DESINFECTANTES MULTIUSO AROMA LIM\u00d3N 1%", "metadata_description": "", "metadata_recommended_use": "Limpieza y desinfecci\u00f3n de superficies como ba\u00f1os, paredes, cocinas, pisos \u00e1reas comunes.", "metadata_section": "Seccion 3: Informaci\u00f3n componentes de la mezcla"}}, "1d8bd761-9428-4e24-af90-6384e7f751aa": {"node_ids": ["df71053e-f8bc-4528-8c5c-0adf9d1f62bd"], "metadata": {"document_title": "HOJA DE DATOS DE SEGURIDAD", "metadata_product": "EASY CLEAN TOALLAS DESINFECTANTES MULTIUSO AROMA LIM\u00d3N 1%", "metadata_description": "", "metadata_recommended_use": "Limpieza y desinfecci\u00f3n de superficies como ba\u00f1os, paredes, cocinas, pisos \u00e1reas comunes.", "metadata_section": "Seccion 4: Primeros auxilios"}}, "24241c14-64c0-4aba-8cc1-a035ccb798b3": {"node_ids": ["76cecfc1-9956-47ee-93bb-8a43c0d4a43c"], "metadata": {"document_title": "HOJA DE DATOS DE SEGURIDAD", "metadata_product": "EASY CLEAN TOALLAS DESINFECTANTES MULTIUSO AROMA LIM\u00d3N 1%", "metadata_description": "", "metadata_recommended_use": "Limpieza y desinfecci\u00f3n de superficies como ba\u00f1os, paredes, cocinas, pisos \u00e1reas comunes.", "metadata_section": "Seccion 5: Medidas para lucha contra incendios"}}, "2289422c-63fa-47d3-be1a-942bb273bc7b": {"node_ids": ["341f7366-9e68-41c8-95ac-2ba3272ad235"], "metadata": {"document_title": "HOJA DE DATOS DE SEGURIDAD", "metadata_product": "EASY CLEAN TOALLAS DESINFECTANTES MULTIUSO AROMA LIM\u00d3N 1%", "metadata_description": "", "metadata_recommended_use": "Limpieza y desinfecci\u00f3n de superficies como ba\u00f1os, paredes, cocinas, pisos \u00e1reas comunes.", "metadata_section": "Seccion 6: Medidas que se deben tomar en caso de derrame accidental"}}, "46f7e5b1-ec06-48a7-8bcb-e63b23bf7d60": {"node_ids": ["a6305824-360b-4524-b768-3dee5843bafc"], "metadata": {"document_title": "HOJA DE DATOS DE SEGURIDAD", "metadata_product": "EASY CLEAN TOALLAS DESINFECTANTES MULTIUSO AROMA LIM\u00d3N 1%", "metadata_description": "", "metadata_recommended_use": "Limpieza y desinfecci\u00f3n de superficies como ba\u00f1os, paredes, cocinas, pisos \u00e1reas comunes.", "metadata_section": "Seccion 7: Manipulaci\u00f3n y almacenamiento"}}, "1f687cb2-2a89-460a-9eb5-55465eaa8895": {"node_ids": ["db6b5566-6dbe-47d8-9d87-119ee5740679"], "metadata": {"document_title": "HOJA DE DATOS DE SEGURIDAD", "metadata_product": "EASY CLEAN TOALLAS DESINFECTANTES MULTIUSO AROMA LIM\u00d3N 1%", "metadata_description": "", "metadata_recommended_use": "Limpieza y desinfecci\u00f3n de superficies como ba\u00f1os, paredes, cocinas, pisos \u00e1reas comunes.", "metadata_section": "Seccion 8: Controles de exposici\u00f3n/protecci\u00f3n personal"}}, "705a38e7-2b75-4e0d-b85e-0ddedcc27eec": {"node_ids": ["bccadd55-f9c1-48aa-98a9-c0075a43fde5"], "metadata": {"document_title": "HOJA DE DATOS DE SEGURIDAD", "metadata_product": "EASY CLEAN TOALLAS DESINFECTANTES MULTIUSO AROMA LIM\u00d3N 1%", "metadata_description": "", "metadata_recommended_use": "Limpieza y desinfecci\u00f3n de superficies como ba\u00f1os, paredes, cocinas, pisos \u00e1reas comunes.", "metadata_section": "Seccion 9: Propiedades f\u00edsicas y qu\u00edmicas"}}, "8b64cc2a-2e2c-4446-874e-17e748e6c24b": {"node_ids": ["7a94538d-5cf1-4452-a4f9-d2fc7df69a31"], "metadata": {"document_title": "HOJA DE DATOS DE SEGURIDAD", "metadata_product": "EASY CLEAN TOALLAS DESINFECTANTES MULTIUSO AROMA LIM\u00d3N 1%", "metadata_description": "", "metadata_recommended_use": "Limpieza y desinfecci\u00f3n de superficies como ba\u00f1os, paredes, cocinas, pisos \u00e1reas comunes.", "metadata_section": "Secci\u00f3n 10: Estabilidad y reactividad"}}, "8a17246b-e641-4530-87a2-d114a953aa44": {"node_ids": ["bcd616b7-e518-4197-a298-cf9ba0a6eee6"], "metadata": {"document_title": "HOJA DE DATOS DE SEGURIDAD", "metadata_product": "EASY CLEAN TOALLAS DESINFECTANTES MULTIUSO AROMA LIM\u00d3N 1%", "metadata_description": "", "metadata_recommended_use": "Limpieza y desinfecci\u00f3n de superficies como ba\u00f1os, paredes, cocinas, pisos \u00e1reas comunes.", "metadata_section": "Seccion 11: Informaci\u00f3n toxicol\u00f3gica"}}, "806f8938-01c3-4daf-a80b-0169dd73e6e0": {"node_ids": ["e13b8395-9098-4ae4-913a-34c827831971"], "metadata": {"document_title": "HOJA DE DATOS DE SEGURIDAD", "metadata_product": "EASY CLEAN TOALLAS DESINFECTANTES MULTIUSO AROMA LIM\u00d3N 1%", "metadata_description": "", "metadata_recommended_use": "Limpieza y desinfecci\u00f3n de superficies como ba\u00f1os, paredes, cocinas, pisos \u00e1reas comunes.", "metadata_section": "Seccion 12: Informaci\u00f3n ecol\u00f3gica"}}, "444a682c-9ffd-4f6a-9ae1-ab6f5b1e2194": {"node_ids": ["9cb9200e-e23e-4540-8259-de3bbfe068fb"], "metadata": {"document_title": "HOJA DE DATOS DE SEGURIDAD", "metadata_product": "EASY CLEAN TOALLAS DESINFECTANTES MULTIUSO AROMA LIM\u00d3N 1%", "metadata_description": "", "metadata_recommended_use": "Limpieza y desinfecci\u00f3n de superficies como ba\u00f1os, paredes, cocinas, pisos \u00e1reas comunes.", "metadata_section": "Seccion 13: Informaci\u00f3n sobre la disposici\u00f3n final"}}, "79843794-1d91-46cd-9c63-e899eda69770": {"node_ids": ["0731a43d-0d8a-42b0-94e5-6dc6df2f2260"], "metadata": {"document_title": "HOJA DE DATOS DE SEGURIDAD", "metadata_product": "EASY CLEAN TOALLAS DESINFECTANTES MULTIUSO AROMA LIM\u00d3N 1%", "metadata_description": "", "metadata_recommended_use": "Limpieza y desinfecci\u00f3n de superficies como ba\u00f1os, paredes, cocinas, pisos \u00e1reas comunes.", "metadata_section": "Seccion 14: Informaci\u00f3n sobre el transporte"}}, "60913ed7-5911-486d-b565-c9fb5fd5f791": {"node_ids": ["37f815d5-5ea5-4125-afe8-adfe27445a45"], "metadata": {"document_title": "HOJA DE DATOS DE SEGURIDAD", "metadata_product": "EASY CLEAN TOALLAS DESINFECTANTES MULTIUSO AROMA LIM\u00d3N 1%", "metadata_description": "", "metadata_recommended_use": "Limpieza y desinfecci\u00f3n de superficies como ba\u00f1os, paredes, cocinas, pisos \u00e1reas comunes.", "metadata_section": "Seccion 15: Informaci\u00f3n reglamentaria"}}, "5cb9caf3-3344-4dd5-ab33-3976d41d9da4": {"node_ids": ["e0e5855e-a1ca-4c63-860c-bb07f5aa3252"], "metadata": {"document_title": "HOJA DE DATOS DE SEGURIDAD", "metadata_product": "EASY CLEAN TOALLAS DESINFECTANTES MULTIUSO AROMA LIM\u00d3N 1%", "metadata_description": "", "metadata_recommended_use": "Limpieza y desinfecci\u00f3n de superficies como ba\u00f1os, paredes, cocinas, pisos \u00e1reas comunes.", "metadata_section": "Seccion 16: Otras informaciones"}}}, "docstore/metadata": {"05739bd3-f333-49fd-bab2-af42e9cafaf3": {"doc_hash": "e26c48d003efd9a636b691c7647aeb48e95b0517d11f2bed73a7fd08ee6e9951", "ref_doc_id": "7c5e1f70-7bb3-4d96-b248-9c91ebb07697"}, "56fd84ec-04f9-4e53-82d9-7affd49917d2": {"doc_hash": "653587c6411f3d981949bcfdcc90f6a8f5fc48f9f9180637416c2690ce8e787f", "ref_doc_id": "599efb34-7a78-4dee-a453-2af1abe6a44d"}, "d464adc3-ee1c-42b3-bb6c-5265de9a7d64": {"doc_hash": "9b8a3df5421246b87ededb6dca5a01ede0d9e2aecc9ae56ae6e152b055a55eeb", "ref_doc_id": "c06473f9-1b5c-43f5-bac8-15620661f8aa"}, "df71053e-f8bc-4528-8c5c-0adf9d1f62bd": {"doc_hash": "5cae728c9292bed4d692b97c06edc5b398b1f67c7de76d3069b7cc0023d90e3d", "ref_doc_id": "1d8bd761-9428-4e24-af90-6384e7f751aa"}, "76cecfc1-9956-47ee-93bb-8a43c0d4a43c": {"doc_hash": "5e2f145194437d54f11cffabe216be7ffcb263e0afcda228bf847378c484f2cb", "ref_doc_id": "24241c14-64c0-4aba-8cc1-a035ccb798b3"}, "341f7366-9e68-41c8-95ac-2ba3272ad235": {"doc_hash": "f1a7873b5b69c1ff2632f3313a6c55070c4650792f970fa843a1aafacd1b125c", "ref_doc_id": "2289422c-63fa-47d3-be1a-942bb273bc7b"}, "a6305824-360b-4524-b768-3dee5843bafc": {"doc_hash": "e5a53ce02ed933b63639ac8dbce40e1b7cc394012fc6c398f49e8b32cd95f741", "ref_doc_id": "46f7e5b1-ec06-48a7-8bcb-e63b23bf7d60"}, "db6b5566-6dbe-47d8-9d87-119ee5740679": {"doc_hash": "eea5f68ebf2c121f84c2d8b4bf78e4cbfce306c12a76a68edfe3163f5da83eee", "ref_doc_id": "1f687cb2-2a89-460a-9eb5-55465eaa8895"}, "bccadd55-f9c1-48aa-98a9-c0075a43fde5": {"doc_hash": "110d6edae8d9903acac1fccbfcd49efc56de9e686efdf701dcd739beeafca864", "ref_doc_id": "705a38e7-2b75-4e0d-b85e-0ddedcc27eec"}, "7a94538d-5cf1-4452-a4f9-d2fc7df69a31": {"doc_hash": "94e772f683b55920ebb2596d6c2e29e0927ea1d8e7280d030828fbb3a96ecaec", "ref_doc_id": "8b64cc2a-2e2c-4446-874e-17e748e6c24b"}, "bcd616b7-e518-4197-a298-cf9ba0a6eee6": {"doc_hash": "47febe7649db04a02702f6094c759f3117a5e368615fc415341ed3d86e9823c8", "ref_doc_id": "8a17246b-e641-4530-87a2-d114a953aa44"}, "e13b8395-9098-4ae4-913a-34c827831971": {"doc_hash": "784c7a541681a388e213ff5781ad1f6f1509fd4b453afac8cb03ab1677d2f8a3", "ref_doc_id": "806f8938-01c3-4daf-a80b-0169dd73e6e0"}, "9cb9200e-e23e-4540-8259-de3bbfe068fb": {"doc_hash": "afedd09590ee881a545d42e9f3beff882f7b78d30a26aff61d4ca81f8e2a9f56", "ref_doc_id": "444a682c-9ffd-4f6a-9ae1-ab6f5b1e2194"}, "0731a43d-0d8a-42b0-94e5-6dc6df2f2260": {"doc_hash": "05d69cd92c477295c50a0d877f1227d07fe1b16d49f2c970466d09be7ba45f91", "ref_doc_id": "79843794-1d91-46cd-9c63-e899eda69770"}, "37f815d5-5ea5-4125-afe8-adfe27445a45": {"doc_hash": "ddb7b0f142ff8255b9f6bd58559015a45bb946aa0bfa16661f7351d93486bcd1", "ref_doc_id": "60913ed7-5911-486d-b565-c9fb5fd5f791"}, "e0e5855e-a1ca-4c63-860c-bb07f5aa3252": {"doc_hash": "7e90d58a0053c9a43b8050d564afe78df04db6445f1aa7fa507a431f7aa8ade9", "ref_doc_id": "5cb9caf3-3344-4dd5-ab33-3976d41d9da4"}}}